price,bedrooms,bathrooms,sqft_living,sqft_lot,floors,waterfront,view,condition,yr_built,yr_renovated,city
313000.0,3.0,1.5,1340,7912,1.5,0,0,3,1955,2005,Shoreline
2384000.0,5.0,2.5,3650,9050,2.0,0,4,5,1921,0,Seattle
342000.0,3.0,2.0,1930,11947,1.0,0,0,4,1966,0,Kent
420000.0,3.0,2.25,2000,8030,1.0,0,0,4,1963,0,Bellevue
550000.0,4.0,2.5,1940,10500,1.0,0,0,4,1976,1992,Redmond
490000.0,2.0,1.0,880,6380,1.0,0,0,3,1938,1994,Seattle
335000.0,2.0,2.0,1350,2560,1.0,0,0,3,1976,0,Redmond
482000.0,4.0,2.5,2710,35868,2.0,0,0,3,1989,0,Maple Valley
452500.0,3.0,2.5,2430,88426,1.0,0,0,4,1985,0,North Bend
640000.0,4.0,2.0,1520,6200,1.5,0,0,3,1945,2010,Seattle
463000.0,3.0,1.75,1710,7320,1.0,0,0,3,1948,1994,Lake Forest Park
1400000.0,4.0,2.5,2920,4000,1.5,0,0,5,1909,1988,Seattle
588500.0,3.0,1.75,2330,14892,1.0,0,0,3,1980,0,Sammamish
365000.0,3.0,1.0,1090,6435,1.0,0,0,4,1955,2009,Seattle
1200000.0,5.0,2.75,2910,9480,1.5,0,0,3,1939,1969,Seattle
242500.0,3.0,1.5,1200,9720,1.0,0,0,4,1965,0,Kent
419000.0,3.0,1.5,1570,6700,1.0,0,0,4,1956,0,Bellevue
367500.0,4.0,3.0,3110,7231,2.0,0,0,3,1997,0,Auburn
257950.0,3.0,1.75,1370,5858,1.0,0,0,3,1987,2000,Des Moines
275000.0,3.0,1.5,1180,10277,1.0,0,0,3,1983,2009,North Bend
750000.0,3.0,1.75,2240,10578,2.0,0,0,5,1923,0,Seattle
435000.0,4.0,1.0,1450,8800,1.0,0,0,4,1954,1979,Bellevue
626000.0,3.0,2.25,1750,1572,2.5,0,0,3,2005,0,Seattle
612500.0,4.0,2.5,2730,12261,2.0,0,0,3,1991,0,Bothell
495000.0,4.0,1.75,1600,6380,1.0,0,0,3,1959,1989,Seattle
285000.0,3.0,2.5,2090,10834,1.0,0,0,4,1987,0,Federal Way
615000.0,3.0,1.75,2360,7291,1.0,0,0,4,1948,0,Seattle
698000.0,4.0,2.25,2200,11250,1.5,0,0,5,1920,0,Kirkland
675000.0,5.0,2.5,2820,67518,2.0,0,0,3,1979,2014,Issaquah
790000.0,3.0,2.5,2600,4750,1.0,0,0,4,1951,1999,Seattle
382500.0,4.0,1.75,1560,8700,1.0,0,0,4,1967,0,Kirkland
499950.0,4.0,2.5,2860,3345,2.0,0,0,3,2004,2003,Woodinville
650000.0,4.0,2.0,1820,5000,1.5,0,1,3,1945,2010,Seattle
625000.0,4.0,2.5,2820,8408,2.0,0,0,3,2014,0,Shoreline
400000.0,4.0,2.5,3630,42884,1.5,0,0,3,1979,2014,Auburn
604000.0,3.0,2.5,3240,33151,2.0,0,2,3,1995,0,Federal Way
440000.0,2.0,1.0,800,4850,1.0,0,0,4,1944,0,Seattle
287200.0,3.0,3.0,1850,19966,1.0,0,0,4,1992,0,Maple Valley
403000.0,3.0,2.0,1960,13100,1.0,0,2,5,1957,0,Normandy Park
750000.0,3.0,2.5,2390,6550,1.0,0,2,4,1955,2009,Seattle
335000.0,3.0,2.25,1580,16215,1.0,0,0,4,1978,2000,Fall City
260000.0,4.0,2.0,1480,8625,1.0,0,0,4,1974,0,Renton
308500.0,2.0,1.0,850,6174,1.0,0,0,4,1950,1983,Shoreline
439950.0,3.0,2.5,1770,2875,2.0,0,0,3,1990,2009,Seattle
235000.0,2.0,1.0,1210,9400,1.0,0,0,2,1949,0,Seattle
315000.0,3.0,1.0,1160,9180,1.0,0,0,3,1968,1997,Woodinville
437500.0,3.0,2.25,1970,35100,2.0,0,0,4,1977,0,Issaquah
407500.0,3.0,2.5,1930,10460,2.0,0,0,3,1996,0,Renton
445700.0,3.0,2.5,1270,1180,3.0,0,0,3,2001,0,Seattle
838000.0,4.0,2.5,3310,42998,2.0,0,0,3,2001,0,Redmond
630000.0,4.0,2.75,2710,37277,2.0,0,0,3,2000,0,Issaquah
550000.0,3.0,1.75,2910,35200,1.5,0,0,3,1979,2014,Sammamish
805000.0,3.0,2.0,2710,4500,1.5,0,0,4,1929,0,Seattle
284000.0,3.0,1.75,1800,23103,1.0,0,0,3,1968,1997,Carnation
470000.0,5.0,2.5,2210,9655,1.0,0,0,3,1976,0,Bothell
430000.0,4.0,1.5,1920,10000,1.0,0,0,4,1954,1979,Bellevue
491500.0,4.0,1.75,2190,125452,1.0,0,2,3,1968,1997,Auburn
785000.0,5.0,3.25,3660,11995,2.0,0,2,3,2006,0,Snoqualmie
385000.0,3.0,3.25,1320,1327,2.0,0,0,3,2008,0,Seattle
295000.0,2.0,2.5,1630,1368,2.0,0,0,3,2009,0,Seattle
555000.0,4.0,2.5,3310,6500,2.0,0,0,3,2012,1912,Snoqualmie
459990.0,3.0,2.5,2680,5539,2.0,0,0,3,2013,1923,North Bend
625000.0,4.0,3.25,2730,54014,1.0,0,0,3,2007,0,Renton
300000.0,3.0,2.5,2540,5050,2.0,0,0,3,2006,0,Kent
625000.0,4.0,2.75,2920,6605,2.0,0,0,3,2012,1912,Renton
553000.0,2.0,1.0,900,5000,1.0,0,0,3,1944,0,Seattle
379880.0,3.0,2.5,1650,14054,1.0,0,0,4,1986,0,Issaquah
310000.0,3.0,1.0,1010,9945,1.0,0,0,4,1973,0,Snoqualmie
775000.0,2.0,2.5,2680,7392,1.0,0,0,3,2004,2003,Redmond
365000.0,3.0,2.5,2200,7350,1.0,0,0,5,1988,0,Renton
331950.0,4.0,2.5,2530,9933,2.0,0,2,3,1990,2009,Auburn
783500.0,3.0,2.5,2850,7130,2.0,0,0,3,1980,0,Seattle
628000.0,4.0,2.0,2280,6010,1.0,0,0,3,1900,2005,Seattle
560000.0,3.0,2.5,1900,8744,2.0,0,0,3,1987,2000,Sammamish
900000.0,3.0,1.0,1330,77972,1.0,0,0,3,1928,1954,Kirkland
531000.0,2.0,3.0,1270,1175,2.0,0,0,3,2000,0,Seattle
831000.0,4.0,3.0,2170,4000,2.0,0,0,4,1982,2011,Seattle
780000.0,4.0,2.5,2730,10281,2.0,0,2,3,1996,0,Sammamish
755000.0,4.0,2.5,2120,10202,1.0,0,0,4,1960,2001,Bellevue
705380.0,3.0,2.5,2490,4343,2.0,0,0,3,2003,0,Issaquah
627000.0,4.0,2.25,1990,7712,1.0,0,0,3,1973,2013,Issaquah
865000.0,4.0,3.0,3690,9892,2.0,0,0,3,1998,2006,Sammamish
580000.0,2.0,1.0,2540,7000,1.0,0,0,5,1942,0,Seattle
410000.0,3.0,2.25,1800,36704,1.0,0,0,4,1978,2000,Issaquah
485000.0,4.0,3.0,2340,7048,1.0,0,0,4,1979,0,Kirkland
400000.0,2.0,1.75,2110,9519,1.0,0,0,2,1948,0,Shoreline
549000.0,2.0,1.0,1140,5400,1.0,0,0,5,1908,0,Seattle
620000.0,3.0,1.75,1480,2185,2.5,0,0,3,2005,0,Kirkland
405000.0,2.0,3.0,1410,1240,2.0,0,0,3,2006,0,Seattle
232000.0,2.0,1.0,1200,8063,1.0,0,0,4,1958,1972,Des Moines
800866.0,5.0,2.5,3180,13806,2.0,0,0,4,1990,0,Kirkland
650000.0,3.0,1.5,2160,9000,1.0,0,2,4,1949,1985,Seattle
823000.0,6.0,1.75,2920,5000,2.5,0,0,4,1908,0,Seattle
770000.0,3.0,2.0,2350,5700,1.5,0,0,4,1939,1989,Seattle
524000.0,3.0,1.75,1560,5520,1.0,0,0,4,1944,0,Seattle
541125.0,5.0,2.75,2740,8426,1.0,0,0,4,1960,2001,Bellevue
670000.0,3.0,2.5,1680,2000,3.0,0,0,3,1909,1998,Seattle
384900.0,5.0,2.5,3090,12750,1.0,0,0,3,1968,1997,Federal Way
406100.0,3.0,2.25,1410,1332,3.0,0,0,3,2005,0,Seattle
1395000.0,5.0,3.5,4010,8510,2.0,0,1,5,1971,0,Seattle
736500.0,4.0,2.5,3180,21904,2.0,0,3,3,2000,0,Renton
570000.0,3.0,2.25,2010,6000,1.0,0,0,3,1975,0,Redmond
787000.0,3.0,1.75,1330,7500,1.0,0,0,3,1961,2004,Bellevue
328000.0,4.0,2.5,2370,6500,2.0,0,0,3,1998,2006,Auburn
435000.0,5.0,2.0,1840,9240,1.0,0,0,4,1942,1958,Seattle
499000.0,4.0,2.5,2910,6479,2.0,0,0,3,2006,0,Snoqualmie
501000.0,4.0,1.0,2070,7519,1.0,0,0,3,1963,2008,Bellevue
1090000.0,4.0,2.5,4340,141570,2.5,0,0,3,1992,0,Redmond
400000.0,2.0,1.0,840,5510,1.0,0,0,3,1955,2005,Seattle
220000.0,4.0,1.5,1240,9600,1.0,0,0,3,1971,0,Federal Way
657100.0,4.0,1.0,1390,4240,1.0,0,0,3,1924,2011,Seattle
309950.0,4.0,2.75,2310,5000,2.0,0,0,3,2006,0,Maple Valley
300000.0,3.0,2.0,1050,10072,1.0,0,0,3,1986,0,Duvall
525888.0,5.0,1.75,2550,71874,1.0,0,0,5,1960,0,Issaquah
740000.0,4.0,1.75,2010,3600,1.5,0,0,3,1902,0,Seattle
340000.0,5.0,1.0,1120,9022,1.5,0,0,4,1962,0,Kirkland
398750.0,3.0,2.5,2230,4000,2.0,0,0,3,1954,2005,Seattle
206000.0,2.0,1.0,810,7158,1.0,0,0,5,1944,0,Burien
1030000.0,5.0,2.75,3190,16920,1.0,0,3,3,1976,0,Bellevue
600000.0,3.0,1.75,1670,39639,1.0,0,0,4,1976,1992,Sammamish
379950.0,4.0,1.75,1970,9389,1.0,0,0,5,1960,0,Shoreline
287000.0,3.0,1.0,1450,6000,1.0,0,0,4,1953,1983,Seattle
2280000.0,7.0,8.0,13540,307752,3.0,0,4,3,1999,0,Redmond
309950.0,3.0,2.5,1880,7838,2.0,0,0,3,1994,0,Renton
600000.0,3.0,1.75,1880,6360,1.0,0,0,4,1945,0,Seattle
418000.0,3.0,2.0,1410,6030,1.5,0,0,4,1930,0,Seattle
449250.0,4.0,2.0,1480,3844,1.5,0,0,5,1928,1970,Seattle
329950.0,2.0,1.0,1140,5250,1.5,0,0,4,1949,1985,Seattle
245000.0,3.0,1.75,1920,9306,1.0,0,0,3,1984,0,Auburn
549000.0,4.0,2.5,2910,6338,2.0,0,0,3,2008,0,Renton
800000.0,3.0,2.5,3240,7857,2.0,0,0,3,1994,0,Sammamish
249950.0,3.0,2.0,1550,15040,1.0,0,0,4,1958,1972,Renton
210000.0,5.0,2.0,2050,10200,1.0,0,0,3,1956,2001,Des Moines
1425000.0,2.0,2.5,2220,4000,2.0,0,0,3,2000,0,Seattle
585000.0,2.0,1.0,1770,8640,1.5,0,0,3,1949,1998,Seattle
615000.0,4.0,1.75,2300,11700,1.0,0,0,4,1977,0,Redmond
618500.0,3.0,2.0,1800,5000,1.0,0,0,4,1942,1982,Seattle
487585.0,4.0,1.75,2010,9211,1.0,0,0,3,1977,2004,Kirkland
509900.0,3.0,2.5,1790,2700,2.0,0,0,3,2010,0,Issaquah
631625.0,4.0,2.5,2440,6651,2.0,0,0,3,2014,0,Seattle
555000.0,3.0,2.5,1940,3211,2.0,0,0,3,2009,0,Issaquah
340000.0,2.0,1.5,1160,1438,2.0,0,0,3,2001,0,Seattle
830000.0,4.0,2.5,3400,9692,2.0,0,0,3,2007,0,Redmond
890000.0,4.0,4.25,4420,5750,2.0,0,0,3,2006,0,Issaquah
366750.0,3.0,3.0,1571,2017,3.0,0,0,3,2008,0,Seattle
415000.0,3.0,2.25,1620,998,2.5,0,0,3,2010,0,Issaquah
416286.0,3.0,2.5,1408,989,3.0,0,0,3,2005,0,Seattle
478000.0,3.0,2.5,3040,4535,2.0,0,0,3,2007,0,Renton
890000.0,5.0,3.5,4490,6000,2.0,0,0,3,2006,0,Issaquah
419190.0,2.0,2.5,1590,1426,2.0,0,0,3,2014,0,Issaquah
712198.0,4.0,2.5,2450,4247,2.0,0,0,3,2013,1923,Redmond
397000.0,4.0,2.0,1440,7680,1.0,0,0,3,1971,0,Kirkland
450000.0,2.0,2.0,1100,3000,1.5,0,0,3,1912,2005,Seattle
353000.0,3.0,1.0,1350,7740,1.0,0,0,4,1947,1988,Seattle
609000.0,4.0,2.5,2150,37981,2.0,0,0,3,1985,0,Redmond
234000.0,3.0,1.75,1490,8366,1.0,0,0,4,1975,0,Covington
561000.0,3.0,2.0,2000,7000,2.0,0,0,3,1916,1986,Seattle
469000.0,2.0,1.0,1030,4400,1.0,0,0,3,1924,2011,Seattle
329350.0,2.0,1.0,720,6687,1.0,0,0,3,1942,1999,Seattle
488000.0,5.0,2.0,2020,5000,1.5,0,0,4,1938,0,Seattle
279900.0,3.0,1.75,1580,8151,1.0,0,1,4,1962,0,Des Moines
606000.0,4.0,2.5,2110,13850,2.0,0,0,3,1987,2000,Issaquah
312000.0,4.0,2.0,1300,7054,1.0,0,0,3,1950,2013,Seattle
650000.0,3.0,1.5,1630,7475,1.0,0,1,3,1940,1996,Seattle
1135000.0,4.0,2.75,3370,8103,1.0,0,3,3,1970,2014,Seattle
325000.0,4.0,2.5,1890,6156,1.0,0,0,3,1980,0,Seattle
425000.0,4.0,2.0,1520,7983,1.0,0,0,5,1967,0,Inglewood-Finn Hill
219000.0,2.0,1.0,900,5160,1.0,0,0,3,1952,2008,Seattle
250000.0,3.0,1.0,1050,6874,1.0,0,0,3,1954,2005,Shoreline
390000.0,3.0,1.75,1260,6500,1.0,0,0,4,1966,0,Bellevue
475000.0,6.0,3.0,3470,117612,1.5,0,0,3,1924,2011,Kenmore
736000.0,4.0,2.5,2290,12047,2.0,0,0,4,1988,0,Bellevue
407000.0,4.0,2.25,2810,23400,1.0,0,1,3,1958,2004,Des Moines
272000.0,3.0,2.5,1650,13816,2.0,0,0,3,1998,2006,Carnation
362000.0,3.0,2.25,1640,14374,1.0,0,0,4,1963,0,Burien
535000.0,3.0,2.5,1850,10109,2.0,0,0,3,1991,0,Kirkland
284000.0,4.0,2.5,2000,5390,2.0,0,0,3,2003,0,Kent
367500.0,3.0,1.5,1410,9647,1.0,0,0,3,1961,2004,Shoreline
379900.0,4.0,1.75,1500,11600,1.0,0,0,4,1955,2009,Kenmore
520000.0,3.0,2.5,2460,54885,2.0,0,0,4,1980,0,Renton
175000.0,3.0,1.0,1010,7034,1.0,0,0,3,1954,2005,Renton
460000.0,2.0,2.25,1230,929,2.0,0,0,3,2004,2003,Seattle
345000.0,4.0,2.5,2331,3826,2.0,0,0,3,2007,0,Renton
455000.0,5.0,2.5,2240,7770,1.0,0,0,3,1978,0,Kirkland
610000.0,4.0,3.0,2450,10117,1.0,0,0,5,1967,0,Bellevue
563000.0,4.0,3.0,3100,15480,2.0,0,0,3,1996,0,Kenmore
612500.0,4.0,2.0,2060,5000,1.0,0,0,3,1949,2013,Seattle
218000.0,3.0,1.75,1850,7684,1.0,0,0,3,1979,2014,Federal Way
404000.0,4.0,1.75,1840,10720,1.0,0,0,3,1958,2004,Bellevue
860000.0,4.0,2.0,3740,32417,2.0,0,0,3,2000,0,Redmond
136500.0,3.0,1.5,1420,8580,1.0,0,0,3,1962,2003,Federal Way
313950.0,3.0,1.0,1510,6083,1.0,0,0,4,1940,2001,Seattle
575000.0,3.0,1.75,2130,6500,1.0,0,2,3,1954,2005,Seattle
1225000.0,4.0,2.25,3490,6906,2.0,0,0,4,1928,0,Seattle
280000.0,3.0,1.75,1630,11800,1.0,0,0,4,1971,0,North Bend
515000.0,3.0,2.5,1790,7167,2.0,0,0,3,1989,0,Sammamish
513000.0,4.0,2.5,2000,5684,2.0,0,0,3,1996,0,Kenmore
599000.0,4.0,2.25,2260,29930,2.0,0,0,4,1977,0,Bellevue
685000.0,4.0,2.5,3030,7864,2.0,0,0,3,1999,0,Sammamish
365000.0,3.0,1.5,1310,8160,1.0,0,0,3,1950,2005,Seattle
762300.0,4.0,2.5,3880,14550,2.0,0,0,3,1987,2000,Sammamish
1580000.0,4.0,3.25,3760,10920,1.5,0,0,5,1950,0,Seattle
562000.0,5.0,2.25,3040,8111,2.0,0,0,3,1984,0,Redmond
530000.0,5.0,2.5,2910,9636,1.0,0,0,4,1964,0,Bellevue
525000.0,3.0,2.5,2970,11985,1.0,0,0,3,1995,0,Sammamish
484000.0,2.0,1.75,1660,6000,1.0,0,0,3,1942,1999,Seattle
725126.0,4.0,2.5,3200,12369,2.0,0,0,3,1998,2006,Newcastle
360000.0,4.0,2.0,2680,18768,1.0,0,0,5,1965,0,Auburn
387000.0,3.0,1.0,1230,9568,1.0,0,0,5,1962,0,Newcastle
483500.0,4.0,2.5,2740,45732,2.0,0,0,3,1995,0,Woodinville
655500.0,4.0,3.5,3380,8330,2.0,0,0,3,2000,0,Shoreline
345000.0,3.0,1.0,1110,6250,1.0,0,0,3,1956,2001,Seattle
533000.0,5.0,2.75,1800,3780,1.5,0,0,3,1926,2003,Seattle
385000.0,3.0,1.75,1900,5520,1.0,0,0,3,1982,0,Seattle
675000.0,2.0,1.0,930,36478,1.0,0,2,3,1951,1994,Bellevue
197000.0,3.0,1.75,1690,7735,1.0,0,0,4,1976,1992,Auburn
485000.0,3.0,2.0,1420,4080,1.5,0,0,3,1905,2013,Seattle
1870000.0,5.0,4.0,4510,15175,2.0,0,0,3,1969,2002,Mercer Island
295000.0,3.0,2.25,1980,8000,1.0,0,0,4,1974,0,Federal Way
499000.0,2.0,1.75,1170,2400,1.0,0,0,4,1903,0,Seattle
1050000.0,3.0,2.5,2200,1970,2.0,0,0,3,2008,0,Seattle
191000.0,3.0,1.5,800,8850,1.0,0,0,4,1959,0,Federal Way
500000.0,3.0,2.5,1480,1171,3.0,0,0,3,2006,0,Seattle
390000.0,5.0,3.75,2890,5000,1.0,0,0,3,2006,0,Seattle
979000.0,3.0,2.5,2690,4047,3.0,0,0,3,2014,0,Seattle
580000.0,4.0,3.25,3569,8327,2.0,0,0,3,2013,1923,Renton
369950.0,3.0,2.0,1270,1320,3.0,0,0,3,2006,0,Seattle
1800000.0,5.0,5.0,4490,10279,2.0,0,0,3,2013,1923,Bellevue
776000.0,4.0,2.5,3040,6425,2.0,0,0,3,2008,0,Redmond
519950.0,3.0,2.25,1170,1249,3.0,0,0,3,2014,0,Seattle
255000.0,5.0,2.25,2060,8632,1.0,0,0,3,1962,2003,Burien
495000.0,3.0,1.0,990,6000,1.0,0,0,3,1943,2002,Seattle
510000.0,4.0,2.5,2430,5203,2.0,0,0,3,2003,0,Shoreline
1150000.0,4.0,4.0,4460,103382,2.0,0,0,3,2001,0,Redmond
253000.0,3.0,1.75,1250,10122,1.0,0,0,3,1994,0,Black Diamond
503000.0,3.0,2.75,1540,6760,1.0,0,0,5,1980,0,Kirkland
275000.0,3.0,2.5,1600,7000,2.0,0,0,4,1993,0,Maple Valley
249000.0,3.0,1.0,1110,8423,1.0,0,0,3,1952,2008,Burien
310000.0,3.0,1.75,1840,10723,1.0,0,0,4,1974,0,Renton
750000.0,3.0,2.75,2520,5401,1.0,0,0,4,1946,1989,Seattle
630000.0,3.0,2.5,2680,327135,2.0,0,0,3,1995,0,Ravensdale
599999.0,9.0,4.5,3830,6988,2.5,0,0,3,1938,2003,Seattle
758000.0,4.0,2.75,2410,9549,1.0,0,0,4,1956,0,Kirkland
248500.0,4.0,1.75,1720,10018,1.0,0,0,5,1960,0,Covington
310000.0,3.0,1.75,2070,37904,1.0,0,0,4,1973,0,Kent
460000.0,3.0,2.0,1760,9055,2.0,0,0,4,1985,0,Redmond
675000.0,3.0,1.75,1680,10500,1.0,0,0,4,1959,0,Bellevue
526000.0,2.0,2.0,1550,2400,1.5,0,0,4,1900,1971,Seattle
560000.0,3.0,3.0,4120,60392,2.0,0,2,3,1994,0,Carnation
415000.0,4.0,3.0,1830,9548,2.0,0,0,3,1991,0,Bothell
246000.0,3.0,1.0,1400,7410,1.0,0,0,3,1944,0,Burien
314500.0,3.0,1.75,1870,12381,1.0,0,0,4,1957,2001,Federal Way
3200000.0,7.0,4.5,6210,8856,2.5,0,2,5,1910,0,Seattle
420000.0,2.0,1.5,1040,3500,1.5,0,0,4,1904,0,Seattle
535000.0,3.0,1.75,2720,149410,1.5,0,0,3,1988,2000,Carnation
350000.0,3.0,1.0,1010,9360,1.0,0,0,3,1981,2013,Kirkland
515000.0,3.0,1.75,1580,9147,1.0,0,1,4,1967,0,Bellevue
749950.0,4.0,2.75,2600,6050,2.0,0,0,5,1949,0,Seattle
230000.0,3.0,2.5,1920,9180,2.0,0,0,3,1988,2000,Renton
568000.0,3.0,2.0,2350,5080,1.5,0,0,3,1929,0,Seattle
250000.0,1.0,1.0,1100,4373,1.0,0,0,2,1947,0,Burien
581000.0,4.0,2.0,2510,13695,1.0,0,0,4,1961,2001,Kirkland
651000.0,3.0,2.5,3240,108366,2.0,0,0,4,1991,0,Kent
600000.0,3.0,2.5,2460,108900,1.0,0,0,4,1977,0,Issaquah
500000.0,2.0,1.0,1010,3885,1.5,0,0,4,1906,1990,Seattle
475000.0,2.0,1.0,820,2723,1.0,0,0,3,1921,2000,Seattle
352000.0,5.0,2.5,2420,8560,1.0,0,2,3,1978,0,Seattle
420000.0,3.0,2.25,1770,8165,2.0,0,0,3,1977,2004,Kirkland
428000.0,2.0,2.0,1350,3900,1.0,0,0,3,2003,0,Redmond
599000.0,3.0,1.75,1960,4788,1.0,0,0,4,1920,0,Seattle
492000.0,4.0,2.5,3305,16164,1.5,0,0,5,1922,1956,Shoreline
630000.0,2.0,2.25,2550,5663,1.0,0,0,3,2011,0,Renton
900000.0,5.0,3.75,4130,226076,2.0,0,0,3,1985,0,Woodinville
1110000.0,4.0,1.5,2310,13300,1.0,0,0,3,1950,2005,Clyde Hill
575000.0,4.0,2.0,1650,5000,1.0,0,0,3,1955,2005,Seattle
705000.0,4.0,2.5,2650,4316,1.5,0,0,3,1905,2013,Seattle
940000.0,4.0,2.25,1890,5940,1.0,0,1,3,1963,2008,Seattle
313000.0,3.0,1.75,2190,8000,1.0,0,0,4,1967,0,Federal Way
618080.0,3.0,2.5,2030,6500,2.0,0,0,3,1988,2000,Issaquah
640000.0,3.0,3.0,2270,5175,2.0,0,0,3,2002,0,Renton
485000.0,3.0,2.0,1610,4160,1.0,0,0,4,1917,0,Seattle
300000.0,2.0,1.0,760,3001,1.0,0,0,3,1913,1983,Seattle
379500.0,2.0,1.0,1640,17335,1.0,0,0,3,1978,0,Redmond
339950.0,3.0,2.25,1630,12295,2.0,0,0,4,1985,0,Renton
1500000.0,6.0,2.5,3560,6480,2.5,0,0,4,1914,1945,Seattle
1340000.0,3.0,3.0,2960,5500,2.0,0,2,3,1937,1990,Seattle
500000.0,3.0,2.5,1940,37565,1.0,0,0,4,1987,0,Issaquah
239900.0,3.0,2.0,1410,7566,1.0,0,0,3,1985,0,Kent
314950.0,3.0,1.0,1040,16986,1.0,0,0,4,1968,0,Renton
361280.0,2.0,1.0,820,6400,1.0,0,0,4,1944,0,Seattle
100000.0,2.0,1.0,910,22000,1.0,0,0,3,1956,2001,Algona
540000.0,7.0,5.75,3700,7647,2.0,0,1,3,1948,1984,Lake Forest Park
480500.0,4.0,2.5,2180,11200,1.0,0,0,4,1968,0,Woodinville
280000.0,3.0,2.5,1600,4271,2.0,0,0,3,2000,0,Auburn
440000.0,3.0,1.75,1500,6180,1.0,0,0,4,1947,1988,Seattle
530000.0,3.0,1.0,1340,4284,1.0,0,0,3,1910,2006,Seattle
560000.0,3.0,2.0,1860,13374,1.0,0,0,3,1985,0,Issaquah
775000.0,3.0,2.0,2540,7200,1.5,0,3,4,1905,0,Seattle
160000.0,2.0,1.0,1040,13100,1.0,0,0,5,1912,0,Kent
209950.0,3.0,1.5,1380,11130,1.0,0,0,3,1960,2012,Federal Way
226500.0,3.0,1.75,1640,10762,1.0,0,0,3,1988,2000,Covington
380000.0,5.0,1.75,3000,6000,1.0,0,0,5,1958,0,Seattle
409500.0,4.0,2.75,2140,13000,1.0,0,0,3,1968,1997,Kenmore
690000.0,3.0,2.0,1760,6428,1.0,0,0,4,1942,1982,Seattle
405000.0,3.0,2.25,1660,8307,1.0,0,0,4,1961,2001,Shoreline
375000.0,3.0,2.5,1830,13042,2.0,0,0,3,1990,2009,Maple Valley
794154.0,4.0,2.0,2210,8556,1.0,0,1,4,1954,1979,Seattle
185000.0,4.0,1.0,1490,6600,1.0,0,0,3,1969,2010,Burien
245000.0,3.0,1.5,1260,1270,2.0,0,0,3,2005,0,Seattle
1532500.0,5.0,4.5,4270,8076,2.0,0,0,3,2007,0,Kirkland
1040000.0,4.0,3.5,3900,8391,2.0,0,0,3,2006,0,Kirkland
425000.0,2.0,2.5,1150,1027,3.0,0,0,3,2008,0,Seattle
495000.0,4.0,2.75,2656,21195,2.0,0,0,3,2014,0,Auburn
365000.0,5.0,2.75,2410,5003,1.0,0,0,3,2008,0,Seattle
417250.0,3.0,2.25,1606,1452,3.0,0,0,3,2009,0,Seattle
339950.0,2.0,1.0,820,681,3.0,0,0,3,2006,0,Seattle
615000.0,2.0,1.0,1540,6872,1.0,0,0,4,1946,1989,Seattle
403000.0,3.0,2.75,2090,8354,2.0,0,0,3,2012,1912,Duvall
980000.0,5.0,2.5,3160,11470,1.0,0,0,4,1971,0,Mercer Island
258000.0,4.0,1.75,1730,8320,1.0,0,0,3,1977,2004,Federal Way
533000.0,3.0,1.0,1670,4080,1.0,0,0,3,1967,2011,Seattle
537500.0,4.0,2.5,2550,4630,2.0,0,0,3,2005,0,Sammamish
830000.0,5.0,3.0,3040,9601,1.0,0,0,5,1968,0,Mercer Island
712000.0,3.0,1.0,1250,4620,1.5,0,0,4,1900,1971,Seattle
262000.0,4.0,2.5,2020,6236,2.0,0,0,3,2002,0,Algona
753888.0,4.0,2.5,2660,5500,2.0,0,2,3,2003,0,Issaquah
134000.0,2.0,1.5,980,5000,2.0,0,0,3,1922,2003,Skykomish
402000.0,3.0,2.5,1960,8000,1.0,0,0,4,1977,0,Kirkland
205000.0,2.0,1.0,720,5040,1.0,0,0,3,1955,2005,Seattle
553650.0,2.0,2.5,1360,1349,2.0,0,0,3,1997,0,Seattle
559950.0,2.0,2.0,1870,4950,1.0,0,0,3,2006,0,Redmond
260000.0,4.0,1.5,2130,8800,1.0,0,0,3,1962,2003,Kent
270000.0,4.0,2.5,1810,6509,2.0,0,0,3,1994,0,Kent
295000.0,2.0,1.75,2200,89298,1.0,0,0,3,1973,2013,Issaquah
719000.0,3.0,2.5,1690,4500,1.5,0,1,4,1928,0,Seattle
266000.0,3.0,2.5,1940,8547,1.0,0,0,3,1989,0,Kent
325900.0,4.0,2.5,2320,6270,2.0,0,0,3,2004,2003,Kent
647500.0,4.0,1.75,2060,26036,1.0,0,0,4,1947,1988,Normandy Park
1039000.0,4.0,1.0,3410,5000,2.0,0,0,5,1910,0,Seattle
569000.0,4.0,2.25,2250,41688,2.0,0,0,3,1980,0,Redmond
246000.0,3.0,1.75,1390,7399,1.0,0,0,4,1975,0,Kent
515000.0,2.0,1.0,1060,4960,1.0,0,0,3,1926,2003,Seattle
207000.0,3.0,1.0,1490,8995,1.0,0,0,4,1954,1979,Seattle
780000.0,4.0,1.75,2480,9195,1.0,0,0,3,1950,2005,Bellevue
489990.0,5.0,2.25,2440,20828,1.5,0,0,4,1975,0,Kent
335000.0,3.0,1.5,2240,87625,1.5,0,0,2,1980,0,Auburn
295000.0,3.0,2.5,1920,7229,2.0,0,0,3,1993,0,Federal Way
385000.0,3.0,1.75,1890,9920,1.0,0,0,3,1944,0,Seattle
350000.0,4.0,1.75,2250,13515,1.0,0,0,4,1940,2001,Kent
235000.0,2.0,1.0,1270,3008,1.0,0,0,4,1923,0,Seattle
358000.0,2.0,1.5,960,1808,2.0,0,0,3,1993,0,Seattle
716500.0,4.0,2.5,3290,6465,2.0,0,0,3,2002,0,Sammamish
228000.0,4.0,1.75,2000,6120,1.0,0,0,3,1965,1993,Seattle
405000.0,2.0,1.0,1020,8155,1.0,0,0,4,1948,0,Seattle
538000.0,4.0,1.75,1840,9600,1.0,0,0,3,1967,2011,Redmond
530000.0,3.0,1.75,1980,6760,1.0,0,0,4,1973,0,Bellevue
1750000.0,6.0,3.0,3510,5760,2.5,0,0,4,1906,1990,Seattle
636000.0,2.0,1.75,1230,3600,1.5,0,0,5,1925,0,Seattle
535000.0,4.0,2.5,2280,65836,2.0,0,0,3,2004,2003,Woodinville
1500000.0,3.0,1.75,2430,12757,1.0,0,2,4,1952,0,Bellevue
868500.0,3.0,2.5,2920,3942,3.0,0,0,3,2008,0,Renton
530000.0,4.0,2.75,2280,2850,1.5,0,0,4,1930,0,Seattle
450000.0,3.0,2.0,1510,43560,1.0,0,0,3,1954,2005,Woodinville
230000.0,3.0,1.75,950,6000,1.0,0,0,3,1939,1969,Seattle
229000.0,3.0,2.5,1190,3000,2.0,0,0,3,2002,0,Tukwila
437000.0,3.0,1.75,1310,9282,1.0,0,0,4,1976,1992,Redmond
1307000.0,5.0,3.25,2800,3200,1.5,0,0,5,1932,2002,Seattle
595000.0,3.0,2.5,1750,3354,2.0,0,0,4,1991,0,Kirkland
660000.0,3.0,1.75,1320,5750,1.5,0,0,5,1918,0,Seattle
347500.0,4.0,2.5,2460,7350,2.0,0,0,3,1989,0,Federal Way
297950.0,3.0,2.0,1240,10800,1.0,0,0,3,1967,2010,Renton
245000.0,3.0,1.5,1260,7964,1.0,0,0,4,1955,2009,Des Moines
543200.0,6.0,2.25,2820,15600,1.5,0,2,5,1940,0,Burien
1250000.0,4.0,3.25,3820,24166,2.0,0,1,4,1990,0,Mercer Island
413450.0,3.0,2.5,1540,1614,3.0,0,0,3,2008,0,Seattle
330000.0,2.0,2.0,1550,435600,1.5,0,0,2,1972,0,Snoqualmie
424500.0,3.0,1.75,1460,7700,1.0,0,0,3,1979,2014,Redmond
230000.0,3.0,1.0,1390,16000,1.0,0,0,4,1960,2001,Algona
930000.0,3.0,3.25,2640,4080,2.0,0,0,3,1912,2000,Seattle
349000.0,3.0,1.75,1590,9620,1.0,0,0,3,1988,2000,Renton
835000.0,4.0,2.0,1910,6960,1.5,0,0,5,1941,0,Seattle
988500.0,3.0,2.75,2015,16807,2.0,1,4,3,2007,0,Burien
500000.0,3.0,1.75,1410,1197,3.0,0,0,3,2012,1912,Seattle
499000.0,2.0,1.5,1110,957,2.0,0,0,3,2005,0,Seattle
321950.0,2.0,1.25,860,1277,2.0,0,0,3,2007,0,Seattle
494000.0,3.0,2.5,2310,4729,2.0,0,0,3,2011,0,Kenmore
441750.0,2.0,1.5,1020,1060,3.0,0,0,3,2008,0,Seattle
438000.0,2.0,1.0,980,1179,2.0,0,0,3,2010,0,Seattle
985000.0,4.0,2.25,4230,37769,2.0,0,0,3,1989,0,Woodinville
352000.0,3.0,2.25,1640,11050,1.0,0,0,4,1972,0,Renton
839900.0,4.0,3.5,3810,13592,1.0,0,1,3,2013,1923,Renton
765000.0,4.0,2.75,2790,10819,2.0,0,0,3,1996,0,Issaquah
460000.0,4.0,1.75,1750,5500,1.5,0,0,5,1926,0,Seattle
224500.0,4.0,1.0,1430,8355,1.5,0,0,4,1983,0,Auburn
254000.0,3.0,2.5,1850,4597,2.0,0,0,3,2003,0,Covington
255000.0,2.0,1.0,960,28717,1.0,0,0,4,1984,0,Vashon
610000.0,3.0,3.0,2480,45302,1.0,0,0,4,1976,1992,Woodinville
920000.0,4.0,3.0,3750,11025,2.0,0,0,3,1976,0,Sammamish
402500.0,4.0,2.5,2600,11951,2.0,0,0,3,1988,2000,Federal Way
280950.0,3.0,1.75,1390,8700,1.0,0,3,4,1912,1989,Renton
604000.0,4.0,2.5,2260,7753,2.0,0,0,3,1989,0,Issaquah
565000.0,4.0,2.25,2470,7447,2.0,0,0,3,1984,0,Lake Forest Park
255000.0,2.0,1.0,810,7980,1.0,0,0,1,1928,0,Seattle
445000.0,4.0,2.0,1650,6000,1.0,0,0,5,1959,0,Seattle
2400000.0,3.0,2.25,3000,11665,1.5,1,4,3,2001,0,Sammamish
195000.0,2.0,1.0,720,18000,1.0,0,0,3,1950,2005,Seattle
275000.0,3.0,1.5,1390,48257,1.0,0,0,3,1922,2013,Fall City
387000.0,3.0,2.25,1445,1606,2.0,0,0,3,2003,0,Issaquah
490000.0,2.0,1.0,1840,3300,1.5,0,0,4,1910,0,Seattle
505000.0,3.0,2.5,2100,5824,2.0,0,2,3,1999,0,Snoqualmie
303500.0,3.0,1.5,1060,10464,1.0,0,0,4,1973,0,Kirkland
270000.0,3.0,1.5,1500,6337,1.0,0,0,5,1953,0,Seattle
323000.0,4.0,2.75,1970,7213,1.0,0,0,3,1977,2004,Renton
382000.0,3.0,3.25,1410,1253,3.0,0,0,3,2005,0,Seattle
1370000.0,4.0,2.75,3720,9450,1.0,0,4,5,1962,0,Bellevue
280000.0,4.0,2.0,2190,14439,1.0,0,0,4,1977,0,Auburn
260000.0,3.0,2.0,1920,8075,1.0,0,0,4,1969,0,Federal Way
201500.0,3.0,1.0,1160,8320,1.0,0,0,4,1959,0,Kent
1157200.0,4.0,4.25,5860,52889,2.0,0,0,4,1996,0,Woodinville
536500.0,4.0,1.75,2000,4000,1.5,0,0,5,1926,0,Seattle
248000.0,4.0,3.0,2163,5883,2.0,0,0,3,2006,0,Algona
532000.0,5.0,3.0,3480,57499,1.0,0,0,4,1976,1992,Issaquah
580000.0,4.0,2.5,2840,6268,2.0,0,0,3,1998,2006,Kenmore
463000.0,2.0,1.0,1150,4400,1.0,0,0,4,1905,0,Seattle
742500.0,4.0,2.75,3100,3773,2.0,0,0,3,1919,1996,Seattle
260000.0,3.0,2.5,1420,14850,1.0,0,0,4,1963,0,Kent
590000.0,4.0,2.25,2430,32496,1.0,0,0,3,1993,0,Woodinville
312000.0,4.0,2.25,1930,7452,1.0,0,0,3,1984,0,Kent
566000.0,3.0,2.25,1660,10140,1.0,0,0,4,1980,0,Redmond
511555.0,3.0,2.0,1400,7293,1.0,0,0,4,1963,0,Bellevue
583000.0,4.0,2.5,2660,4000,2.0,0,0,3,2001,0,Redmond
290000.0,4.0,2.5,2000,13300,1.0,0,0,4,1968,0,Auburn
311100.0,4.0,2.25,2130,8078,1.0,0,0,4,1977,0,Renton
325000.0,3.0,2.25,1352,1694,3.0,0,0,3,2007,0,Seattle
491300.0,3.0,1.75,1750,11340,1.0,0,1,4,1987,0,Sammamish
315000.0,5.0,1.75,2320,8100,1.0,0,0,4,1956,0,Burien
360000.0,2.0,1.0,1420,81892,1.0,0,0,3,1956,2001,Renton
330000.0,4.0,2.5,1940,3784,2.0,0,0,3,2003,0,Renton
481450.0,3.0,2.0,1410,4800,1.0,0,0,3,1940,1996,Seattle
234950.0,3.0,1.0,1360,9948,1.0,0,0,3,1977,2004,Black Diamond
251000.0,3.0,1.75,1220,7250,1.0,0,0,3,1962,2003,North Bend
782000.0,4.0,2.5,2830,20345,2.0,0,0,3,1979,2014,Bellevue
833000.0,4.0,2.75,3780,10308,2.0,0,0,3,1999,0,Sammamish
542500.0,4.0,2.5,2330,14289,2.0,0,0,4,1978,2000,Bellevue
851000.0,3.0,2.5,3560,107290,2.0,0,0,3,1987,2000,Redmond
325000.0,4.0,1.5,1470,70800,1.0,0,0,3,1976,0,Ravensdale
415000.0,4.0,2.25,3060,48787,2.0,0,0,3,1992,0,Ravensdale
252500.0,3.0,1.0,1030,6127,1.0,0,0,3,1947,2012,Seattle
465000.0,4.0,2.5,1930,9653,1.0,0,0,4,1968,0,Federal Way
336900.0,3.0,1.75,1780,120661,1.0,0,0,4,1979,0,Duvall
225000.0,3.0,2.5,2000,9202,2.0,0,0,4,1992,0,Maple Valley
270000.0,3.0,2.0,1690,9583,1.0,0,0,4,1969,0,Renton
1702500.0,5.0,4.5,5190,23716,2.0,0,2,3,1987,2000,Mercer Island
536000.0,3.0,1.75,1300,5413,1.5,0,0,3,1925,1992,Seattle
585000.0,4.0,3.25,2400,29252,2.0,0,0,4,1982,2011,Woodinville
445000.0,2.0,2.0,1150,6634,1.0,0,0,3,1940,1996,Seattle
320000.0,4.0,2.25,2310,7490,2.0,0,0,3,1980,0,Renton
769900.0,4.0,3.5,2730,3047,2.0,0,0,3,2006,0,Seattle
557000.0,4.0,2.5,2840,4500,2.0,0,0,3,2012,1912,Kenmore
212000.0,2.0,1.5,1020,1525,2.0,0,0,3,2004,2003,Seattle
376000.0,3.0,2.0,1340,1384,3.0,0,0,3,2008,0,Seattle
800000.0,4.0,3.25,3540,159430,2.0,0,0,3,2007,0,Carnation
2238888.0,5.0,6.5,7270,130017,2.0,0,0,3,2010,0,Issaquah
324000.0,3.0,2.25,998,904,2.0,0,0,3,2007,0,Seattle
549900.0,5.0,2.75,3060,7015,1.0,0,0,5,1979,0,Seattle
320000.0,3.0,2.5,2130,6969,2.0,0,0,3,2003,0,Maple Valley
875000.0,4.0,2.0,2520,6000,1.0,0,0,3,1921,2007,Seattle
265000.0,4.0,1.0,1940,9533,1.0,0,0,3,1962,2003,Kent
394950.0,3.0,2.5,1350,1250,3.0,0,0,3,2006,0,Seattle
842500.0,4.0,2.5,2160,5298,2.5,0,0,4,1902,0,Seattle
368000.0,3.0,2.5,1370,1350,2.0,0,0,3,2007,0,Seattle
1225000.0,4.0,4.5,5420,101930,1.0,0,0,3,2001,0,Redmond
885000.0,4.0,2.5,2830,5000,2.0,0,0,3,1995,0,Seattle
453246.0,3.0,2.5,2010,2287,2.0,0,0,3,2014,0,Issaquah
927000.0,4.0,2.75,3300,12090,2.0,0,0,3,1953,0,Clyde Hill
490000.0,2.0,2.5,1230,1391,2.0,0,0,3,2004,2003,Seattle
341000.0,3.0,1.5,1720,7119,1.5,0,0,4,1952,0,Shoreline
235000.0,1.0,1.0,810,2451,1.0,0,0,5,1941,0,Seattle
1200000.0,3.0,1.75,1560,8078,1.5,1,4,4,1928,0,Mercer Island
560000.0,3.0,2.0,2560,216777,1.0,0,0,3,1986,0,Auburn
900000.0,4.0,3.25,4700,38412,2.0,0,0,3,1978,0,Bellevue
255000.0,2.0,1.0,1220,2500,1.0,0,0,3,1910,2006,Seattle
1575000.0,5.0,2.75,3650,20150,1.0,0,0,4,1975,0,Bellevue
876650.0,3.0,3.25,2170,12508,1.5,0,0,5,1928,1970,Mercer Island
540000.0,4.0,2.25,2540,228254,1.0,0,0,3,1990,2009,Duvall
350000.0,2.0,1.0,910,4500,1.5,0,0,4,1906,1990,Seattle
750000.0,4.0,2.5,2980,4930,2.0,0,0,3,2000,0,Bellevue
582000.0,4.0,1.75,2120,4650,1.0,0,1,3,1951,1994,Seattle
1315000.0,4.0,3.5,3460,3997,2.0,0,0,3,2004,2003,Seattle
372500.0,5.0,3.0,2480,10090,1.0,0,0,3,2004,2003,Seattle
410000.0,3.0,2.25,2200,16921,2.0,0,0,3,1987,2000,Maple Valley
360000.0,4.0,2.0,1730,5500,1.0,0,0,5,1943,0,Seattle
1015000.0,3.0,2.5,2920,34527,1.0,0,4,4,1954,1983,Seattle
225000.0,3.0,1.0,990,8012,1.0,0,0,4,1966,0,Renton
647000.0,4.0,2.5,3040,6887,2.0,0,0,3,1999,0,Sammamish
950000.0,5.0,3.0,4530,258746,1.5,0,0,4,2003,0,Woodinville
185000.0,3.0,1.5,1370,8470,1.0,0,0,4,1961,2001,Auburn
335000.0,3.0,2.5,1940,4927,2.0,0,0,3,2004,2003,Renton
210000.0,3.0,2.5,1040,2643,2.0,0,0,3,2004,2003,Seattle
522000.0,4.0,2.25,1800,8623,1.0,0,0,4,1980,0,Kirkland
770000.0,3.0,1.75,1720,5000,1.0,0,0,3,1954,2014,Seattle
499950.0,3.0,1.0,980,6380,1.0,0,0,3,1941,1994,Seattle
751000.0,4.0,2.5,3110,6142,2.0,0,0,3,2004,2003,Redmond
330000.0,5.0,3.0,2100,7715,1.0,0,0,3,2013,1923,Burien
465000.0,3.0,1.5,2020,11358,1.0,0,0,4,1956,0,Kirkland
850000.0,4.0,1.75,2350,11914,1.0,0,0,4,1961,2001,Mercer Island
947500.0,4.0,2.25,3290,12329,1.5,0,0,4,1968,0,Mercer Island
302000.0,5.0,2.25,2180,7813,2.0,0,0,3,1986,0,Maple Valley
500000.0,2.0,2.25,1290,1334,3.0,0,0,3,2007,0,Seattle
201000.0,3.0,1.0,1460,9750,1.0,0,0,4,1969,0,Kent
265000.0,2.0,1.0,1290,2828,2.0,0,0,3,2008,0,Redmond
870300.0,4.0,2.5,2350,3150,1.5,0,0,4,1910,0,Seattle
339000.0,3.0,1.0,1080,8100,1.0,0,0,4,1955,2009,Shoreline
690000.0,4.0,2.5,2670,13463,2.0,0,0,4,1989,0,Issaquah
788000.0,4.0,3.25,3680,5759,2.0,0,0,3,2003,0,Issaquah
315275.0,3.0,1.75,1440,8040,1.0,0,0,3,1951,1994,Seattle
505000.0,4.0,1.75,1940,4800,1.0,0,0,5,1922,1956,Seattle
368000.0,3.0,1.0,1280,9898,1.0,0,0,3,1968,1997,Woodinville
947500.0,3.0,2.75,2980,27144,1.5,1,2,5,1917,0,Burien
156000.0,3.0,1.0,970,8580,1.0,0,0,3,1959,1989,Federal Way
610000.0,4.0,3.0,2110,5000,1.5,0,2,4,1930,0,Seattle
420000.0,2.0,2.5,1480,1369,3.0,0,0,3,2009,0,Redmond
192000.0,2.0,1.0,700,10540,1.0,0,0,3,1953,0,Normandy Park
910000.0,3.0,2.0,2700,6120,1.0,0,0,4,1962,0,Seattle
1300000.0,4.0,3.25,2330,9687,2.0,0,3,3,1918,0,Seattle
1346400.0,5.0,1.75,3380,20021,1.0,0,0,4,1963,0,Clyde Hill
840000.0,4.0,2.75,2600,2750,1.5,0,0,3,1936,0,Seattle
300000.0,2.0,1.75,1360,8100,1.0,0,0,3,1975,0,Seattle
505000.0,4.0,2.5,2780,6369,1.0,0,0,3,1978,0,Kirkland
110000.0,3.0,1.0,1250,53143,1.0,0,0,5,1945,0,Maple Valley
746000.0,3.0,2.5,2620,8950,2.0,0,0,3,1992,0,Bellevue
211000.0,3.0,1.5,1350,7620,1.0,0,0,5,1941,0,Burien
675000.0,4.0,3.0,2400,3340,1.0,0,0,4,1964,0,Seattle
734200.0,4.0,2.5,2760,5000,1.5,0,0,5,1928,1970,Seattle
1225000.0,4.0,2.25,3070,16028,1.0,0,3,3,1976,0,Mercer Island
615000.0,2.0,1.75,2040,28593,1.5,1,3,4,1919,1990,Vashon
630000.0,4.0,2.0,1770,6000,2.0,0,0,5,1911,1981,Seattle
1264000.0,4.0,3.75,3490,9170,2.0,0,0,3,2012,1912,Bellevue
301500.0,2.0,1.5,830,1333,2.0,0,0,3,2005,0,Seattle
369000.0,2.0,2.5,980,895,2.0,0,0,3,2009,0,Seattle
635000.0,3.0,2.5,1570,1433,3.0,0,0,3,2010,0,Seattle
1033888.0,4.0,3.25,3270,5187,2.0,0,0,3,2014,0,Redmond
383000.0,4.0,2.5,2160,6223,2.0,0,0,3,2010,0,Maple Valley
1050000.0,4.0,3.75,3280,11000,2.0,0,0,3,2008,0,Kirkland
455000.0,4.0,2.5,3360,7685,2.0,0,0,3,2001,0,Renton
819900.0,5.0,2.75,3150,7119,2.0,0,0,3,2013,1923,Redmond
625000.0,3.0,3.5,1810,1846,2.0,0,0,4,2009,0,Seattle
651000.0,4.0,2.5,2740,7140,2.0,0,0,3,1993,0,Sammamish
480000.0,5.0,4.75,3830,35000,1.0,0,0,3,1976,0,Woodinville
757000.0,3.0,3.25,3190,5283,2.0,0,0,3,2007,0,Issaquah
460000.0,3.0,2.25,2350,10450,1.0,0,0,3,1977,2004,Kenmore
267345.0,4.0,2.25,2510,8165,1.0,0,0,4,1972,0,Federal Way
530000.0,2.0,2.0,1680,4950,1.0,0,0,3,2006,0,Redmond
449500.0,3.0,2.0,1770,6610,1.0,0,0,4,1954,1979,Shoreline
289000.0,3.0,1.0,1090,7315,1.0,0,0,5,1981,0,Renton
373000.0,5.0,2.5,3001,5710,2.0,0,0,3,2006,0,Kent
525000.0,5.0,3.0,2450,4591,2.0,0,0,3,1994,0,Seattle
777000.0,3.0,3.25,3610,59677,2.0,0,0,3,2003,0,Issaquah
550000.0,4.0,2.0,2250,7500,1.0,0,0,5,1956,0,Bellevue
523000.0,3.0,1.5,1240,7735,1.0,0,0,4,1957,2001,Bellevue
628000.0,4.0,2.0,2260,6000,1.0,0,0,3,1958,2004,Seattle
581000.0,4.0,1.75,2090,8164,1.0,0,0,4,1963,0,Redmond
245000.0,5.0,1.75,2020,7902,1.0,0,0,3,1962,2003,Seattle
415000.0,3.0,1.75,1960,5000,1.0,0,0,5,1911,1984,Seattle
1895000.0,5.0,2.25,3120,16672,2.0,0,0,4,1969,0,Yarrow Point
225000.0,3.0,1.5,1250,7500,1.0,0,0,3,1967,2011,Kent
287000.0,3.0,2.25,1490,9600,1.0,0,0,4,1987,0,Duvall
799200.0,6.0,3.0,2890,2370,2.5,0,0,3,1906,2014,Seattle
239950.0,3.0,1.0,1900,33888,1.5,0,0,4,1942,1982,Auburn
591000.0,3.0,1.75,1680,2400,1.0,0,0,5,1922,1956,Seattle
700000.0,3.0,2.5,2030,8398,2.0,0,0,4,1975,0,Bellevue
475000.0,4.0,2.5,3740,8700,1.0,0,0,3,2004,2003,Renton
575000.0,3.0,1.75,1580,11750,1.0,0,0,4,1951,1999,Seattle
771000.0,3.0,2.25,1780,6120,1.5,0,0,4,1927,0,Seattle
155000.0,2.0,1.0,910,6232,1.0,0,0,3,1943,2002,Seattle
550000.0,7.0,4.0,3440,8100,2.0,0,0,3,1970,2014,Seattle
645000.0,3.0,2.5,1740,13750,2.0,0,0,4,1975,0,Bellevue
464000.0,5.0,2.5,3400,8970,1.0,0,0,4,1959,0,Shoreline
1050000.0,4.0,3.25,4400,16625,2.0,0,0,3,2003,0,Sammamish
350000.0,3.0,2.5,2010,14298,2.0,0,0,3,1977,2004,Vashon
591000.0,4.0,2.25,2710,38180,2.0,0,0,4,1977,0,Woodinville
2555000.0,4.0,2.5,5300,26211,2.0,1,2,2,1923,0,Seattle
717000.0,3.0,1.5,1310,3880,1.0,0,0,3,1956,2001,Seattle
225000.0,4.0,1.5,1950,12559,1.5,0,0,3,1939,1969,SeaTac
225000.0,3.0,1.0,1040,6535,1.0,0,0,3,1947,2012,Seattle
345000.0,3.0,1.75,1090,7200,1.0,0,0,3,1968,1997,Kirkland
230000.0,2.0,0.75,650,5360,1.0,0,0,4,1931,0,Seattle
385000.0,3.0,2.0,1480,6600,1.0,0,2,3,1943,2002,Seattle
90000.0,2.0,1.0,790,2640,1.0,0,0,3,1973,2013,Kirkland
860000.0,4.0,2.5,3560,11119,1.0,0,2,3,1986,0,Bellevue
675000.0,4.0,2.5,3000,5548,2.0,0,0,3,2006,0,Newcastle
975000.0,4.0,2.5,3490,7494,2.0,0,3,3,2000,0,Bellevue
780000.0,3.0,1.75,2340,10495,1.0,0,0,4,1967,0,Mercer Island
370000.0,3.0,1.75,1650,8254,1.0,0,0,5,1951,0,Shoreline
665000.0,3.0,2.0,1940,5820,1.5,0,0,5,1944,0,Seattle
675000.0,5.0,3.0,3410,9600,1.0,0,0,4,1968,0,Redmond
620000.0,3.0,1.0,1710,4050,1.5,0,0,3,1909,2004,Seattle
1105000.0,4.0,1.5,2740,4000,2.0,0,0,5,1905,0,Seattle
450000.0,3.0,2.75,1250,892,2.0,0,0,3,2010,0,Seattle
450000.0,3.0,2.25,2450,42180,1.0,0,0,4,1978,2000,Covington
530000.0,3.0,1.75,1690,8190,1.0,0,0,4,1958,1972,Bellevue
635000.0,4.0,1.75,1950,13320,1.0,0,0,4,1969,0,Bellevue
580000.0,5.0,2.0,2290,7125,1.0,0,0,3,1964,2000,Bellevue
1550000.0,5.0,3.25,3370,17458,1.0,0,2,5,1982,0,Mercer Island
285000.0,3.0,1.0,1090,8640,1.0,0,0,4,1973,0,Burien
375000.0,3.0,1.0,1190,9486,1.0,0,0,4,1953,1983,Normandy Park
1400000.0,5.0,4.25,3530,7924,2.0,0,0,3,2001,0,Mercer Island
560000.0,3.0,1.0,1440,5000,2.0,0,0,3,1910,2006,Seattle
405000.0,4.0,1.75,2180,13529,1.0,0,0,3,1956,2001,Lake Forest Park
413000.0,4.0,1.0,1410,6000,1.0,0,0,3,1925,2002,Seattle
287600.0,3.0,2.5,1950,8251,2.0,0,0,3,1990,2009,Auburn
1680000.0,5.0,3.25,4860,23723,2.0,0,2,4,1989,0,Mercer Island
225000.0,3.0,1.0,1660,7210,1.0,0,0,3,1963,2008,Auburn
319000.0,3.0,1.0,1390,12823,1.0,0,0,4,1968,0,Woodinville
322500.0,3.0,2.0,1350,14200,1.0,0,0,3,1989,0,Duvall
570000.0,3.0,2.0,1530,5401,1.0,0,0,4,1937,0,Seattle
465000.0,3.0,1.5,1270,5112,1.0,0,0,3,1950,2005,Seattle
435000.0,4.0,2.25,2140,6355,2.0,0,0,3,2002,0,Snoqualmie
502000.0,4.0,2.5,2040,5616,2.0,0,0,3,2012,1912,Kenmore
525000.0,3.0,3.5,2876,5086,2.0,0,0,3,2007,0,Woodinville
525000.0,3.0,2.5,1580,1161,2.0,0,0,3,2008,0,Seattle
660000.0,4.0,3.5,3400,5196,2.0,0,0,3,2012,1912,Snoqualmie
870000.0,4.0,2.5,3520,6773,2.5,0,0,3,2006,0,Seattle
650000.0,4.0,2.5,2210,4861,2.0,0,0,3,2013,1923,Seattle
505000.0,4.0,2.5,2790,5602,2.0,0,0,3,2009,0,Renton
330000.0,3.0,2.5,1450,5008,1.0,0,0,3,2007,0,Seattle
385000.0,4.0,1.75,1620,4980,1.0,0,0,4,1947,1988,Seattle
306000.0,3.0,1.5,1220,1086,3.0,0,0,3,2007,0,Seattle
546000.0,3.0,1.75,2000,5000,1.0,0,0,4,1921,0,Seattle
925000.0,4.0,2.5,2190,7350,2.5,0,0,5,1958,0,Mercer Island
542000.0,4.0,1.75,1900,8250,1.0,0,0,4,1955,2009,Bellevue
800000.0,3.0,1.0,1700,4400,1.5,0,0,4,1906,1990,Seattle
620000.0,5.0,2.5,2540,3832,2.0,0,0,5,1929,0,Seattle
175000.0,2.0,1.0,1170,8925,1.0,0,2,3,1911,1979,Des Moines
740000.0,5.0,5.0,5774,31675,1.0,0,2,3,1984,0,Federal Way
345000.0,3.0,2.25,2120,15003,2.0,0,0,3,1984,0,Renton
510000.0,3.0,1.75,2170,26460,1.0,0,0,3,1986,0,Sammamish
530000.0,4.0,2.75,2450,15002,1.0,0,0,5,1974,0,Normandy Park
155000.0,2.0,1.0,700,5200,1.0,0,0,5,1952,1998,Renton
266000.0,3.0,2.5,1780,7214,1.0,0,0,4,1986,0,Kent
257200.0,3.0,2.0,1850,8250,1.0,0,0,4,1952,0,Auburn
265000.0,3.0,2.0,1570,5706,1.0,0,0,3,1998,2006,Auburn
372220.0,3.0,1.0,1290,5500,1.0,0,0,3,1951,1994,Seattle
337500.0,5.0,2.0,1700,7314,1.0,0,0,3,1956,2001,Seattle
582500.0,2.0,1.5,1159,4800,1.0,0,0,3,1948,1994,Seattle
489200.0,3.0,2.75,1850,9600,1.5,0,0,5,1965,0,Kirkland
405100.0,2.0,1.0,840,3522,1.0,0,0,3,1947,2012,Seattle
372977.0,3.0,2.5,1690,1618,2.0,0,0,3,2014,0,Issaquah
310000.0,3.0,1.0,1050,9876,1.0,0,0,3,1953,0,Kenmore
538000.0,3.0,1.75,1400,3825,1.5,0,0,4,1904,0,Seattle
1400000.0,3.0,2.5,2550,7200,2.0,0,2,3,1981,2013,Seattle
317000.0,3.0,2.5,1840,5011,2.0,0,0,3,2012,1912,Maple Valley
702500.0,3.0,1.5,2360,6750,2.0,0,0,5,1926,0,Seattle
565000.0,4.0,2.5,2240,14667,2.0,0,0,4,1989,0,Newcastle
723000.0,4.0,2.5,2700,4004,2.0,0,0,3,2004,2003,Issaquah
766950.0,3.0,2.5,3030,30007,1.5,0,0,4,1992,0,Woodinville
682000.0,3.0,1.75,1830,5120,1.5,0,2,5,1903,0,Seattle
325000.0,3.0,2.5,2220,6049,2.0,0,0,4,1990,0,Kent
543000.0,3.0,2.5,2090,7640,1.0,0,0,3,1962,2014,Shoreline
525000.0,3.0,1.75,1600,6120,1.5,0,0,3,1924,2011,Seattle
364000.0,4.0,1.75,2010,8625,1.0,0,0,4,1957,2001,Shoreline
394475.0,2.0,1.0,830,4000,1.0,0,0,3,1955,2005,Seattle
316000.0,4.0,2.5,2010,7226,2.0,0,0,3,1995,0,Auburn
339950.0,3.0,1.0,1050,5402,1.5,0,0,4,1906,1990,Seattle
486000.0,4.0,2.5,2150,39449,1.0,0,0,3,1978,0,Fall City
160000.0,3.0,1.0,860,11900,1.0,0,0,4,1963,0,Kent
930000.0,3.0,2.5,3100,20553,1.0,0,0,3,1954,2005,Shoreline
139000.0,3.0,1.0,1100,17334,1.0,0,0,3,1978,0,Auburn
562000.0,3.0,1.5,1830,8000,1.0,0,0,4,1957,2001,Bellevue
299000.0,2.0,1.75,1250,34395,1.0,0,0,4,1950,1983,Federal Way
511000.0,3.0,2.5,1820,4883,2.0,0,0,3,2005,0,Kenmore
499000.0,3.0,2.0,2090,42689,1.5,0,0,3,1959,1998,Ravensdale
356000.0,3.0,3.5,2100,12384,2.0,0,0,3,1980,0,Tukwila
470000.0,4.0,2.5,2310,14023,2.0,0,0,3,1991,0,Duvall
715000.0,4.0,2.25,2060,5649,1.0,0,0,5,1941,0,Seattle
1120000.0,4.0,2.25,4470,60373,2.0,0,0,3,1988,2000,Woodinville
458000.0,3.0,1.0,1660,7500,1.0,0,0,4,1940,2001,Seattle
966000.0,5.0,4.5,3810,8019,2.0,0,0,3,2008,0,Sammamish
305495.0,3.0,1.75,2110,10200,2.0,0,0,4,1966,0,Renton
543000.0,2.0,2.0,2370,217800,1.5,0,0,3,1992,0,Issaquah
340000.0,3.0,2.25,1970,3716,2.0,0,0,3,1997,0,Renton
633100.0,4.0,2.5,2470,33305,2.0,0,0,3,1993,0,Redmond
310000.0,3.0,1.0,1480,7830,1.0,0,0,3,1952,2008,Shoreline
349950.0,5.0,3.0,2257,10117,1.0,0,0,3,2005,0,SeaTac
267800.0,2.0,1.0,700,6000,1.0,0,0,4,1949,1985,Shoreline
234000.0,4.0,2.0,1630,9010,1.0,0,0,4,1975,0,Auburn
740000.0,4.0,2.5,3430,10157,2.0,0,0,3,2000,0,Kirkland
607500.0,5.0,1.75,2220,6000,1.5,0,0,3,1923,1998,Seattle
223000.0,3.0,1.75,1340,7473,1.0,0,0,4,1973,0,Auburn
400000.0,2.0,1.0,980,2130,1.0,0,0,4,1918,1974,Seattle
802000.0,3.0,2.5,2580,13096,2.0,0,0,3,1986,0,Redmond
253000.0,4.0,2.5,2230,4541,2.0,0,0,3,2006,0,Covington
1058000.0,4.0,2.0,2290,11137,1.0,0,0,4,1955,2009,Bellevue
300000.0,3.0,1.0,1260,8280,1.0,0,0,3,1946,0,Seattle
625000.0,4.0,2.75,1680,11180,1.0,0,0,4,1966,0,Redmond
707000.0,4.0,3.25,3200,7081,2.0,0,0,3,2004,2003,Sammamish
950000.0,4.0,2.5,3320,7644,2.0,0,0,3,1995,0,Bellevue
420000.0,4.0,2.5,3040,24123,2.0,0,0,3,1999,0,Auburn
498000.0,4.0,2.75,2270,7375,1.0,0,0,4,1973,0,Kirkland
450000.0,3.0,2.5,2910,17172,2.0,0,0,3,1989,0,Federal Way
955000.0,5.0,2.25,2510,9887,2.0,0,0,3,1972,2002,Mercer Island
215000.0,2.0,1.0,1240,7200,1.0,0,0,3,1967,2011,Tukwila
437000.0,3.0,2.75,2580,5200,2.0,0,0,3,2008,0,Renton
773000.0,3.0,2.75,2470,3600,2.0,0,0,3,2007,0,Issaquah
1222500.0,4.0,3.5,4910,9444,1.5,0,0,3,2007,0,Sammamish
256883.0,3.0,2.5,1690,5025,2.0,0,0,3,2003,0,Federal Way
592500.0,4.0,2.5,2240,12032,1.0,0,0,3,1983,2009,Sammamish
252350.0,3.0,2.0,1650,7352,1.0,0,0,3,1979,2014,Renton
370000.0,4.0,2.5,2710,5880,2.0,0,0,3,1998,2006,Auburn
465750.0,3.0,1.5,1260,10350,1.0,0,0,3,1959,1989,Bellevue
185000.0,3.0,1.0,1150,8100,1.0,0,0,3,1932,0,Seattle
582800.0,4.0,2.75,2550,7636,1.0,0,0,3,1986,0,Sammamish
245000.0,3.0,1.75,1490,6930,1.0,0,0,4,1990,0,Kent
302000.0,4.0,1.75,2020,7865,1.0,0,0,4,1963,0,Renton
451555.0,2.0,1.0,1320,4520,1.0,0,1,3,1912,1971,Seattle
250000.0,3.0,1.0,1230,10350,1.0,0,0,4,1957,2001,Renton
255000.0,4.0,2.5,2070,7800,2.0,0,0,3,1989,0,Federal Way
840000.0,4.0,1.75,2930,11562,1.0,0,3,3,1947,2012,Seattle
190000.0,3.0,1.0,1090,8520,1.0,0,0,3,1967,2011,Federal Way
349950.0,3.0,1.0,1400,7066,1.0,0,0,3,1957,2000,Seattle
613000.0,4.0,2.0,1550,4815,1.5,0,0,3,1909,2004,Seattle
300000.0,3.0,1.0,1220,13000,1.0,0,0,4,1955,2009,Shoreline
455000.0,3.0,2.5,1870,7344,1.0,0,0,3,1980,0,Kirkland
335000.0,3.0,2.25,2150,30476,2.0,0,0,3,1991,0,Tukwila
197500.0,3.0,1.0,980,3090,1.5,0,0,3,1903,2005,Seattle
412500.0,3.0,1.5,1490,8475,1.0,0,0,4,1963,0,Redmond
395300.0,3.0,1.5,1120,7000,1.0,0,0,3,1955,2005,Bellevue
342400.0,3.0,2.25,1180,9630,2.0,0,0,3,1986,0,Kenmore
749400.0,4.0,2.5,3240,20301,2.0,0,0,3,1985,0,Redmond
316500.0,4.0,2.5,2150,6807,2.0,0,0,4,1991,0,Kent
390000.0,3.0,2.5,2240,10800,2.0,0,0,3,1996,0,Kenmore
225000.0,3.0,2.0,1400,7384,1.0,0,0,3,1979,2014,Renton
550000.0,3.0,2.25,1980,40887,1.0,0,0,4,1980,0,Redmond
280000.0,3.0,1.0,1330,20562,1.5,0,0,3,1959,1989,North Bend
1255000.0,4.0,2.5,3200,7535,2.0,0,0,3,2006,0,Seattle
575000.0,2.0,1.0,1490,6000,1.0,0,0,3,1946,0,Seattle
1000000.0,5.0,4.25,3920,16258,2.0,0,0,3,1990,2009,Bellevue
585000.0,5.0,1.75,2000,3750,2.0,0,0,4,1921,0,Seattle
620000.0,4.0,2.5,2680,9185,2.0,0,0,3,1989,0,Issaquah
204700.0,4.0,2.0,1670,9987,1.0,0,0,3,1967,2011,Auburn
695000.0,4.0,3.0,3150,9130,2.0,0,0,3,2001,0,Sammamish
689900.0,4.0,3.25,2740,7266,2.0,0,0,3,2003,0,Issaquah
375000.0,4.0,1.75,1890,8000,1.0,0,0,4,1960,2001,Shoreline
475000.0,7.0,3.5,2870,29699,1.0,0,0,3,1961,2004,Seattle
215000.0,3.0,1.0,1160,10384,1.0,0,0,4,1969,0,Maple Valley
2100000.0,4.0,1.75,3550,19865,2.0,0,0,3,1962,2002,Medina
790000.0,3.0,1.75,1790,6117,1.0,0,2,3,1940,1996,Seattle
350000.0,3.0,1.75,1680,250470,1.0,0,0,4,1940,2001,Duvall
695000.0,3.0,2.5,4560,17622,2.0,0,0,4,1986,0,Sammamish
263000.0,3.0,2.25,1590,7748,2.0,0,0,4,1991,0,Federal Way
400000.0,3.0,1.0,1630,10304,1.0,0,0,5,1953,0,Shoreline
525000.0,3.0,2.5,2700,7434,2.0,0,0,3,1991,0,Woodinville
349950.0,3.0,2.5,1700,7496,2.0,0,0,3,1994,0,Renton
1085000.0,4.0,3.25,3740,12080,1.0,0,0,3,1988,2000,Woodinville
744000.0,4.0,3.0,1980,5352,2.5,0,0,3,1941,2005,Seattle
312500.0,2.0,1.0,880,6345,1.0,0,0,3,1919,2001,Seattle
240000.0,3.0,2.0,1400,6200,1.0,0,0,3,1948,1994,Shoreline
495000.0,4.0,2.0,2050,4000,1.5,0,0,5,1941,0,Seattle
580050.0,3.0,2.5,2360,4638,2.0,0,3,3,1996,0,Seattle
640000.0,4.0,2.0,2560,7798,1.0,0,0,4,1947,1988,Seattle
417000.0,3.0,1.5,1340,10224,1.0,0,0,4,1956,0,Bellevue
174950.0,3.0,1.0,1060,5200,1.0,0,0,5,1970,0,Covington
295000.0,3.0,1.5,850,2500,1.0,0,0,3,1986,0,Seattle
423000.0,4.0,1.75,1880,7303,1.0,0,0,3,1976,0,Kirkland
839000.0,3.0,1.0,1230,12305,1.0,0,0,3,1955,1990,Bellevue
343000.0,4.0,1.75,2290,10290,1.0,0,0,3,1960,2012,Seattle
467000.0,3.0,1.0,1660,6582,1.0,0,0,5,1946,0,Seattle
512500.0,3.0,2.5,1840,2875,2.0,0,0,4,1997,0,Seattle
575000.0,4.0,2.5,3020,17810,1.0,0,0,3,1979,2014,Lake Forest Park
465000.0,3.0,1.75,1410,6886,1.0,0,0,3,1924,2013,Seattle
270000.0,3.0,1.0,1010,9514,1.0,0,0,3,1969,2010,Renton
340000.0,3.0,1.75,1960,8136,1.0,0,0,3,1948,1994,Seattle
765000.0,5.0,3.75,3580,14275,2.0,0,0,3,1999,0,Issaquah
497000.0,4.0,2.5,2240,7200,2.0,0,0,3,1995,0,Seattle
803100.0,4.0,2.5,3310,5404,2.0,0,0,3,2004,2003,Redmond
344000.0,3.0,2.5,1232,1130,3.0,0,0,3,2007,0,Seattle
828950.0,4.0,3.5,3930,5680,2.0,0,1,3,2013,1923,Issaquah
386380.0,3.0,2.5,1720,3600,2.0,0,0,3,2010,0,Redmond
312000.0,3.0,2.25,1490,974,2.0,0,0,3,2009,0,Seattle
720000.0,3.0,2.5,3150,151588,2.0,0,0,3,2007,0,Fall City
914500.0,4.0,2.5,3950,10856,3.0,0,0,3,2013,1923,Sammamish
819995.0,5.0,2.75,3030,10335,2.0,0,0,3,2013,1923,Newcastle
252700.0,2.0,1.5,1070,9643,1.0,0,0,3,1985,0,Kent
437500.0,3.0,2.5,2320,36847,2.0,0,2,3,1992,0,North Bend
350000.0,1.0,1.0,700,5100,1.0,0,0,3,1942,1999,Seattle
619000.0,3.0,2.5,2720,6439,2.0,0,0,3,2005,0,Snoqualmie
408200.0,3.0,2.5,1800,5761,2.0,0,0,4,1990,0,Seattle
451000.0,3.0,1.75,1560,4049,1.5,0,2,3,1926,2003,Seattle
317000.0,3.0,2.0,1760,11410,1.0,0,0,5,1977,0,Renton
799000.0,4.0,3.25,3120,5000,2.0,0,0,3,2005,0,Seattle
720000.0,2.0,1.0,2020,7200,1.0,0,3,4,1947,1988,Seattle
490000.0,3.0,2.0,1450,2400,1.5,0,0,3,1900,2003,Seattle
239900.0,4.0,2.25,1860,7000,1.0,0,0,3,1979,2014,Federal Way
446000.0,4.0,2.25,2270,7800,1.0,0,0,3,1977,2004,Kirkland
275000.0,3.0,2.5,1480,15639,2.0,0,0,3,1987,2000,North Bend
239950.0,5.0,1.0,1460,6032,2.0,0,0,4,1941,1998,Tukwila
248000.0,4.0,3.5,1850,6519,2.0,0,0,3,1986,0,Federal Way
619500.0,3.0,2.5,2170,5000,2.0,0,0,3,2003,0,Issaquah
363750.0,3.0,1.75,1726,197326,2.0,0,0,4,1982,2011,Vashon
385000.0,3.0,1.75,1180,10541,1.0,0,0,4,1981,0,Sammamish
370000.0,4.0,1.5,1370,9957,1.0,0,0,3,1972,2002,Kirkland
425000.0,3.0,2.5,2670,13218,1.0,0,0,4,1988,0,Kent
342000.0,3.0,1.0,1260,6826,1.0,0,0,3,1944,0,Seattle
345000.0,4.0,1.0,1980,7991,1.5,0,0,3,1962,2003,Renton
724800.0,3.0,2.0,2050,3933,1.0,0,0,3,1926,2001,Seattle
725000.0,5.0,2.75,2830,5310,2.0,0,0,3,2006,0,Redmond
605000.0,2.0,1.0,910,3600,1.0,0,0,4,1909,1989,Seattle
350000.0,4.0,2.5,2440,4000,2.0,0,0,3,2009,0,Maple Valley
785000.0,3.0,2.0,2180,5440,1.0,0,0,5,1904,0,Seattle
250000.0,3.0,2.0,1900,6660,1.0,0,0,5,1966,0,Maple Valley
565000.0,3.0,2.25,1520,1221,3.0,0,0,3,2013,1923,Seattle
875000.0,3.0,2.0,2220,6641,1.0,0,2,4,1947,1988,Seattle
862500.0,4.0,2.75,3280,24440,2.0,0,0,3,1996,0,Woodinville
400000.0,3.0,2.5,2740,83199,2.0,0,4,3,1973,2013,Kent
282613.0,2.0,1.0,830,6017,1.0,0,0,4,1954,1979,Shoreline
174500.0,2.0,1.0,1010,5200,1.0,0,0,3,1955,2005,Des Moines
306500.0,3.0,2.25,2060,38377,1.0,0,0,4,1978,2000,Federal Way
445000.0,3.0,2.25,1990,7340,2.0,0,0,3,1984,0,Woodinville
433000.0,4.0,2.5,2280,7568,2.0,0,0,4,2001,0,Renton
306000.0,3.0,2.5,1870,5874,2.0,0,0,3,2005,0,Kent
620000.0,3.0,2.25,1720,4000,1.5,0,0,4,1921,0,Seattle
245000.0,2.0,1.0,870,6150,1.0,0,0,3,1941,1994,Seattle
238000.0,3.0,2.0,1020,1204,2.0,0,0,3,2004,2003,Seattle
523000.0,3.0,1.5,1260,3135,1.5,0,0,3,1931,0,Seattle
522500.0,3.0,2.5,2370,7875,2.0,0,0,3,2003,0,Snoqualmie
180000.0,3.0,1.0,1000,18513,1.0,0,0,3,1940,1996,Seattle
375000.0,3.0,1.5,1100,1751,2.0,0,0,3,2007,0,Seattle
249000.0,3.0,2.25,1440,7673,1.0,0,0,3,1982,0,Kent
730100.0,4.0,2.5,3120,14300,2.0,0,0,3,2003,0,Issaquah
551000.0,2.0,2.0,2260,9604,1.0,0,0,3,1990,2009,Bothell
375000.0,4.0,2.5,2790,7956,2.0,0,0,3,2005,0,Des Moines
540000.0,1.0,1.0,1140,6700,1.5,0,0,3,1920,1979,Seattle
605000.0,3.0,2.25,1290,2500,2.0,0,0,4,1987,0,Seattle
205000.0,5.0,1.75,1730,5200,1.0,0,0,4,1978,2000,Covington
645000.0,4.0,2.5,3160,11380,2.0,0,0,3,1983,2009,Sammamish
314000.0,4.0,2.5,2340,8990,2.0,0,0,3,2003,0,Maple Valley
330000.0,3.0,1.5,1170,4950,1.0,0,0,4,1960,2001,Bellevue
490000.0,2.0,1.0,1160,5000,1.0,0,0,4,1937,0,Seattle
445000.0,3.0,3.0,1970,24318,1.0,0,0,3,2010,0,Kenmore
2000000.0,5.0,4.25,6490,10862,2.0,0,3,4,1991,0,Mercer Island
377500.0,3.0,2.25,1410,1377,2.0,0,0,3,2005,0,Issaquah
480000.0,4.0,2.5,2430,5000,2.0,0,0,3,2009,0,Snoqualmie
804995.0,5.0,1.5,3360,5402,2.0,0,0,3,2014,0,Sammamish
341000.0,3.0,2.5,1480,1663,2.0,0,0,3,2012,1912,Seattle
675000.0,5.0,2.5,3200,6455,2.0,0,0,3,2009,0,Snoqualmie
611000.0,3.0,2.5,2134,1984,2.5,0,0,3,2008,0,Issaquah
379950.0,3.0,3.25,1860,1787,3.0,0,0,3,2007,0,Shoreline
1270000.0,4.0,3.0,5520,8313,2.0,0,3,3,2008,0,Bellevue
500000.0,2.0,2.5,1310,1500,2.0,0,0,3,2006,0,Seattle
410000.0,3.0,2.0,1700,4250,1.0,0,0,3,1944,0,Seattle
415000.0,3.0,2.5,2480,8342,2.0,0,0,3,1986,0,Renton
297000.0,5.0,2.5,1970,8605,2.0,0,0,4,1994,0,Enumclaw
575550.0,4.0,2.5,2060,7475,1.0,0,0,3,1985,0,Redmond
534640.0,3.0,2.5,2130,3500,1.0,0,0,4,1994,0,Woodinville
352500.0,3.0,2.25,1410,14110,1.0,0,2,3,1987,2000,Snoqualmie
488000.0,2.0,2.0,1360,4688,1.0,0,0,3,1944,0,Seattle
732000.0,3.0,2.0,1940,55756,1.0,0,0,5,1954,0,Bellevue
215000.0,2.0,2.25,1610,2040,2.0,0,0,4,1979,0,Renton
592500.0,2.0,2.0,1420,9191,1.5,0,2,5,1928,1970,Seattle
290000.0,4.0,2.5,1700,7280,2.0,0,0,4,1988,0,Kent
475000.0,2.0,1.0,1490,3825,1.0,0,0,3,1929,0,Seattle
320000.0,3.0,2.5,2680,7757,2.0,0,0,3,1990,2009,Federal Way
1216000.0,4.0,2.5,3190,8684,1.0,0,3,5,1967,0,Bellevue
290000.0,5.0,1.5,2120,7700,1.5,0,0,5,1962,0,Renton
487250.0,4.0,2.0,1690,3250,1.5,0,0,3,1901,0,Seattle
339000.0,4.0,2.5,1830,8601,2.0,0,0,3,2003,0,Maple Valley
440000.0,2.0,1.5,1010,1968,1.5,0,0,5,1906,0,Seattle
366500.0,4.0,2.75,2070,9300,1.0,0,0,5,1945,0,Shoreline
462000.0,3.0,1.5,1710,4500,1.5,0,0,3,1928,1954,Seattle
560000.0,4.0,1.0,1660,4690,1.5,0,0,3,1945,2010,Seattle
285000.0,4.0,1.75,2080,13629,1.0,0,0,4,1955,2009,Seattle
280000.0,3.0,2.5,1270,9675,2.0,0,0,3,1993,0,North Bend
210000.0,3.0,1.0,1080,21043,1.0,0,0,3,1942,1999,Seattle
690000.0,3.0,2.0,1610,5100,1.5,0,0,5,1940,0,Seattle
256500.0,2.0,1.0,1120,9912,1.0,0,0,4,1980,0,Vashon
411000.0,4.0,2.75,2500,5257,2.0,0,0,3,1966,1963,Seattle
215000.0,3.0,1.0,970,7275,1.0,0,0,4,1970,0,Kent
762000.0,5.0,2.0,3370,5000,1.5,0,0,4,1907,0,Seattle
359950.0,3.0,1.0,1290,189486,1.0,0,0,4,1960,2001,Auburn
480000.0,4.0,3.5,3370,435600,2.0,0,3,3,2005,0,North Bend
1405000.0,4.0,3.5,3410,10769,2.0,0,0,3,2008,0,Bellevue
390000.0,4.0,2.5,2490,8290,2.0,0,0,3,1999,0,Auburn
413500.0,2.0,1.0,770,4000,1.0,0,0,5,1924,1956,Seattle
285000.0,1.0,1.5,810,3211,2.0,0,0,4,1982,2011,Kirkland
475000.0,4.0,2.5,3060,10043,1.0,0,0,4,1968,0,Shoreline
386591.0,3.0,2.5,1690,1613,2.0,0,0,3,2014,0,Issaquah
524950.0,3.0,1.75,1890,3825,1.0,0,0,3,1974,0,Seattle
241000.0,2.0,2.0,1470,3128,2.0,0,0,3,2005,0,Maple Valley
461000.0,2.0,1.0,1060,7193,1.0,0,0,3,1926,2003,Seattle
810000.0,4.0,2.5,3480,59242,2.0,0,0,3,1988,2000,Woodinville
885000.0,4.0,2.75,2730,3560,1.5,0,0,3,1921,2007,Seattle
247000.0,3.0,2.25,1580,7941,2.0,0,0,4,1986,0,Federal Way
296500.0,3.0,2.75,2170,7900,1.0,0,0,4,1978,2000,Kent
141800.0,2.0,1.0,930,4743,1.0,0,0,4,1942,1982,Renton
333000.0,4.0,2.0,1580,7800,2.0,0,0,2,1906,0,Seattle
602000.0,5.0,1.75,3290,11900,1.5,0,0,3,1973,2013,Redmond
565000.0,4.0,2.25,2110,10698,2.0,0,0,4,1979,0,Issaquah
373000.0,3.0,2.5,1670,3565,2.0,0,0,3,1999,0,Woodinville
588000.0,3.0,2.25,2030,7350,1.0,0,0,4,1977,0,Redmond
485000.0,3.0,1.0,1500,4100,1.5,0,0,3,1926,2003,Seattle
482500.0,3.0,2.25,1450,1445,2.0,0,0,3,2005,0,Seattle
251200.0,4.0,1.5,1310,8250,1.0,0,0,3,1953,0,Des Moines
869000.0,5.0,3.25,4180,49222,2.0,0,0,4,1979,0,Issaquah
464000.0,3.0,1.75,1630,28600,1.0,0,0,3,1967,2011,Woodinville
755000.0,4.0,2.5,2660,10452,2.0,0,0,3,1993,0,Redmond
280000.0,3.0,2.5,1720,1916,2.0,0,0,3,2005,0,Renton
485000.0,2.0,2.25,1260,1240,3.0,0,0,3,2004,2003,Seattle
305000.0,3.0,1.75,1610,12247,1.0,0,0,3,1981,2013,Renton
110700.0,2.0,1.0,680,8064,1.0,0,0,3,1941,1994,SeaTac
850000.0,4.0,3.5,2640,5900,2.0,0,2,3,1937,1998,Seattle
350000.0,3.0,2.25,1640,7200,2.0,0,0,4,1985,0,Bellevue
319950.0,4.0,1.75,2310,8045,1.0,0,0,4,1976,1992,Renton
700000.0,3.0,1.75,2010,4905,1.0,0,0,5,1912,0,Seattle
368000.0,2.0,1.5,1660,4680,1.0,0,0,5,1908,0,Seattle
433500.0,3.0,2.5,2200,3360,2.0,0,0,3,2009,0,Seattle
611000.0,4.0,2.5,2460,4200,2.0,0,0,3,1998,2006,Redmond
1000000.0,2.0,1.75,2430,23400,1.0,0,4,3,1951,1994,Shoreline
307000.0,3.0,1.0,1370,7500,1.0,0,0,3,1960,2012,Carnation
442500.0,3.0,1.75,1800,10200,1.0,0,0,3,1967,2011,Renton
485000.0,3.0,1.75,2200,7706,2.0,0,2,3,1908,1988,Des Moines
367000.0,2.0,1.0,700,2334,1.0,0,0,3,1945,2010,Seattle
429000.0,3.0,2.5,1920,15124,2.0,0,0,3,1995,0,North Bend
446000.0,5.0,2.75,2190,12687,1.0,0,0,5,1978,0,Kenmore
572500.0,3.0,2.25,2030,9791,1.0,0,0,4,1984,0,Newcastle
477000.0,3.0,2.5,1350,2053,3.0,0,0,3,2005,0,Seattle
518000.0,3.0,2.5,1680,2096,2.0,0,0,3,2008,0,Seattle
462000.0,5.0,1.75,1250,10530,1.0,0,0,4,1966,0,Bellevue
1190000.0,4.0,3.0,2240,6000,1.5,0,0,4,1914,1945,Seattle
137000.0,3.0,1.0,950,7620,1.0,0,0,3,1954,2005,Seattle
530000.0,3.0,3.5,2320,3174,2.0,0,0,3,1997,0,Kirkland
818000.0,2.0,2.5,2380,9374,1.0,0,2,3,2011,0,Redmond
640000.0,2.0,2.25,1540,958,3.0,0,0,3,2007,0,Seattle
298450.0,5.0,3.0,2100,9752,1.0,0,0,3,2007,0,Federal Way
575000.0,4.0,2.5,2500,4945,2.0,0,0,3,2013,1923,Snoqualmie
730000.0,4.0,2.5,3230,7331,2.0,0,0,3,2004,2003,Sammamish
551000.0,3.0,2.5,2830,5802,2.0,0,0,3,2001,0,Kenmore
271310.0,2.0,1.0,870,5340,1.5,0,0,2,1906,0,Seattle
675000.0,4.0,3.0,2690,28300,1.0,0,0,3,1954,1999,Normandy Park
479000.0,3.0,2.5,1260,889,3.0,0,0,3,2008,0,Seattle
520000.0,4.0,3.5,2680,10000,2.0,0,0,3,1942,2014,Seattle
599950.0,3.0,2.5,2660,4975,2.0,0,0,3,2014,0,Seattle
483945.0,2.0,1.75,1480,5120,1.0,0,0,4,1951,1999,Seattle
390000.0,4.0,2.25,1770,33132,1.0,0,0,4,1965,0,Renton
192500.0,2.0,1.0,950,7692,1.0,0,0,3,1926,2003,Seattle
330000.0,2.0,1.0,860,8308,1.0,0,0,4,1948,0,Seattle
250000.0,4.0,2.0,1960,7560,1.0,0,0,5,1978,0,Kent
243000.0,2.0,1.0,1770,5522,1.5,0,0,4,1943,0,Seattle
575000.0,4.0,1.75,1280,6060,1.0,0,0,3,1926,2003,Seattle
639000.0,4.0,2.5,2150,12028,2.0,0,0,4,1982,2011,Redmond
710000.0,2.0,1.0,1790,4000,1.0,0,0,4,1923,0,Seattle
675000.0,3.0,2.25,1990,10260,2.0,0,0,4,1987,0,Redmond
405000.0,5.0,2.5,2430,4781,2.0,0,0,3,2001,0,Renton
615000.0,4.0,2.75,2820,13193,1.0,0,0,3,1965,1993,Bellevue
490000.0,3.0,1.0,1910,8190,1.0,0,0,4,1946,1989,Seattle
467000.0,3.0,2.25,1270,1213,2.0,0,0,3,2005,0,Seattle
480000.0,4.0,2.75,2050,3960,1.0,0,0,4,1986,0,Seattle
755000.0,6.0,2.0,2150,4505,1.0,0,0,3,1952,2008,Seattle
760000.0,4.0,1.75,2450,13300,1.0,0,2,4,1987,0,Bellevue
387000.0,2.0,2.25,1230,1280,2.0,0,0,3,2012,1912,Seattle
925000.0,4.0,2.25,2260,41984,1.0,0,0,4,1967,0,Kirkland
415000.0,2.0,1.0,1050,60113,1.0,0,0,4,1943,0,Auburn
263000.0,3.0,1.75,1570,7775,2.0,0,0,3,1982,0,Kent
519900.0,4.0,2.0,1820,9350,1.0,0,0,4,1967,0,Redmond
570000.0,2.0,1.75,1540,4025,1.0,0,0,4,1908,0,Seattle
450000.0,3.0,1.5,2060,44866,1.0,0,0,3,1953,0,Woodinville
1300000.0,4.0,3.5,4380,74052,1.0,0,0,3,2001,0,Redmond
300000.0,3.0,1.0,1090,9900,1.0,0,0,4,1955,2009,Redmond
320000.0,3.0,1.75,1480,7225,1.0,0,0,4,1965,0,Renton
387500.0,4.0,1.0,1320,4440,1.5,0,0,3,1929,0,Seattle
458000.0,1.0,2.25,2140,10350,1.0,0,0,3,1976,0,Woodinville
1212500.0,4.0,3.5,4560,16643,1.0,0,3,3,1995,0,Bellevue
380000.0,4.0,3.0,2800,9764,2.0,0,0,3,2002,0,Maple Valley
200000.0,3.0,1.0,1050,5000,1.0,0,0,4,1967,0,Renton
385000.0,3.0,1.5,1490,9630,1.0,0,0,4,1959,0,Kenmore
396675.0,2.0,1.0,1730,6375,2.0,0,0,4,1945,0,Seattle
452000.0,4.0,1.0,1210,3760,1.5,0,0,3,1900,2005,Seattle
426000.0,4.0,2.5,2800,8494,2.0,0,0,3,2004,2003,Maple Valley
792000.0,3.0,1.5,1570,1050,2.0,0,0,3,1915,0,Seattle
315000.0,3.0,2.25,1400,31626,1.0,0,0,2,1987,0,Auburn
1275000.0,4.0,2.0,2850,7861,1.0,0,4,4,1970,0,Seattle
326000.0,6.0,3.0,1880,7200,1.0,0,0,4,1966,0,Renton
268500.0,2.0,1.0,790,8424,1.0,0,0,4,1953,1983,Shoreline
440000.0,2.0,1.75,1300,4000,2.0,0,0,3,1948,1994,Seattle
300000.0,3.0,1.0,2120,7735,1.0,0,0,4,1967,0,Renton
525000.0,3.0,1.5,1540,4773,2.0,0,0,3,1941,2009,Seattle
978000.0,4.0,2.75,2620,13777,1.5,0,2,4,1926,1993,Seattle
1125000.0,6.0,3.0,2880,3192,2.0,0,0,4,1919,1985,Seattle
700000.0,4.0,1.0,1680,4021,1.5,0,0,3,1921,2000,Seattle
315000.0,2.0,1.0,790,6969,1.0,0,0,3,1955,1984,Redmond
309000.0,3.0,1.0,1092,7500,1.5,0,0,3,1918,0,Seattle
219950.0,3.0,1.5,1650,9936,1.0,0,0,3,1967,2011,Federal Way
289000.0,3.0,2.5,2090,4700,2.0,0,0,3,2002,0,Covington
210000.0,4.0,1.75,2180,28710,1.0,0,0,3,1950,2005,SeaTac
260000.0,4.0,2.5,1990,6671,2.0,0,0,3,1989,0,Federal Way
699000.0,4.0,2.5,2650,7945,2.0,0,0,3,2006,0,Seattle
1800000.0,4.0,3.5,4460,16953,1.0,0,0,3,1962,1994,Medina
299950.0,3.0,1.0,910,8000,1.0,0,0,4,1950,1983,Shoreline
749950.0,3.0,2.5,2770,10773,2.0,0,2,3,1992,0,Bellevue
1100000.0,3.0,2.0,2390,6888,2.0,0,1,5,1939,0,Seattle
555000.0,3.0,2.5,3050,158558,1.0,0,0,4,1987,0,Renton
384000.0,3.0,2.5,1700,4000,2.0,0,0,3,2003,0,Snoqualmie
499950.0,5.0,3.5,3200,43560,2.0,0,0,3,1989,0,Renton
430000.0,3.0,1.75,1200,4500,1.0,0,0,5,1906,0,Seattle
350000.0,4.0,2.25,2220,6953,2.0,0,0,4,1999,0,Maple Valley
620000.0,3.0,2.5,2480,9041,2.0,0,0,3,2004,2003,Redmond
765000.0,4.0,2.25,2560,12100,1.0,0,0,4,1976,1992,Redmond
250000.0,4.0,1.5,2500,6300,1.0,0,0,4,1961,2001,Kent
376000.0,2.0,1.0,1150,4000,1.0,0,0,3,1947,2012,Seattle
475000.0,4.0,1.75,1650,7775,1.0,0,0,4,1950,1983,Seattle
120750.0,3.0,1.75,1140,9628,1.0,0,0,4,1969,0,Federal Way
1690000.0,3.0,1.75,3400,8965,1.0,0,2,5,1957,0,Seattle
330000.0,3.0,1.0,1180,43124,1.0,0,0,4,1959,0,Issaquah
619500.0,3.0,2.5,1700,4105,2.0,0,0,3,1992,0,Seattle
345000.0,3.0,1.5,1240,11200,1.0,0,0,4,1954,1979,Bellevue
598000.0,5.0,2.25,2890,12478,2.0,0,0,3,1977,2004,Sammamish
335000.0,3.0,1.0,1060,10050,1.0,0,0,4,1967,0,Kenmore
372500.0,4.0,1.75,1590,10523,2.0,0,0,4,1922,0,Shoreline
300000.0,6.0,5.25,2860,5682,2.0,0,0,3,1978,0,Auburn
194000.0,1.0,1.0,820,1060,1.0,0,0,3,2007,0,Seattle
507500.0,3.0,2.0,2020,8118,1.0,0,0,3,1963,2008,Bellevue
325000.0,4.0,2.25,1870,9680,1.0,0,0,4,1959,0,Kirkland
329900.0,3.0,2.5,2170,4905,2.0,0,0,3,2004,2003,Maple Valley
329000.0,4.0,2.5,1600,6765,1.0,0,0,3,1947,2011,Seattle
494000.0,4.0,1.75,2090,4300,1.5,0,0,4,1925,1968,Seattle
206000.0,4.0,2.0,1700,6025,1.0,0,0,3,1978,0,Auburn
423000.0,4.0,1.75,1940,6909,1.0,0,0,4,1941,1998,Seattle
259000.0,3.0,1.0,1320,8625,1.0,0,0,4,1957,2001,Renton
879950.0,4.0,2.25,3500,13875,1.0,0,4,4,1938,0,Seattle
345600.0,5.0,3.5,2800,5120,2.5,0,0,3,1903,2005,Seattle
395000.0,3.0,1.5,1080,2940,1.5,0,0,4,1920,0,Seattle
625000.0,4.0,2.5,3550,8048,2.0,0,0,3,2007,0,Snoqualmie
439000.0,3.0,2.0,2010,251341,2.0,0,0,3,2003,0,Duvall
380000.0,3.0,1.75,1690,1468,2.0,0,0,3,2008,0,Seattle
440000.0,3.0,1.5,1270,1443,3.0,0,0,3,2007,0,Seattle
415000.0,3.0,2.25,1970,2377,2.0,0,0,3,2008,0,Seattle
860000.0,4.0,2.75,3160,8097,2.0,0,0,3,2014,0,Kirkland
500000.0,3.0,2.5,1210,1200,3.0,0,0,3,2008,0,Seattle
953007.0,4.0,3.5,3120,5086,2.0,0,0,3,2008,0,Seattle
515000.0,4.0,2.5,2670,8765,2.0,0,0,3,2006,0,Renton
772000.0,3.0,2.25,1640,1204,3.0,0,0,3,2014,0,Seattle
329995.0,4.0,2.5,2303,3680,2.0,0,0,3,2013,1923,Auburn
409316.0,3.0,2.5,1800,3168,2.0,0,0,3,2014,0,Snoqualmie
490000.0,5.0,3.5,4460,2975,3.0,0,2,3,2013,1923,Seattle
305000.0,2.0,2.5,1590,2656,2.0,0,0,3,2009,0,Seattle
785000.0,4.0,3.5,3070,4684,2.0,0,0,3,2009,0,Issaquah
240000.0,2.0,1.75,1330,7200,1.0,0,0,3,1993,0,SeaTac
325000.0,3.0,1.0,990,6750,1.0,0,0,4,1947,1988,Seattle
535800.0,4.0,2.5,1900,5790,2.0,0,0,3,1994,0,Issaquah
720000.0,3.0,2.5,2020,1159,3.0,0,3,3,2000,0,Seattle
374000.0,3.0,1.75,2000,9416,1.0,0,0,4,1961,2001,Kirkland
189650.0,2.0,1.75,1100,7600,1.0,0,0,3,1980,0,Des Moines
420850.0,1.0,1.0,960,40946,1.0,0,0,5,1945,0,Carnation
815000.0,4.0,2.75,3488,9614,2.0,0,0,3,1998,2006,Redmond
1065000.0,2.0,1.75,1890,9466,2.0,0,0,3,1987,2000,Bellevue
199000.0,4.0,2.0,2030,8120,2.0,0,0,3,1950,2005,Seattle
195000.0,3.0,1.75,1380,7350,1.0,0,0,3,1981,2013,Covington
1506000.0,4.0,3.25,3660,5800,2.5,0,0,3,1909,1995,Seattle
288400.0,3.0,2.25,1870,3230,2.0,0,0,3,1997,0,Renton
442000.0,4.0,2.25,2080,12007,1.0,0,0,4,1979,0,Sammamish
619420.0,4.0,2.75,2450,14803,2.0,0,0,4,1988,0,Newcastle
635000.0,4.0,2.25,2750,6180,1.0,0,0,4,1948,0,Seattle
210000.0,3.0,1.0,1240,4842,1.0,0,0,4,1916,0,Seattle
512500.0,3.0,2.5,1900,7604,2.0,0,0,3,1990,2009,Kirkland
567000.0,3.0,2.5,2540,6093,2.0,0,0,3,1999,0,Kirkland
525000.0,3.0,2.75,2100,10362,2.0,0,0,3,1998,2006,Snoqualmie Pass
475000.0,4.0,2.0,1790,2250,1.0,0,2,4,1909,1989,Seattle
250000.0,3.0,2.0,1170,7258,1.0,0,0,3,1984,0,Auburn
220000.0,3.0,1.0,1060,9126,1.0,0,2,5,1956,0,Enumclaw
230000.0,5.0,2.0,1930,6120,1.5,0,0,3,1941,1969,Seattle
385500.0,3.0,2.0,1540,7947,1.0,0,0,3,1961,2004,Bothell
895000.0,5.0,3.0,2876,13927,1.0,0,2,4,1973,0,Mercer Island
368250.0,3.0,2.5,2150,7484,2.0,0,0,3,1988,2000,Sammamish
249900.0,2.0,1.0,1140,5500,1.0,0,0,3,1947,2012,Seattle
350000.0,3.0,1.5,980,7790,1.0,0,0,5,1969,0,Kirkland
175000.0,3.0,1.75,1230,13056,1.0,0,0,4,1962,0,Auburn
270000.0,3.0,1.75,1390,10905,1.0,0,0,3,1957,2000,Seattle
495000.0,3.0,3.5,2380,6250,2.0,0,3,3,1997,0,Seattle
1580000.0,3.0,3.25,3690,7200,2.0,0,0,3,2007,0,Kirkland
542500.0,5.0,3.25,3010,1074218,1.5,0,0,5,1931,0,Issaquah
330000.0,3.0,1.0,1250,9126,1.0,0,0,3,1969,2010,Woodinville
1003000.0,4.0,2.75,2290,6120,2.0,0,0,4,1926,1993,Seattle
299800.0,2.0,1.0,790,5240,1.0,0,0,4,1925,1968,Seattle
299900.0,3.0,2.5,2720,6014,2.0,0,0,3,2002,0,Auburn
691000.0,4.0,2.75,2550,8632,1.0,0,0,3,1972,2002,Kirkland
195000.0,2.0,1.0,1080,3899,1.0,0,0,4,1972,0,Des Moines
405000.0,3.0,1.75,2470,9620,1.0,0,1,4,1962,0,Des Moines
360000.0,2.0,0.75,850,7710,1.0,0,2,5,1909,1988,Seattle
256750.0,3.0,2.5,1990,8991,1.0,0,0,3,1969,2010,Kent
332500.0,3.0,2.25,1800,10500,2.0,0,0,3,1995,0,Maple Valley
975000.0,5.0,4.0,4850,36450,2.0,0,0,3,1977,2004,Bellevue
218000.0,3.0,1.0,1020,7874,1.0,0,0,3,1956,2001,Seattle
429000.0,3.0,2.5,2420,49928,2.0,0,0,3,1985,0,Issaquah
589000.0,4.0,2.5,2910,5776,2.0,0,2,3,1998,2006,Snoqualmie
255000.0,3.0,1.5,1060,9039,1.0,0,0,3,1973,2013,Renton
668750.0,4.0,2.5,2340,6420,1.0,0,2,3,1964,2000,Shoreline
344500.0,4.0,2.75,1800,5453,1.0,0,0,3,2002,0,Renton
452000.0,4.0,2.0,1660,6150,1.0,0,0,3,1945,2010,Seattle
540000.0,3.0,1.75,1300,62290,1.0,0,0,3,1983,2009,Redmond
246000.0,3.0,1.5,1780,23819,1.0,0,0,3,1953,0,Seattle
535000.0,2.0,1.0,1030,4841,1.0,0,0,3,1939,1969,Seattle
970000.0,4.0,3.25,2790,5420,1.0,0,3,3,1963,2013,Shoreline
430000.0,3.0,1.0,1150,3000,1.0,0,0,5,1906,0,Seattle
520000.0,4.0,2.5,3290,11446,2.0,0,0,3,1992,0,Kenmore
712000.0,4.0,2.5,3400,247421,2.0,0,0,3,2001,0,Ravensdale
450000.0,2.0,1.0,1200,4000,1.0,0,0,3,1940,1996,Seattle
220000.0,4.0,2.5,2160,8005,2.0,0,0,3,1993,0,Pacific
525000.0,3.0,1.0,1450,4000,1.0,0,1,4,1948,0,Seattle
1220000.0,4.0,2.5,3240,3600,2.0,0,0,3,2008,0,Seattle
540000.0,3.0,2.0,1470,1691,2.0,0,0,3,2007,0,Seattle
600000.0,4.0,2.5,2360,5226,2.0,0,0,3,2001,0,Kirkland
600000.0,3.0,2.25,2230,9053,2.0,0,0,4,1987,0,Bellevue
625000.0,4.0,2.5,2630,48706,2.0,0,0,3,1986,0,Woodinville
150000.0,3.0,1.0,1010,25000,1.0,0,0,3,1966,1963,Carnation
389999.0,3.0,2.25,1445,1471,2.0,0,0,3,2003,0,Issaquah
285000.0,3.0,1.75,2380,6000,1.5,0,0,3,1935,1974,Seattle
744000.0,4.0,2.75,2830,13059,2.0,0,0,3,1998,2006,Sammamish
700000.0,4.0,2.5,3010,46173,2.0,0,0,3,1996,0,Redmond
318989.0,4.0,2.25,2000,9000,1.0,0,0,4,1978,2000,Federal Way
556000.0,3.0,2.25,2020,3600,2.0,0,0,3,1998,2006,Kirkland
275000.0,3.0,2.5,2030,6326,2.0,0,0,3,1993,0,Maple Valley
430000.0,3.0,2.75,2550,11160,2.0,0,0,3,1994,0,Shoreline
300000.0,2.0,1.0,970,13700,1.0,0,0,3,1949,1998,Seattle
396450.0,3.0,1.75,1540,12446,1.0,0,0,5,1967,0,Issaquah
225000.0,2.0,1.0,1396,111949,1.0,0,0,3,1940,1997,Redmond
700000.0,4.0,3.25,2780,7875,2.0,0,0,3,2006,0,Seattle
260000.0,6.0,2.0,2220,8797,1.0,0,0,3,1977,2004,Auburn
655000.0,4.0,3.5,2350,13402,2.0,0,3,3,1994,0,Kirkland
1185000.0,3.0,2.25,2760,40946,2.0,0,0,5,1978,0,Bellevue
1550000.0,3.0,2.5,4460,26027,2.0,0,0,3,1992,0,Kirkland
413800.0,3.0,2.0,1440,4421,1.0,0,0,3,2007,0,Redmond
950000.0,5.0,3.75,5330,6000,2.0,0,2,3,2006,0,Issaquah
334990.0,4.0,2.5,2220,4228,2.0,0,0,3,2014,0,Seattle
2700000.0,5.0,4.75,5305,8401,2.0,0,2,3,2005,0,Kirkland
1030000.0,3.0,4.0,3880,13095,2.0,0,3,3,2009,0,Kirkland
1130000.0,4.0,3.25,3810,8519,1.0,0,1,3,2007,0,Kirkland
556000.0,3.0,3.0,1960,1168,2.0,0,0,3,2007,0,Issaquah
360000.0,3.0,2.5,1530,1131,3.0,0,0,3,2009,0,Seattle
480000.0,4.0,2.25,3250,34293,2.0,0,0,4,1983,0,Kent
324000.0,3.0,2.5,1750,7208,2.0,0,0,3,1994,0,Renton
1050000.0,4.0,3.25,3440,35021,2.0,0,0,3,1983,2009,Kirkland
275000.0,1.0,0.75,1170,14149,1.0,0,0,5,1962,0,Enumclaw
180000.0,3.0,1.0,870,5330,1.0,0,0,3,1969,2014,Covington
749000.0,4.0,2.5,2930,18199,2.0,0,0,3,1998,2006,Sammamish
1600000.0,3.0,2.5,3160,12824,1.0,0,2,4,1966,0,Bellevue
373500.0,2.0,1.0,800,3330,1.0,0,0,3,1918,0,Seattle
770000.0,4.0,2.5,2350,8001,2.0,0,0,4,1987,0,Bellevue
356000.0,2.0,1.75,1060,16470,1.0,0,0,3,1977,2004,Woodinville
625000.0,3.0,1.75,2060,12558,1.0,0,0,4,1984,0,Redmond
494400.0,2.0,1.75,1560,1750,1.0,0,0,4,1904,0,Seattle
585000.0,4.0,1.75,3000,42200,1.0,0,3,3,1950,2005,Renton
926300.0,3.0,1.5,1660,4800,2.0,0,0,3,1907,1983,Seattle
600000.0,3.0,1.75,1650,5100,1.0,0,0,5,1908,0,Seattle
430000.0,4.0,3.0,3220,8936,2.0,0,0,3,1990,2009,Kent
307000.0,3.0,1.5,2320,7500,1.0,0,0,3,1976,0,Duvall
604700.0,4.0,2.75,2750,14982,1.0,0,3,3,1981,2013,Des Moines
219900.0,3.0,1.0,910,6000,1.0,0,0,2,1956,0,Seattle
270000.0,2.0,1.5,840,867,2.0,0,0,3,2005,0,Seattle
432000.0,3.0,2.25,1470,1578,2.0,0,0,3,2007,0,Seattle
300000.0,6.0,2.0,2040,10812,1.0,0,0,4,1943,0,Renton
361000.0,3.0,1.0,1100,4046,1.5,0,4,4,1922,0,Des Moines
249950.0,2.0,1.0,940,8532,1.0,0,0,4,1959,0,Burien
320000.0,3.0,2.0,1110,10500,1.0,0,0,5,1978,0,North Bend
305000.0,4.0,1.75,2200,8100,1.5,0,0,5,1942,0,Seattle
503000.0,2.0,1.75,2860,59612,1.0,1,4,3,1948,2003,Federal Way
235750.0,2.0,1.0,740,11250,1.0,0,0,2,1938,0,Seattle
657000.0,4.0,1.75,2740,8520,1.0,0,2,3,1954,2005,Seattle
385000.0,3.0,1.0,1250,7300,1.0,0,0,4,1956,0,Bellevue
389950.0,4.0,2.5,3140,8060,2.0,0,0,3,1991,0,Federal Way
150000.0,2.0,1.0,820,10270,1.0,0,0,3,1954,2005,Seattle
254500.0,4.0,2.75,2570,7264,2.0,0,0,3,1998,2006,Auburn
555000.0,4.0,2.25,2350,8140,1.0,0,0,4,1977,0,Bellevue
1075000.0,4.0,3.0,3600,9200,1.0,0,4,4,1976,1992,Bellevue
245000.0,4.0,2.0,1580,8000,1.0,0,0,3,1967,2011,Federal Way
319950.0,2.0,1.0,1070,5824,1.0,0,2,5,1949,0,Seattle
337000.0,3.0,1.0,1070,6109,1.0,0,0,5,1951,0,Seattle
492000.0,4.0,2.0,1640,5000,2.0,0,0,3,1907,1983,Seattle
1170000.0,3.0,2.75,2890,12130,2.0,0,3,4,1987,0,Kirkland
348580.0,3.0,1.0,1220,7876,1.0,0,0,3,1966,1963,Kirkland
180000.0,2.0,1.0,1400,4500,1.0,0,0,3,1922,2008,Renton
400000.0,3.0,1.0,1040,6250,1.0,0,0,3,1942,1999,Seattle
295000.0,4.0,2.0,980,10640,1.0,0,0,5,1978,0,North Bend
910000.0,4.0,3.25,3340,10890,1.5,0,0,3,1963,2000,Redmond
1150000.0,6.0,4.5,6040,219542,2.0,0,0,3,1996,0,Issaquah
431500.0,3.0,3.5,1900,1612,2.0,0,0,3,2008,0,Seattle
180000.0,4.0,1.5,1740,7292,1.0,0,0,3,1962,2003,SeaTac
677000.0,3.0,2.0,2000,3207,1.0,0,0,4,1916,0,Seattle
1180500.0,3.0,1.75,1610,7200,1.0,0,0,3,1973,2013,Seattle
635700.0,4.0,2.5,3240,13978,1.0,0,0,3,1977,2004,Sammamish
482000.0,5.0,2.25,2230,9600,1.0,0,0,3,1978,0,Woodinville
168000.0,2.0,2.5,1160,2174,2.0,0,0,3,1998,2006,Seattle
805000.0,4.0,2.75,2410,6000,1.0,0,0,5,1950,0,Seattle
398000.0,2.0,1.0,590,10945,1.5,0,0,3,1983,2009,Black Diamond
665000.0,4.0,2.5,2600,17388,2.0,0,0,3,1996,0,Newcastle
592500.0,4.0,3.0,2170,8240,1.0,0,0,4,1968,0,Redmond
940000.0,4.0,2.75,2080,4000,1.5,0,0,3,1912,2000,Seattle
655000.0,4.0,2.5,2860,12394,2.0,0,0,3,1999,0,Sammamish
622500.0,4.0,2.5,2980,8107,2.0,0,0,3,2000,0,Snoqualmie
380000.0,2.0,2.5,1230,987,2.0,0,0,3,2011,0,Seattle
648360.0,4.0,1.75,2260,7005,1.0,0,1,4,1947,1988,Kirkland
432000.0,3.0,2.75,2200,14925,1.0,0,0,3,1982,0,Redmond
1050000.0,4.0,2.5,3030,12590,1.5,0,0,4,1988,0,Bellevue
353250.0,2.0,1.0,1060,1600,2.0,0,0,3,1979,2014,Seattle
1000000.0,4.0,3.0,4260,18687,2.0,0,0,3,1996,0,Sammamish
320000.0,3.0,2.25,998,844,2.0,0,0,3,2007,0,Seattle
349900.0,4.0,2.5,2052,3723,2.0,0,0,3,2014,0,Federal Way
330000.0,4.0,3.5,3150,6202,2.0,0,0,3,2005,0,Kent
408000.0,3.0,2.25,1950,7221,1.0,0,0,4,2006,0,SeaTac
321000.0,3.0,2.25,1347,1292,3.0,0,0,3,2010,0,Seattle
1051000.0,4.0,3.75,3860,5474,2.5,0,0,3,2007,0,Issaquah
2150000.0,4.0,5.5,5060,10320,2.0,0,0,3,2008,0,Bellevue
359000.0,3.0,1.5,1360,885,3.0,0,0,3,2008,0,Seattle
300000.0,5.0,2.5,2760,6000,2.0,0,0,3,2006,0,Seattle
380000.0,5.0,3.5,2420,4670,2.0,0,0,3,2013,1923,Seattle
660000.0,3.0,2.5,2450,4332,2.0,0,0,3,2010,0,Redmond
355000.0,3.0,2.25,1280,959,3.0,0,0,3,2005,0,Seattle
259000.0,3.0,2.5,1550,3569,2.0,0,0,3,2011,0,Auburn
353000.0,1.0,1.0,550,1279,2.0,0,0,3,2008,0,Seattle
430000.0,2.0,2.5,1520,1588,2.0,0,0,3,2007,0,Seattle
460000.0,3.0,1.0,1670,4005,1.5,0,0,4,1939,1989,Seattle
80000.0,1.0,0.75,430,5050,1.0,0,0,2,1912,0,Carnation
782000.0,4.0,2.5,2380,9614,2.0,0,0,4,1991,0,Bellevue
218000.0,3.0,1.0,960,9633,1.0,0,0,5,1982,0,Enumclaw
325000.0,3.0,1.0,1920,6862,1.0,0,2,3,1952,2008,Seattle
980000.0,4.0,3.0,3680,5854,1.0,0,3,3,1967,2011,Seattle
902000.0,4.0,2.25,2530,9200,1.0,0,0,5,1976,0,Bellevue
556000.0,5.0,2.5,3840,16905,2.0,0,0,3,1991,0,Federal Way
662990.0,3.0,1.75,1240,3600,1.5,0,0,5,1926,0,Seattle
225000.0,2.0,1.0,1300,11867,1.5,0,0,4,1975,0,Ravensdale
439950.0,4.0,2.5,2380,12067,2.0,0,0,3,2002,0,Renton
175000.0,2.0,1.0,1300,44431,1.0,0,0,5,1958,0,Auburn
306000.0,2.0,1.0,780,13500,1.0,0,0,4,1946,1989,Woodinville
235000.0,4.0,2.5,1810,39639,1.0,0,0,3,1970,2014,Kent
399500.0,3.0,1.75,2420,12676,2.0,0,0,3,1911,1986,North Bend
478000.0,3.0,1.0,1280,2580,1.5,0,0,3,1910,2014,Seattle
515000.0,2.0,1.0,1680,6500,1.0,0,0,4,1941,1998,Seattle
550000.0,3.0,2.5,2510,5400,2.0,0,0,3,1992,0,Renton
149000.0,3.0,1.0,1700,8645,1.0,0,0,3,1955,2005,Seattle
526000.0,3.0,1.75,1680,3420,1.0,0,0,3,1992,0,Seattle
527550.0,1.0,0.75,820,59677,1.0,0,0,3,1999,0,Snoqualmie
1050000.0,3.0,4.0,4380,42769,2.0,0,0,5,1983,0,Redmond
625000.0,3.0,2.5,2600,10092,1.0,0,0,3,1984,0,Sammamish
950000.0,5.0,3.25,3400,7452,2.0,0,0,3,1999,0,Bellevue
377691.0,5.0,1.75,2120,8399,1.0,0,0,4,1942,1982,Shoreline
648475.0,4.0,2.75,2250,5700,1.0,0,0,3,1951,1994,Seattle
383000.0,3.0,1.0,1800,5612,1.0,0,0,4,1942,1982,Seattle
535000.0,3.0,2.5,2210,7620,2.0,0,0,3,1994,0,Redmond
449950.0,3.0,2.0,1560,4080,2.0,0,0,3,1923,1982,Seattle
465425.0,4.0,2.75,2430,20720,1.0,0,0,3,1967,2011,Woodinville
675000.0,4.0,2.5,2560,36601,2.0,0,0,4,1987,0,Sammamish
599000.0,3.0,2.75,1960,2500,1.5,0,0,5,1926,0,Seattle
416000.0,3.0,1.5,1110,9762,1.0,0,0,4,1963,0,Redmond
595000.0,2.0,1.5,1030,4500,1.0,0,0,3,1924,2011,Seattle
200000.0,4.0,1.0,1350,11507,1.0,0,0,3,1966,1963,Renton
402000.0,3.0,2.0,1540,1827,2.0,0,0,3,2005,0,Issaquah
433000.0,4.0,1.75,1830,9600,1.0,0,0,4,1966,0,Bellevue
275000.0,4.0,1.5,1930,15531,2.0,0,0,3,1979,2014,Federal Way
410000.0,3.0,2.0,1650,9641,1.5,0,0,3,1983,2009,Kirkland
554820.0,4.0,2.0,3510,12905,1.0,0,2,3,1965,1982,Burien
1325000.0,4.0,3.0,3370,7920,1.0,0,3,3,1988,2000,Seattle
735000.0,3.0,2.5,2390,9157,2.0,0,0,3,1984,0,Redmond
607000.0,3.0,1.0,1230,8114,1.0,0,0,4,1951,1999,Bellevue
549900.0,4.0,3.0,2830,213879,2.0,0,0,4,1987,0,Auburn
258000.0,3.0,1.75,1620,7540,1.0,0,0,3,1988,2000,Maple Valley
661254.0,4.0,4.0,2290,6250,1.5,0,0,5,1940,0,Seattle
945000.0,4.0,2.0,2840,13367,1.0,0,0,3,1952,2008,Clyde Hill
799950.0,4.0,3.5,4220,196817,2.0,0,0,3,1993,0,Auburn
132500.0,3.0,1.0,1080,10500,1.0,0,0,3,1967,2011,Auburn
467100.0,3.0,1.75,1620,8645,1.0,0,0,3,1973,2013,Redmond
1610000.0,4.0,3.5,4390,11600,2.0,0,3,3,1990,2009,Mercer Island
641000.0,3.0,1.75,1620,3975,1.0,0,0,5,1926,0,Seattle
350000.0,3.0,1.0,1010,11244,1.0,0,0,4,1947,1988,Shoreline
335000.0,4.0,2.5,1750,8476,1.0,0,0,4,1983,0,Renton
900000.0,3.0,3.5,4080,217697,1.5,0,3,3,2000,0,Auburn
440000.0,4.0,2.5,2560,10400,1.0,0,0,4,1965,0,Issaquah
464600.0,3.0,1.75,1120,5500,1.5,0,0,4,1925,1968,Seattle
1200000.0,4.0,3.5,4740,172497,2.0,0,0,3,2003,0,Redmond
300000.0,2.0,1.0,1340,7788,1.0,0,2,3,1947,2012,Seattle
670500.0,4.0,2.0,1590,6750,1.0,0,0,3,1951,1994,Seattle
552000.0,3.0,1.0,1430,5000,1.0,0,0,4,1919,1985,Seattle
244000.0,4.0,1.0,1450,8960,1.0,0,0,3,1943,2002,Seattle
788600.0,4.0,2.75,3500,7200,2.0,0,0,3,2005,0,Redmond
445000.0,3.0,2.0,1630,8702,1.0,0,0,3,1987,2000,Renton
530000.0,4.0,1.75,1814,5000,1.0,0,0,4,1951,1999,Seattle
90000.0,2.0,1.0,580,7500,1.0,0,0,3,1943,2002,Seattle
585000.0,3.0,2.0,1670,4572,1.5,0,0,3,1931,0,Seattle
498000.0,2.0,2.0,1140,8282,1.0,0,0,3,1924,2009,Kirkland
379000.0,2.0,1.0,800,6380,1.0,0,2,3,1940,1996,Seattle
462000.0,3.0,1.75,1300,2580,1.0,0,0,5,1919,1934,Seattle
388000.0,4.0,2.5,2440,7155,2.0,0,0,3,1993,0,Renton
255000.0,3.0,2.0,1490,8371,1.5,0,0,3,1984,0,Kent
665000.0,3.0,2.75,1800,9550,1.0,0,0,4,1966,0,Bellevue
550000.0,3.0,2.0,1830,9152,1.0,0,0,5,1959,0,Bellevue
606000.0,3.0,1.0,1500,3920,1.0,0,0,3,1947,2012,Seattle
334000.0,4.0,2.5,2210,6080,1.0,0,2,4,1965,0,Seattle
360000.0,3.0,2.0,1270,1323,3.0,0,0,3,2006,0,Seattle
235000.0,2.0,1.0,1140,1730,1.5,0,0,3,2007,0,Seattle
580000.0,3.0,2.5,1620,1173,3.0,0,4,3,2008,0,Seattle
355000.0,3.0,2.0,1220,1186,3.0,0,0,3,2007,0,Seattle
375000.0,2.0,2.5,750,1430,2.0,0,0,3,2006,0,Seattle
372000.0,4.0,1.75,1960,9300,1.0,0,0,5,1979,0,North Bend
479000.0,3.0,1.0,1370,3000,1.5,0,0,3,1924,2011,Seattle
2000000.0,5.0,4.0,4580,4443,3.0,1,4,3,2004,2003,Sammamish
1680000.0,4.0,4.25,5584,68257,2.0,0,0,3,1998,2006,Carnation
501000.0,2.0,1.0,1010,4320,1.0,0,0,5,1924,1956,Seattle
245000.0,3.0,1.75,1260,6908,1.0,0,0,3,1994,0,Maple Valley
496700.0,3.0,2.5,1740,5782,2.0,0,0,4,1989,0,Issaquah
347000.0,4.0,1.5,2670,10026,2.0,0,0,3,1996,0,Auburn
199000.0,2.0,1.0,720,7200,1.0,0,0,5,1943,0,Renton
440500.0,3.0,2.5,2460,4399,2.0,0,0,3,2007,0,Snoqualmie
820000.0,4.0,2.5,3670,7000,2.0,0,0,3,2005,0,Sammamish
325000.0,4.0,3.5,2630,3435,1.5,0,3,3,1984,0,SeaTac
195000.0,3.0,1.75,1570,8459,1.0,0,0,3,1991,0,Enumclaw
675000.0,3.0,3.0,2980,28000,1.0,0,0,3,1981,2013,Redmond
295000.0,3.0,2.5,1560,4200,2.0,0,0,3,2003,0,Maple Valley
355300.0,3.0,2.5,1620,7410,1.0,0,0,5,1955,0,Shoreline
276000.0,3.0,1.0,1140,5000,1.0,0,0,3,1960,2012,Seattle
460000.0,2.0,1.5,2730,19877,1.0,0,0,4,1976,1992,Duvall
880000.0,3.0,2.0,2130,35169,1.0,0,0,4,1989,0,Woodinville
370000.0,3.0,2.5,1780,4050,2.0,0,0,3,2001,0,Shoreline
346000.0,4.0,2.5,2100,3916,2.0,0,0,3,2009,0,Renton
172500.0,3.0,1.0,1140,8800,1.0,0,0,3,1972,2002,Auburn
379950.0,3.0,1.5,1690,9144,1.0,0,0,4,1956,0,Kenmore
468000.0,2.0,1.0,1160,6000,1.0,0,0,4,1942,1982,Seattle
477000.0,4.0,2.75,1720,6270,2.0,0,0,3,1978,0,Seattle
529000.0,3.0,1.0,1210,3328,1.5,0,0,4,1924,0,Seattle
312000.0,3.0,1.5,1255,1374,3.0,0,0,3,2004,2003,Seattle
326100.0,2.0,1.0,880,7683,1.0,0,0,3,1942,1999,Seattle
360000.0,3.0,1.0,1050,9206,1.5,0,0,3,1954,2005,Seattle
438000.0,3.0,1.75,1650,12940,1.0,0,0,4,1961,2001,Kenmore
360000.0,3.0,1.0,1570,9467,1.0,0,0,3,1954,2005,Shoreline
1050000.0,4.0,2.5,2920,7200,1.0,0,3,3,1921,2006,Seattle
688000.0,4.0,3.0,3000,4000,1.5,0,3,3,1913,2014,Seattle
585000.0,3.0,1.75,1850,7735,1.0,0,0,4,1983,0,Issaquah
265000.0,3.0,2.5,1440,7741,1.0,0,0,4,1983,0,Kent
375000.0,3.0,1.75,1440,8775,1.0,0,0,3,1973,2013,Kirkland
326500.0,3.0,1.0,1810,12375,2.0,0,0,3,1970,2014,Woodinville
160000.0,2.0,1.0,1180,9350,1.0,0,0,3,1918,0,Seattle
1570000.0,4.0,3.75,3070,5850,2.0,0,0,5,1927,0,Seattle
735000.0,5.0,2.75,3390,5211,2.0,0,0,3,2004,2003,Sammamish
400000.0,2.0,1.0,1470,6120,1.0,0,0,2,1940,0,Seattle
800000.0,4.0,2.5,2680,7200,1.0,0,0,3,1952,2013,Kirkland
949880.0,4.0,2.25,2290,10687,2.0,0,0,3,1978,0,Bellevue
405000.0,3.0,1.75,1980,8100,1.0,0,0,4,1949,1985,Shoreline
399000.0,4.0,2.5,2870,9292,2.0,0,0,3,1979,2014,Renton
730001.0,3.0,2.0,1840,4750,1.0,0,0,5,1951,0,Seattle
1795000.0,4.0,3.25,4060,13000,2.0,0,3,3,2000,0,Mercer Island
260000.0,3.0,2.0,1630,8018,1.0,0,0,3,2003,0,Pacific
751750.0,2.0,2.0,1880,5400,1.5,0,0,3,1902,0,Seattle
325000.0,3.0,1.75,1780,13095,1.0,0,0,4,1983,0,Kent
344950.0,4.0,2.0,2330,6250,1.0,0,0,4,1941,1998,Kent
457500.0,3.0,1.75,1840,4030,1.0,0,0,5,1925,0,Seattle
389000.0,5.0,2.0,2330,10750,1.0,0,0,4,1962,0,Kenmore
515000.0,4.0,2.5,3200,6473,2.0,0,0,3,2005,0,Renton
732000.0,3.0,2.5,2330,1987,2.0,0,4,3,2004,2003,Seattle
415000.0,3.0,2.25,1950,8868,1.0,0,0,3,1964,2000,Shoreline
1655000.0,4.0,3.5,3080,4815,2.0,0,3,3,1937,2009,Seattle
535000.0,2.0,1.0,1040,5527,1.0,0,0,3,1951,1994,Seattle
540000.0,4.0,4.25,1960,3565,2.0,0,0,3,1940,2003,Seattle
525000.0,5.0,3.0,2750,3800,1.5,0,0,5,1926,0,Seattle
570000.0,3.0,1.75,1930,36210,1.0,0,0,3,1977,2004,Woodinville
569950.0,5.0,4.5,4850,40902,2.0,0,0,3,2001,0,Federal Way
283200.0,4.0,2.5,1982,6406,2.0,0,0,3,2004,2003,Kent
1100000.0,3.0,2.75,2640,4050,1.5,0,0,5,1926,0,Seattle
830000.0,4.0,2.5,1850,50662,1.0,0,0,3,1978,0,Redmond
495000.0,4.0,2.25,1940,9144,1.0,0,0,4,1956,0,Bellevue
292050.0,5.0,3.0,2840,7199,1.0,0,0,3,2003,0,Tukwila
415000.0,5.0,1.5,1900,10226,1.0,0,0,3,1961,2004,Kirkland
295832.0,5.0,1.0,1410,6400,1.0,0,0,5,1955,0,Des Moines
450000.0,4.0,2.5,2520,8515,2.0,0,0,3,1999,0,Duvall
1381000.0,4.0,3.75,3160,9525,2.5,0,0,3,1997,0,Mercer Island
857000.0,4.0,3.0,3720,29043,2.0,0,0,3,1991,0,Kirkland
499950.0,3.0,3.5,1820,1501,2.0,0,0,3,2014,0,Seattle
465000.0,3.0,2.0,1560,8640,1.0,0,0,5,1967,0,Kirkland
329000.0,3.0,1.0,1600,5952,1.0,0,0,4,1964,0,Seattle
475000.0,3.0,2.0,1230,11502,1.0,0,0,4,1984,0,Redmond
255000.0,3.0,1.0,960,8100,1.0,0,0,3,1955,2005,Shoreline
435000.0,3.0,1.0,1270,4000,1.5,0,2,3,1928,1954,Seattle
685000.0,3.0,2.5,2810,7700,2.0,0,0,3,2001,0,Bellevue
715000.0,2.0,2.5,2160,5581,1.0,0,0,3,2002,0,Redmond
780000.0,3.0,3.0,2520,2152,1.5,0,0,3,1925,2006,Seattle
345000.0,2.0,1.5,1180,844,2.0,0,0,3,2005,0,Seattle
355000.0,4.0,2.25,1810,4970,2.0,0,0,3,2003,0,Renton
282000.0,3.0,2.5,1680,15711,1.0,0,0,3,1994,0,Kent
244000.0,3.0,1.0,910,5250,1.0,0,0,4,1971,0,Burien
967500.0,3.0,3.75,3250,5797,2.0,0,2,4,1951,1999,Seattle
375000.0,3.0,1.5,2000,7294,1.0,0,0,3,1965,1993,Seattle
1600000.0,3.0,3.25,3790,19000,2.0,0,4,3,1985,0,Seattle
527500.0,3.0,1.75,2310,78844,1.0,0,0,3,1977,2004,Issaquah
994000.0,3.0,2.25,2510,6339,1.5,0,2,5,1932,2002,Seattle
313000.0,3.0,1.75,1320,6205,1.0,0,0,5,1948,1985,Shoreline
587000.0,3.0,2.25,2370,217800,2.0,0,0,3,1979,2014,Redmond
304000.0,3.0,1.0,900,7500,1.0,0,0,4,1972,0,Kirkland
675000.0,3.0,2.5,2540,7680,2.0,0,1,4,1940,2001,Seattle
305000.0,4.0,1.0,2100,9288,1.0,0,0,4,1968,0,Renton
280000.0,3.0,1.0,1200,6250,1.0,0,0,3,1943,2002,Seattle
960000.0,5.0,4.0,3720,15200,2.0,0,0,3,2005,0,Sammamish
500000.0,3.0,2.25,1760,4539,2.0,0,0,3,1988,2000,Issaquah
274950.0,3.0,1.75,1670,7415,1.0,0,0,3,1987,2000,Covington
455600.0,3.0,2.5,2420,8252,2.0,0,0,3,1998,2006,Snoqualmie
970000.0,5.0,3.0,3480,15185,2.0,0,0,4,1964,0,Mercer Island
312900.0,4.0,2.5,1630,4473,2.0,0,0,3,2003,0,Maple Valley
535000.0,4.0,2.5,2340,5600,2.0,0,0,3,1921,2013,Seattle
427000.0,2.0,1.0,920,3780,1.0,0,0,3,1910,2006,Seattle
405000.0,2.0,1.0,910,6490,1.0,0,0,3,1942,1999,Seattle
480000.0,3.0,1.0,1150,4945,1.0,0,2,3,1943,2002,Seattle
725000.0,3.0,1.5,2500,4774,1.5,0,2,3,1940,1996,Seattle
293000.0,4.0,2.5,3250,235063,1.0,0,2,3,1973,2013,Auburn
268000.0,4.0,2.0,1930,6600,1.0,0,0,4,1967,0,Burien
475000.0,4.0,3.5,3400,234352,2.0,0,0,3,1991,0,Vashon
488000.0,3.0,2.5,1590,2550,3.0,0,0,3,1985,0,Seattle
760000.0,4.0,2.5,3330,7399,2.0,0,0,3,2009,0,Redmond
1710000.0,5.0,4.5,4590,14685,2.0,0,0,3,2009,0,Kirkland
754950.0,3.0,2.5,2610,7256,2.0,0,0,3,2014,0,Kirkland
263900.0,3.0,2.5,1658,2700,2.0,0,0,3,2014,0,Des Moines
460000.0,3.0,3.5,1600,1431,2.0,0,0,3,2006,0,Seattle
399950.0,3.0,3.0,1296,1051,3.0,0,0,3,2009,0,Seattle
370000.0,2.0,2.25,1280,835,2.0,0,0,3,2009,0,Seattle
1149000.0,4.0,3.0,5940,11533,2.0,0,4,3,2004,2003,Snoqualmie
450800.0,4.0,3.25,2510,5311,2.0,0,0,3,2009,0,Renton
627000.0,3.0,3.5,2710,3475,2.0,0,0,3,2005,0,Issaquah
495000.0,3.0,2.5,1750,1548,3.0,0,0,3,2013,1923,Seattle
310000.0,3.0,1.0,1430,19901,1.5,0,0,4,1927,0,Kenmore
550000.0,4.0,1.0,1660,34848,1.0,0,0,1,1933,0,Redmond
215000.0,2.0,1.0,1320,8865,1.0,0,0,4,1943,0,Burien
799000.0,4.0,3.0,2580,209523,2.0,0,0,3,1984,0,Redmond
630000.0,4.0,2.5,2740,43101,2.0,0,0,3,1993,0,Woodinville
267000.0,3.0,2.5,2495,4400,2.0,0,0,3,2007,0,Federal Way
900000.0,6.0,2.75,2300,24773,1.5,0,0,4,1950,1985,Mercer Island
365000.0,3.0,1.5,1300,12240,1.0,0,0,3,1963,2008,Kenmore
544500.0,4.0,2.5,2230,10414,1.0,0,0,5,1974,0,Issaquah
599000.0,4.0,2.75,2020,2750,1.0,0,0,3,1917,2014,Seattle
815000.0,4.0,2.25,2000,3800,2.0,0,0,3,2001,0,Seattle
254000.0,2.0,1.0,1060,8187,1.0,0,0,4,1952,0,Shoreline
740000.0,2.0,1.75,2080,4800,1.0,0,0,5,1923,0,Seattle
225000.0,3.0,2.0,2030,24829,1.0,0,0,4,1979,0,Auburn
925000.0,3.0,2.5,2690,7000,2.0,0,0,5,1943,0,Seattle
1285000.0,4.0,2.5,3240,10800,1.0,0,0,3,1946,0,Seattle
537000.0,3.0,2.5,1550,12920,2.0,0,0,5,1999,0,Kirkland
335000.0,4.0,2.0,1480,3132,1.0,0,0,5,1910,0,Seattle
840000.0,4.0,2.75,3040,2800,2.0,0,0,3,1906,2014,Seattle
224000.0,3.0,1.5,1560,7300,1.0,0,0,4,1964,0,Auburn
395000.0,3.0,2.5,2250,3757,2.0,0,0,3,2006,0,Renton
450000.0,3.0,1.0,1100,4600,1.0,0,0,3,1917,2009,Seattle
681000.0,3.0,1.0,1700,6356,1.5,0,0,3,1907,1983,Seattle
898000.0,5.0,1.5,2680,28014,1.0,0,0,4,1963,0,Bellevue
370000.0,3.0,1.0,800,2296,1.0,0,0,4,1908,0,Seattle
429000.0,2.0,1.75,1350,6315,1.0,0,0,3,2005,0,Redmond
150000.0,3.0,1.0,820,7680,1.5,0,0,3,1910,2006,Seattle
555000.0,3.0,2.5,3160,4270,2.0,0,0,3,2006,0,Bothell
326000.0,3.0,2.75,1720,28000,1.0,0,0,4,1958,1972,Renton
225000.0,3.0,2.5,1680,6755,2.0,0,0,3,1994,0,Auburn
245100.0,3.0,1.75,1300,7958,1.0,0,0,3,1996,0,Auburn
665000.0,3.0,2.5,2190,10370,2.0,0,0,3,1987,2000,Sammamish
535000.0,3.0,2.5,1720,4006,2.0,0,0,3,1994,0,Issaquah
305000.0,3.0,1.0,1160,11776,1.0,0,0,3,1968,1997,Woodinville
999000.0,7.0,4.0,3150,34830,1.0,0,0,3,1957,2005,Bellevue
215000.0,3.0,1.75,1210,8075,1.0,0,0,4,1983,0,Pacific
432500.0,3.0,1.75,1980,5100,1.0,0,0,3,1965,1993,Seattle
655000.0,4.0,2.5,2990,5669,2.0,0,0,3,2003,0,Sammamish
266200.0,3.0,1.5,1430,9600,1.0,0,0,4,1966,0,Renton
244615.0,3.0,2.5,2060,4030,2.0,0,0,3,1999,0,Kent
460000.0,4.0,3.0,2230,52983,2.0,0,0,3,1991,0,Kent
370000.0,4.0,2.5,3090,18645,2.0,0,0,3,1995,0,Federal Way
465000.0,6.0,3.25,4250,23326,1.0,0,3,3,1967,2011,Federal Way
1175000.0,3.0,2.5,1970,23180,1.0,1,4,3,1937,1998,Seattle
189000.0,2.0,2.0,1700,3171,1.0,0,0,5,1927,0,Auburn
820000.0,3.0,2.5,2510,5503,2.0,0,2,3,1995,0,Seattle
968000.0,6.0,2.75,3610,17580,1.0,0,4,5,1959,0,Sammamish
1400000.0,4.0,3.25,2980,7000,2.0,0,3,3,1900,2014,Seattle
438750.0,3.0,1.75,1610,6480,1.0,0,0,4,1947,1988,Seattle
1210000.0,4.0,2.75,3650,6982,2.0,0,2,4,1951,2003,Seattle
600000.0,4.0,2.0,2510,38141,1.0,0,0,3,1960,2012,Kirkland
589000.0,3.0,1.0,1110,6000,1.5,0,0,5,1932,2002,Seattle
590000.0,3.0,2.0,1650,6150,2.0,0,0,4,1926,1993,Seattle
479900.0,3.0,2.0,1980,12150,1.0,0,0,3,1994,0,Kent
210000.0,2.0,1.5,880,1157,2.0,0,0,3,2007,0,Seattle
745000.0,3.0,1.75,1490,9800,1.0,0,0,4,1947,1988,Beaux Arts Village
840500.0,3.0,2.0,2520,5400,1.5,0,0,4,1906,1990,Seattle
420000.0,3.0,1.75,1820,22320,1.0,0,0,3,1977,2004,Redmond
565000.0,7.0,4.5,4140,9066,1.0,0,0,3,1978,0,Seattle
840000.0,4.0,2.5,3420,8405,2.0,0,0,3,2000,0,Sammamish
681716.0,4.0,2.5,3150,7277,2.0,0,0,3,2006,0,Renton
600000.0,3.0,1.75,1580,7416,1.0,0,0,3,1967,2011,Bellevue
380000.0,3.0,2.0,1660,8281,1.0,0,0,3,1949,1998,Seattle
168500.0,3.0,1.0,1100,10125,1.0,0,0,3,1969,2010,Covington
355000.0,2.0,1.0,1270,3200,1.0,0,0,4,1920,0,Seattle
277000.0,4.0,1.0,1450,6250,1.0,0,0,3,1964,2000,Seattle
236000.0,4.0,2.25,1830,9485,1.0,0,0,4,1989,0,Federal Way
270000.0,3.0,1.75,1300,4127,1.0,0,0,4,1918,1953,Seattle
700000.0,2.0,1.75,2320,5500,1.5,0,2,3,1925,2000,Seattle
425000.0,4.0,2.75,1680,9545,1.0,0,0,4,1979,0,Kenmore
635000.0,3.0,2.5,2300,5500,1.5,0,0,4,1921,0,Seattle
510250.0,3.0,1.75,1400,4000,1.0,0,0,3,1951,1994,Seattle
960000.0,4.0,2.25,2410,4560,2.0,0,2,5,1929,0,Seattle
254000.0,3.0,2.0,1480,7480,1.0,0,0,4,1992,0,Maple Valley
299000.0,3.0,1.0,1390,9624,1.5,0,0,4,1954,1979,Shoreline
175000.0,2.0,1.0,830,2699,1.0,0,0,3,1996,0,Maple Valley
157500.0,2.0,1.0,740,9003,1.0,0,0,3,1949,1998,Kent
580000.0,5.0,2.0,1940,6000,1.0,0,0,5,1945,0,Seattle
124740.0,3.0,1.0,1340,15600,1.0,0,0,4,1978,2000,Kent
1970000.0,8.0,3.5,4440,6480,2.0,0,3,5,1959,0,Seattle
285000.0,2.0,1.0,800,6240,1.0,0,0,3,1954,2005,Seattle
242000.0,3.0,1.75,1310,9645,1.0,0,0,3,1979,2014,SeaTac
840000.0,4.0,1.75,2330,4000,2.0,0,0,5,1924,1956,Seattle
474800.0,2.0,3.25,1400,1243,3.0,0,0,3,2000,0,Seattle
490000.0,4.0,2.5,2360,4367,2.0,0,0,3,2003,0,Woodinville
465000.0,3.0,2.25,1840,5752,2.0,0,0,3,2003,0,Kirkland
515000.0,4.0,2.5,2680,7178,2.0,0,0,3,2004,2003,Snoqualmie
430000.0,3.0,3.75,3890,7140,1.0,0,2,3,1943,2007,Seattle
253400.0,3.0,2.0,1400,8640,1.0,0,0,5,1968,0,Federal Way
355000.0,3.0,2.5,2400,9701,1.0,0,0,3,1990,2009,Federal Way
740000.0,4.0,2.25,2920,46355,2.0,0,0,4,1998,0,Fall City
186950.0,2.0,2.0,1390,1302,2.0,0,0,3,1986,0,Federal Way
306000.0,3.0,2.5,1680,11193,2.0,0,0,3,1984,0,Renton
510000.0,4.0,1.5,2040,8800,1.0,0,0,4,1961,2001,Bellevue
345000.0,2.0,1.0,1080,4000,1.0,0,0,3,1940,1996,Seattle
875000.0,3.0,2.75,2280,4280,1.0,0,0,5,1917,0,Seattle
700000.0,4.0,3.5,4490,5099,2.0,0,0,3,2006,0,Snoqualmie
1400000.0,4.0,3.25,4700,9160,1.0,0,4,3,2005,0,Seattle
499950.0,4.0,2.5,2798,4473,2.0,0,0,3,2012,1912,Renton
739000.0,3.0,2.5,2810,5400,2.0,0,0,3,2005,0,Redmond
363000.0,4.0,2.5,3753,7204,2.0,0,0,3,2008,0,Federal Way
782000.0,4.0,3.5,3910,8095,2.0,0,0,3,2007,0,Issaquah
325000.0,2.0,2.5,1050,1609,2.0,0,0,3,2005,0,Seattle
485000.0,4.0,1.0,1600,4300,1.5,0,0,4,1916,0,Seattle
452000.0,4.0,2.25,2590,10002,1.0,0,0,4,1968,0,Kenmore
264950.0,4.0,2.25,1720,9753,1.0,0,0,4,1978,2000,Federal Way
472000.0,6.0,2.5,4410,14034,1.0,0,2,4,1965,0,Federal Way
267500.0,3.0,1.75,1590,11914,1.0,0,2,3,1957,2000,SeaTac
565000.0,4.0,2.5,2440,22594,2.0,0,0,3,1996,0,Redmond
535000.0,3.0,2.5,1360,1016,3.0,0,0,3,2003,0,Seattle
389000.0,2.0,1.0,910,7000,1.0,0,0,3,1952,2008,Seattle
400000.0,4.0,1.5,1390,7200,1.0,0,0,3,1965,1993,Seattle
264000.0,3.0,1.5,1470,14821,1.0,0,0,4,1958,1972,Kent
690000.0,4.0,2.5,2920,9904,2.0,0,0,4,1990,0,Issaquah
412000.0,3.0,1.75,1950,52256,1.0,0,0,4,1985,0,Kent
695000.0,3.0,2.5,2390,4555,2.0,0,0,3,2006,0,Sammamish
246500.0,3.0,1.5,1270,11600,1.0,0,0,4,1964,0,Kent
230000.0,2.0,1.0,950,7560,1.0,0,0,3,1958,2004,Renton
302000.0,2.0,1.0,900,423838,1.0,0,2,5,1925,0,Enumclaw
820000.0,4.0,2.25,2280,6660,1.5,0,2,3,1940,1984,Seattle
145000.0,3.0,1.0,1010,5490,1.0,0,0,3,1954,2005,SeaTac
436500.0,2.0,1.0,1260,5000,1.0,0,0,3,1951,1994,Seattle
2453500.0,4.0,3.5,4730,13586,1.5,0,0,5,1935,0,Seattle
672000.0,3.0,2.5,2620,21587,2.0,0,0,3,1992,0,Redmond
680000.0,3.0,2.25,2330,4000,1.5,0,2,5,1927,0,Seattle
750500.0,5.0,3.0,2170,2440,1.5,0,0,4,1911,1966,Seattle
550000.0,5.0,2.0,2450,9488,1.0,0,0,4,1900,1955,Seattle
266500.0,4.0,1.75,1880,7632,1.0,0,0,4,1978,2000,Federal Way
619000.0,4.0,2.0,2300,3400,1.5,0,0,5,1915,0,Seattle
405000.0,3.0,2.0,1240,14404,1.0,0,0,3,1988,2000,Redmond
300000.0,2.0,1.0,820,3844,1.0,0,0,4,1916,0,Seattle
231000.0,4.0,2.0,1530,6375,2.0,0,0,3,1942,1983,Renton
790000.0,5.0,3.25,2900,12160,1.0,0,0,4,1967,0,Bellevue
400000.0,4.0,2.75,1240,3867,1.0,0,0,3,1987,2000,Seattle
950000.0,4.0,3.5,4140,13392,2.0,0,0,3,2000,0,Newcastle
450000.0,4.0,2.0,2240,7725,1.0,0,0,5,1956,0,Seattle
595000.0,3.0,2.0,1480,5000,1.0,0,0,4,1928,0,Seattle
332000.0,3.0,2.25,2270,8876,1.0,0,0,3,1977,2004,Renton
155000.0,3.0,1.0,1250,6250,1.0,0,0,2,1949,0,Seattle
400000.0,5.0,2.0,1930,9747,1.0,0,0,4,1962,0,Kenmore
349000.0,4.0,1.75,1700,7800,1.0,0,0,5,1981,0,Renton
529000.0,3.0,1.0,1590,6420,1.0,0,0,3,1944,0,Seattle
405000.0,5.0,1.75,1880,10000,1.0,0,0,3,1963,2008,Kirkland
635200.0,4.0,1.75,1640,4240,1.0,0,0,5,1921,0,Seattle
540000.0,3.0,1.5,2600,5085,1.0,0,0,4,1940,2001,Seattle
402000.0,2.0,1.0,710,1173,2.0,0,0,4,1943,0,Seattle
3100000.0,6.0,4.25,6980,15682,3.0,0,4,4,1999,0,Mercer Island
329932.0,3.0,1.5,1460,5040,1.0,0,0,3,1971,0,Seattle
300000.0,3.0,2.5,2080,9827,2.0,0,0,3,1989,0,Federal Way
525000.0,5.0,2.5,2630,9216,2.0,0,0,3,2003,0,Duvall
2750000.0,4.0,3.25,4430,21000,2.0,0,0,3,1952,2007,Medina
602500.0,4.0,2.5,2760,6850,2.0,0,0,3,1999,0,Newcastle
400000.0,4.0,2.0,1670,12056,1.0,0,0,3,1955,2005,Kenmore
445000.0,4.0,1.75,1990,4725,1.5,0,0,4,1944,0,Seattle
525000.0,3.0,3.0,2600,5238,1.5,0,3,3,1989,0,Des Moines
395000.0,2.0,1.0,1320,1824,1.5,0,0,4,1909,1989,Seattle
510000.0,3.0,1.5,2240,3800,2.0,0,0,3,1929,0,Seattle
723000.0,4.0,2.25,1960,8680,1.0,0,0,4,1959,0,Bellevue
503000.0,3.0,2.0,2590,108900,2.0,0,0,3,1988,2000,Maple Valley
672500.0,4.0,2.75,2620,6707,2.0,0,0,3,2000,0,Sammamish
860000.0,3.0,2.5,2770,9136,2.0,0,0,3,1991,0,Bellevue
475300.0,3.0,1.0,2110,10005,1.0,0,0,5,1924,1956,Kirkland
295000.0,4.0,2.5,2290,4539,2.0,0,0,3,2001,0,Renton
1425000.0,4.0,4.25,4960,6000,2.5,0,0,3,1909,2003,Seattle
250000.0,2.0,1.0,1110,26051,1.0,0,0,3,1951,1994,SeaTac
658000.0,4.0,2.75,3310,6166,2.0,0,0,3,2008,0,Snoqualmie
83000.0,2.0,1.0,900,8580,1.0,0,0,3,1918,0,Tukwila
685000.0,3.0,1.75,1940,7313,1.0,0,1,4,1960,2001,Seattle
210000.0,3.0,1.75,1590,7617,2.0,0,0,3,1986,0,Des Moines
650880.0,3.0,2.5,2930,6050,2.0,0,0,3,2008,0,Snoqualmie
350000.0,4.0,2.5,2040,22653,2.0,0,0,3,2011,0,Seattle
305000.0,2.0,2.25,1000,905,3.0,0,0,3,2006,0,Seattle
645000.0,3.0,3.25,1730,1229,2.0,0,2,3,2008,0,Seattle
385000.0,3.0,1.0,1220,4800,1.0,0,0,3,1901,0,Seattle
860000.0,3.0,2.25,3060,12095,2.0,0,0,3,1983,2009,Bellevue
395000.0,4.0,2.5,2910,5000,2.0,0,0,3,2002,0,Covington
260000.0,3.0,1.75,1050,5850,1.0,0,0,3,1980,0,Burien
196440.0,3.0,2.0,1560,7352,1.0,0,0,3,1992,0,Algona
425000.0,3.0,1.75,1680,3000,1.0,0,2,4,1900,1971,Seattle
2400000.0,4.0,3.25,4140,20734,1.0,0,1,3,1977,2005,Clyde Hill
369000.0,3.0,2.0,1550,8509,1.0,0,0,3,1959,1989,Seattle
1385000.0,6.0,2.75,5700,20000,1.0,0,4,4,1977,0,Bellevue
349900.0,3.0,2.5,2200,7278,2.0,0,0,3,1990,2009,Renton
650000.0,2.0,2.5,1740,2500,2.0,0,2,3,1994,0,Seattle
299950.0,3.0,1.0,1210,9525,1.0,0,0,3,1955,2005,Seattle
625000.0,4.0,3.25,4240,25639,2.0,0,3,3,1989,0,Federal Way
190000.0,3.0,2.25,1590,11745,1.0,0,0,3,1978,0,Auburn
715000.0,4.0,1.75,3420,7200,1.0,0,3,5,1947,0,Seattle
659000.0,4.0,2.5,3190,11375,1.0,0,0,5,1946,0,Seattle
490000.0,3.0,1.75,1920,5405,1.0,0,2,4,1947,1988,Seattle
415000.0,2.0,1.75,1340,4664,1.0,0,0,3,2004,2003,Redmond
750000.0,3.0,1.75,1700,8400,1.0,0,0,3,1947,2012,Seattle
700000.0,4.0,2.5,2310,3570,1.5,0,0,3,1927,2014,Seattle
425000.0,3.0,1.75,1510,44000,1.0,0,0,3,1989,0,North Bend
642000.0,3.0,2.5,2670,10082,1.0,0,0,3,1987,2000,Sammamish
655000.0,4.0,2.25,2060,8470,1.0,0,0,3,1983,2009,Bellevue
1365000.0,3.0,2.5,2090,6000,1.5,0,0,4,1928,0,Seattle
458000.0,5.0,2.5,3090,23265,1.0,0,0,3,1957,2000,Bothell
330000.0,2.0,2.5,1240,1546,2.0,0,0,3,2007,0,Seattle
384950.0,3.0,2.5,1860,3690,2.0,0,0,3,2000,0,Kenmore
560000.0,3.0,1.5,2000,7350,1.0,0,0,3,1953,0,Seattle
950000.0,4.0,1.75,2500,92347,1.0,0,0,4,1970,0,Mercer Island
465000.0,4.0,2.25,1820,20349,1.0,0,0,5,1977,0,Woodinville
425000.0,3.0,2.25,1820,8058,1.0,0,0,3,1974,0,Kirkland
315000.0,3.0,2.0,1060,5750,1.0,0,0,3,1981,2013,Seattle
530000.0,3.0,2.5,1950,9906,2.0,0,0,3,1988,2000,Sammamish
399000.0,2.0,1.0,940,4800,1.0,0,0,4,1911,1955,Seattle
168000.0,2.0,1.5,1220,3568,1.5,0,0,4,1976,1992,Des Moines
1886700.0,5.0,3.5,4180,17935,2.0,0,0,3,2004,2003,Bellevue
374000.0,3.0,1.0,1200,9800,1.0,0,0,4,1971,0,Woodinville
740000.0,5.0,3.75,3990,18897,2.0,0,0,3,1937,2010,Seattle
280000.0,2.0,1.0,1880,7560,1.0,0,0,3,1919,2001,Seattle
322000.0,4.0,2.5,2280,7200,2.0,0,0,3,1994,0,Kent
459900.0,3.0,1.75,2580,11000,1.0,0,0,4,1951,1999,Bellevue
750000.0,4.0,2.75,2600,4674,1.0,0,0,3,1976,0,Seattle
1256500.0,4.0,2.5,3150,13700,2.0,0,0,4,1966,0,Mercer Island
3710000.0,4.0,3.5,5550,28078,2.0,0,2,4,2000,0,Medina
427000.0,5.0,2.75,2220,4000,1.0,0,0,3,1973,2013,Seattle
800000.0,2.0,2.25,1730,31491,2.0,1,2,4,1947,1988,Vashon
735000.0,4.0,3.0,2840,4120,1.5,0,0,4,1931,0,Seattle
642000.0,4.0,2.5,2560,8780,2.0,0,0,3,1992,0,Issaquah
240000.0,3.0,2.0,1330,6000,1.0,0,0,4,1900,1971,Seattle
645500.0,2.0,1.0,1890,5202,1.5,0,0,4,1909,1989,Seattle
840000.0,7.0,4.5,4290,37607,1.5,0,0,5,1982,0,Issaquah
475000.0,2.0,2.0,1540,54450,2.0,0,0,3,1983,2009,Redmond
568000.0,4.0,2.0,2340,50233,1.0,0,0,4,1966,0,Sammamish
325000.0,3.0,1.75,2180,10230,1.0,0,0,4,1961,2001,Seattle
825500.0,3.0,2.5,2780,11964,2.0,0,0,3,2009,0,Kirkland
499431.0,4.0,2.75,2620,6019,2.0,0,0,3,2013,1923,North Bend
919204.0,4.0,3.5,3760,5000,2.0,0,0,3,2014,0,Seattle
545000.0,4.0,2.5,2720,4738,2.0,0,0,3,2012,1912,Snoqualmie
660000.0,3.0,2.25,2675,40910,2.0,0,0,3,1984,0,Sammamish
538888.0,5.0,2.75,2080,13189,2.0,0,0,3,1987,2000,Sammamish
693000.0,3.0,2.5,2460,12028,2.0,0,0,3,1996,0,Redmond
289950.0,3.0,2.5,1960,3480,2.0,0,0,3,2004,2003,Renton
587000.0,4.0,2.5,2550,6256,2.0,0,0,3,1992,0,Woodinville
615000.0,3.0,2.25,1760,1146,3.0,0,0,3,2014,0,Seattle
459000.0,3.0,1.75,1620,7330,1.0,0,0,4,1974,0,Kirkland
243000.0,3.0,1.75,1790,12000,1.0,0,0,3,1960,2012,Des Moines
1505000.0,4.0,3.5,3480,7232,2.0,0,0,3,1926,2010,Seattle
660000.0,4.0,1.75,2780,9900,2.0,0,0,4,1978,2000,Sammamish
1595000.0,5.0,3.0,3640,8239,2.0,0,3,3,1982,0,Bellevue
250000.0,1.0,1.0,750,4000,1.0,0,0,3,1918,0,Seattle
315000.0,3.0,1.0,960,6634,1.0,0,0,3,1952,2008,Seattle
404000.0,3.0,1.5,2030,8880,1.0,0,0,3,1963,2008,Seattle
559900.0,3.0,2.75,2930,5569,1.0,0,0,3,2004,2003,Woodinville
285000.0,2.0,2.5,1380,1073,2.0,0,0,3,2011,0,Seattle
500000.0,3.0,2.0,1720,5525,1.0,0,2,5,1941,0,Seattle
380000.0,2.0,1.0,1210,4800,1.0,0,0,3,1950,2005,Seattle
469000.0,3.0,1.0,950,4250,1.5,0,0,5,1948,1985,Seattle
405000.0,2.0,1.75,1710,4234,2.0,0,0,3,1920,1979,Seattle
439900.0,2.0,2.0,1410,12282,1.5,0,0,5,1909,1988,Preston
525000.0,4.0,2.5,2910,7631,2.0,0,2,3,2006,0,Maple Valley
580000.0,4.0,2.5,2220,7064,2.0,0,0,3,1988,2000,Issaquah
1250000.0,5.0,3.25,3160,13238,2.0,0,0,5,1972,0,Mercer Island
275000.0,3.0,2.0,1380,4500,1.0,0,0,3,2008,0,Maple Valley
629000.0,3.0,2.0,1760,5000,1.0,0,0,5,1920,0,Seattle
395000.0,1.0,1.0,730,3000,1.0,0,0,3,1911,1979,Seattle
965000.0,4.0,2.5,2460,5000,2.0,0,0,5,1938,0,Seattle
820000.0,3.0,1.75,2160,6272,1.0,0,0,4,1960,2001,Seattle
661000.0,4.0,2.25,1990,4600,1.5,0,2,4,1932,1958,Seattle
789000.0,3.0,3.0,3740,39640,2.0,0,2,3,1991,0,Vashon
668500.0,4.0,2.5,2710,5500,2.0,0,0,3,1999,0,Sammamish
350000.0,3.0,2.5,2680,7836,2.0,0,0,3,1990,2009,Auburn
250000.0,4.0,2.0,1850,7560,1.0,0,0,4,1978,2000,Kent
725995.0,4.0,2.5,3190,7869,2.0,0,2,3,2001,0,Snoqualmie
1000000.0,3.0,2.5,2730,5832,2.0,0,0,3,1998,2006,Bellevue
686000.0,3.0,1.5,1840,9990,2.0,0,0,5,1961,0,Seattle
665000.0,4.0,2.5,2720,10000,2.0,0,0,3,1987,2000,Sammamish
1965221.0,4.0,3.5,4370,8510,2.0,0,1,3,2003,0,Bellevue
653000.0,3.0,2.5,2290,3475,2.0,0,0,3,2006,0,Issaquah
430000.0,2.0,1.0,990,4802,1.0,0,0,3,1947,2012,Seattle
305000.0,2.0,1.5,1140,2980,2.0,0,0,3,1988,2000,Issaquah
809000.0,4.0,1.5,1840,4337,2.0,0,0,4,1917,0,Seattle
440150.0,2.0,1.0,1110,6800,1.0,0,0,5,1947,0,Seattle
615000.0,4.0,2.5,2150,9070,2.0,0,0,4,1985,0,Redmond
1035000.0,3.0,2.5,2230,5750,2.0,0,0,3,2003,0,Kirkland
455000.0,2.0,1.0,1170,6000,1.0,0,0,4,1941,1998,Seattle
635000.0,3.0,2.5,1960,7200,1.0,0,0,4,1940,2001,Seattle
675000.0,3.0,2.25,2610,9002,2.0,0,0,3,1988,2000,Redmond
316000.0,3.0,2.25,2130,8721,1.0,0,0,3,1987,2000,Kent
955000.0,3.0,2.25,3020,43560,2.0,0,0,3,1969,2010,Bellevue
985000.0,3.0,1.75,1670,5400,2.0,0,0,5,1912,0,Seattle
465500.0,3.0,1.75,1890,7004,1.0,0,0,3,1965,1993,Seattle
305000.0,3.0,1.0,950,13475,1.0,0,0,3,1950,2005,Shoreline
645000.0,4.0,2.5,2430,14400,1.0,0,0,5,1963,0,Bellevue
730000.0,4.0,2.0,2360,6000,1.0,0,0,5,1939,0,Seattle
366000.0,3.0,1.75,1510,8301,1.0,0,0,3,1967,2011,Kirkland
290000.0,3.0,2.5,2080,4828,2.0,0,0,3,2002,0,Covington
472500.0,3.0,2.0,1750,15500,1.0,0,0,3,1982,0,Sammamish
550000.0,3.0,2.0,1810,4064,1.5,0,0,3,1925,2002,Seattle
410000.0,4.0,1.75,1790,11875,1.0,0,0,4,1969,0,Issaquah
440000.0,4.0,2.75,2340,11034,1.0,0,0,3,1967,2011,Lake Forest Park
535000.0,3.0,2.5,1690,9626,2.0,0,0,3,1984,0,Issaquah
300000.0,4.0,2.5,2070,7476,2.0,0,0,3,2003,0,Auburn
432500.0,3.0,2.5,2240,6396,2.0,0,0,3,2002,0,Snoqualmie
870000.0,4.0,3.0,4500,21780,2.0,0,2,3,1980,0,Mercer Island
492000.0,3.0,1.75,2770,39927,1.0,0,0,4,1978,2000,Issaquah
199950.0,3.0,1.0,1010,7245,1.0,0,0,3,1969,2010,Federal Way
439800.0,3.0,1.5,1120,6900,1.0,0,0,5,1956,0,Bellevue
320000.0,5.0,2.5,3020,21441,1.0,0,0,4,1978,2000,Kent
687000.0,4.0,3.25,4400,186846,2.0,0,0,4,1993,0,Enumclaw
345000.0,3.0,1.75,1990,5650,1.0,0,1,3,1963,2008,Seattle
274950.0,3.0,1.0,1450,8820,1.0,0,0,3,1958,2004,Tukwila
270000.0,4.0,2.5,1920,8497,2.0,0,0,3,1998,2006,Auburn
342000.0,2.0,2.5,1175,1366,2.0,0,0,3,2005,0,Seattle
327000.0,3.0,1.5,1320,13200,1.0,0,0,3,1970,2014,Renton
610000.0,5.0,2.5,3990,3839,1.0,0,0,4,1962,0,Seattle
455000.0,2.0,1.0,1140,5720,1.0,0,0,3,1947,2012,Seattle
540000.0,4.0,1.75,1720,4240,1.5,0,0,4,1925,1968,Seattle
411000.0,4.0,2.75,2150,9915,1.0,0,0,5,1976,0,Newcastle
544000.0,3.0,1.5,1790,8203,1.5,0,1,3,1910,2006,Seattle
802000.0,2.0,2.5,2210,6327,1.0,0,0,3,2003,0,Redmond
568500.0,3.0,2.75,2180,7519,1.0,0,0,4,1981,0,Redmond
391000.0,3.0,2.25,1410,1290,2.0,0,0,3,2004,2003,Issaquah
298000.0,3.0,2.5,1950,3600,2.0,0,0,3,2010,0,Maple Valley
400000.0,3.0,2.5,1495,936,3.0,0,0,3,2006,0,Seattle
425000.0,3.0,2.25,1660,6000,1.0,0,0,3,1979,2014,Seattle
328500.0,3.0,2.5,1950,8130,2.0,0,0,4,1990,0,Kent
650000.0,5.0,2.75,2550,5040,1.5,0,0,5,1902,0,Seattle
850000.0,3.0,1.75,1370,3850,1.0,0,0,5,1911,1988,Seattle
930000.0,4.0,2.5,2200,4000,2.0,0,0,5,1908,0,Seattle
530000.0,3.0,1.75,1250,6041,1.5,0,0,5,1942,0,Seattle
495000.0,4.0,2.25,2220,8872,1.0,0,0,4,1961,2001,Bellevue
500000.0,3.0,1.75,1620,4200,1.0,0,0,5,1945,0,Seattle
325000.0,3.0,1.75,2250,26337,1.0,0,0,3,1980,0,Auburn
365000.0,3.0,2.5,1720,99916,2.0,0,0,4,1990,0,Kent
471000.0,4.0,2.5,3030,9687,2.0,0,0,3,1998,2006,North Bend
223000.0,3.0,1.0,1030,9120,1.0,0,0,3,1961,2004,Kent
503000.0,3.0,2.5,2190,4882,2.0,0,0,3,1999,0,Lake Forest Park
230000.0,3.0,2.0,1440,5600,1.0,0,0,4,1942,2007,Renton
550000.0,4.0,2.5,2170,9600,1.0,0,0,3,1980,0,Redmond
1100000.0,4.0,3.75,2930,3200,1.5,0,0,5,1925,0,Seattle
193000.0,3.0,1.5,1180,9048,1.0,0,0,3,1960,2012,Burien
590000.0,4.0,4.25,2360,57514,2.0,0,0,4,1939,1987,Federal Way
712500.0,3.0,1.5,1660,8797,1.0,0,0,4,1956,0,Bellevue
689800.0,3.0,2.75,2390,9313,1.0,0,0,5,1942,0,Seattle
430000.0,3.0,2.0,1360,5120,1.5,0,0,4,1924,0,Seattle
785200.0,3.0,2.25,1840,3500,1.5,0,0,5,1910,0,Seattle
474900.0,3.0,2.25,1800,43647,1.0,0,0,4,1976,1992,Woodinville
1070000.0,4.0,3.75,4130,12320,2.0,0,0,3,2001,0,Newcastle
435000.0,3.0,1.75,2220,132858,1.0,0,0,3,1988,2000,Issaquah
941500.0,5.0,3.5,3490,9680,2.0,0,4,3,1980,0,Shoreline
312000.0,4.0,2.5,1830,5175,2.0,0,0,3,2003,0,Maple Valley
835000.0,4.0,2.75,1550,4000,1.5,0,0,3,1930,1997,Seattle
713250.0,3.0,2.0,2050,9000,1.0,0,0,4,1951,1999,Mercer Island
440000.0,2.0,1.0,1230,6600,1.0,0,0,3,1906,2014,Seattle
580135.0,4.0,2.5,3150,5886,2.0,0,0,3,2014,0,Renton
575000.0,3.0,2.25,3800,33825,1.0,0,0,4,1976,1992,Kent
613000.0,3.0,2.5,1350,3068,2.0,0,0,3,1991,0,Seattle
235000.0,3.0,2.0,1530,8700,1.0,0,0,4,1970,0,Renton
660000.0,3.0,2.5,2290,2798,3.0,0,0,4,1953,1983,Seattle
280000.0,2.0,1.5,1480,15641,1.0,0,0,4,1940,2001,Seattle
268000.0,3.0,1.75,1970,10270,1.0,0,0,4,1966,0,Kent
235000.0,2.0,1.0,720,4840,1.0,0,0,4,1947,1988,Seattle
390000.0,3.0,2.0,1080,7236,1.0,0,0,5,1947,0,Seattle
654950.0,4.0,2.5,2790,45902,2.0,0,0,3,1987,2000,Woodinville
449500.0,5.0,2.75,2040,7488,1.0,0,0,4,1969,0,Kirkland
150000.0,3.0,1.0,1320,8220,1.0,0,0,3,1959,1989,Des Moines
440000.0,3.0,2.25,1680,57063,2.0,0,0,4,1989,0,North Bend
710000.0,3.0,2.0,2140,4923,1.0,0,0,4,1928,0,Seattle
420000.0,3.0,1.75,1660,9600,1.0,0,0,3,1981,2013,Bothell
312000.0,3.0,2.25,1540,5338,1.0,0,0,5,1954,0,Seattle
320000.0,3.0,2.0,1880,10758,1.0,0,0,5,1952,1998,Renton
235000.0,3.0,1.0,1250,15603,1.0,0,0,4,1959,0,Renton
437000.0,5.0,2.0,2120,137565,1.5,0,0,3,1913,1983,Vashon
545000.0,3.0,1.75,1810,3000,1.5,0,0,4,1903,0,Seattle
640000.0,3.0,2.5,2370,11172,2.0,0,0,3,1993,0,Newcastle
432000.0,3.0,2.5,1970,4036,2.0,0,0,4,2003,0,Snoqualmie
548000.0,3.0,2.5,2110,4099,2.0,0,0,3,2001,0,Woodinville
830000.0,3.0,3.0,2080,10521,1.5,0,0,3,2004,2003,Kirkland
875000.0,4.0,2.25,3720,12384,1.0,0,2,5,1970,0,Sammamish
409950.0,2.0,1.75,1370,5125,1.0,0,0,5,1944,0,Seattle
695000.0,4.0,2.5,2961,12146,2.0,0,0,3,1998,2006,Sammamish
562100.0,3.0,2.25,2090,12112,2.0,0,0,3,1983,2009,Redmond
475000.0,3.0,2.5,2600,7210,2.0,0,0,3,1989,0,Renton
425000.0,3.0,2.25,1870,9000,1.0,0,0,3,1978,0,Bothell
600000.0,4.0,2.5,2620,9873,2.0,0,0,3,1987,2000,Issaquah
770000.0,3.0,2.5,2430,54059,2.0,0,0,3,1987,2000,Issaquah
239000.0,3.0,1.75,1340,16480,1.0,0,0,4,1968,0,Kent
295000.0,2.0,1.0,1170,10621,1.0,0,0,3,1963,2008,North Bend
560000.0,3.0,1.75,2000,10182,1.0,0,0,5,1963,0,Kirkland
613000.0,5.0,2.5,2070,12000,1.0,0,0,4,1967,0,Bellevue
960000.0,4.0,3.0,4590,9150,2.0,0,0,3,1981,2013,Seattle
847000.0,5.0,1.0,2550,4623,2.5,0,0,4,1905,0,Seattle
206000.0,3.0,1.0,1060,9600,1.0,0,0,4,1962,0,Federal Way
253000.0,2.0,1.75,1220,5000,1.0,0,0,5,1921,0,Renton
430000.0,4.0,2.25,1790,7203,1.0,0,0,4,1973,0,Lake Forest Park
605000.0,3.0,2.0,2060,4040,1.0,0,0,4,1947,1988,Seattle
425000.0,2.0,2.5,1140,1182,3.0,0,0,3,2007,0,Seattle
720000.0,4.0,2.5,2870,12648,2.0,0,0,4,1986,0,Issaquah
375900.0,6.0,1.5,2550,33740,1.0,0,0,4,1958,1972,Federal Way
1298000.0,4.0,3.5,2790,10125,1.5,0,0,5,1985,0,Mercer Island
210000.0,3.0,1.0,1110,7962,1.0,0,0,3,1962,2003,Seattle
234000.0,2.0,1.0,940,5375,1.0,0,0,4,1952,0,Des Moines
285000.0,3.0,1.75,2880,18296,1.0,0,0,3,1958,2004,Tukwila
400000.0,3.0,1.5,1200,4800,1.0,0,0,4,1962,0,Bellevue
718000.0,3.0,1.0,1030,4958,1.0,0,0,5,1952,1998,Seattle
174500.0,2.0,2.5,1240,2689,2.0,0,0,3,1986,0,Federal Way
222400.0,3.0,2.0,1200,9566,1.0,0,0,3,1995,0,Pacific
402500.0,3.0,3.25,2780,4002,2.0,0,0,3,2009,0,Duvall
250000.0,3.0,2.25,1765,7652,2.0,0,0,3,1996,0,Federal Way
600000.0,4.0,2.5,1960,14242,1.0,0,1,4,1958,1972,Burien
930000.0,2.0,2.5,2680,11214,1.0,0,0,3,2006,0,Redmond
272500.0,3.0,2.0,1410,7622,1.0,0,0,4,1983,0,Renton
363990.0,4.0,2.5,2240,3712,2.0,0,0,3,2014,0,Maple Valley
575000.0,4.0,2.75,3120,7644,2.0,0,0,3,2010,0,Snoqualmie
400000.0,3.0,2.25,1450,4706,2.0,0,0,3,2009,0,Kenmore
427874.0,3.0,3.0,2340,5002,2.0,0,0,3,2013,1923,North Bend
309000.0,5.0,2.75,2481,4045,2.0,0,0,3,2014,0,Auburn
320000.0,3.0,3.25,1530,1602,2.0,0,0,3,2013,1923,Seattle
390000.0,3.0,2.25,1250,7500,1.0,0,0,5,1942,0,Seattle
299000.0,1.0,0.75,560,12120,1.0,0,0,3,1967,2011,Carnation
375000.0,4.0,1.75,2200,7475,1.0,0,0,5,1955,0,Seattle
240500.0,3.0,1.75,1460,10584,1.0,0,0,3,1997,0,Seattle
320000.0,3.0,1.5,1650,9380,1.0,0,0,5,1978,0,Renton
1270000.0,5.0,2.5,3200,17204,1.0,0,0,3,1952,2008,Bellevue
658588.0,3.0,2.25,2560,41346,2.0,0,0,3,1986,0,Issaquah
270000.0,3.0,2.25,2080,4252,1.5,0,0,3,2003,0,Kent
327500.0,3.0,1.0,1070,7140,1.0,0,0,3,1989,0,Seattle
340000.0,3.0,1.75,2190,12626,2.0,0,0,4,1978,2000,Kent
200000.0,3.0,1.5,2060,15837,1.5,0,0,3,1903,2005,Renton
1025000.0,3.0,1.75,2640,8000,1.0,0,3,4,1960,2001,Mercer Island
275000.0,3.0,2.5,1720,8755,1.0,0,0,3,1983,2009,Federal Way
1126000.0,5.0,3.5,3880,13885,2.0,0,3,4,1979,0,Bellevue
280000.0,2.0,1.0,960,4920,1.0,0,0,3,1942,1999,Seattle
485000.0,3.0,2.5,2340,59058,1.0,0,0,3,1985,0,Maple Valley
1901000.0,3.0,2.5,2660,13367,2.0,0,2,3,1992,0,Yarrow Point
865000.0,3.0,1.75,2090,4725,2.0,0,0,3,1947,2013,Seattle
532000.0,3.0,2.5,1820,4910,2.0,0,0,3,1993,0,Issaquah
364950.0,4.0,2.5,2310,8030,2.0,0,0,3,1978,0,Duvall
212500.0,3.0,1.0,920,14400,1.0,0,0,4,1977,0,Auburn
135000.0,1.0,1.0,790,13062,1.0,0,0,3,1942,1999,Seattle
437000.0,2.0,1.75,1500,6800,1.0,0,0,4,1942,1982,Seattle
390000.0,3.0,1.0,1240,11108,1.0,0,0,4,1952,0,Normandy Park
760000.0,4.0,2.5,2730,36183,2.0,0,0,3,1986,0,Redmond
119500.0,3.0,1.0,1170,11000,1.0,0,0,2,1980,0,Duvall
2400000.0,5.0,3.25,3410,9088,2.0,0,3,3,1912,1994,Seattle
837500.0,4.0,2.5,2700,9320,2.0,0,0,4,1994,0,Kirkland
327500.0,4.0,1.75,1650,7800,1.0,0,0,3,1968,1997,Renton
175000.0,2.0,1.0,670,2378,1.0,0,0,3,1919,2001,Seattle
289950.0,3.0,2.0,1670,7757,1.0,0,0,3,1992,0,Kent
400000.0,3.0,1.75,1530,10731,1.0,0,0,3,1986,0,Kenmore
219950.0,3.0,2.25,1500,7615,1.0,0,0,3,1984,0,Federal Way
161700.0,4.0,1.75,1720,7200,1.0,0,0,3,1974,0,Federal Way
500000.0,5.0,3.0,2920,11440,2.0,0,0,3,2003,0,Shoreline
465000.0,3.0,1.0,910,4500,1.0,0,0,3,1948,1994,Seattle
540000.0,3.0,1.0,1050,4160,1.0,0,0,4,1925,1968,Seattle
525000.0,3.0,2.0,1540,7800,1.0,0,0,3,2004,2003,Seattle
324950.0,3.0,1.0,1210,7440,1.0,0,0,3,1949,1998,Shoreline
565000.0,5.0,2.5,2650,11455,1.0,0,0,3,1961,2004,Bellevue
760500.0,3.0,2.0,1990,3990,1.0,0,0,5,1912,0,Seattle
1100000.0,5.0,2.75,2660,8737,1.0,0,4,5,1969,0,Bellevue
603500.0,4.0,2.5,4060,9734,1.0,0,4,3,1977,2004,Kenmore
453500.0,5.0,2.5,2300,23345,1.0,0,0,5,1967,0,Renton
583000.0,6.0,2.75,2630,16411,1.0,0,0,4,1974,0,Redmond
275000.0,2.0,1.0,770,8149,1.0,0,0,5,1948,1985,Shoreline
875000.0,4.0,2.75,3790,10669,2.0,0,0,3,1999,0,Sammamish
335000.0,4.0,2.75,2540,7210,1.0,0,0,4,1979,0,Renton
646000.0,4.0,2.25,2500,8500,1.0,0,0,4,1978,2000,Bellevue
392500.0,4.0,2.5,2150,7303,2.0,0,0,3,2005,0,Renton
785000.0,3.0,1.75,1670,9600,1.0,0,0,5,1961,0,Mercer Island
470000.0,3.0,2.0,1800,12669,1.0,0,0,3,1956,1990,Kirkland
560000.0,3.0,2.5,2070,12708,2.0,0,0,3,1996,0,Newcastle
519000.0,2.0,1.0,830,2820,1.0,0,0,4,1920,0,Seattle
746000.0,3.0,2.25,2370,9619,1.0,0,0,4,1973,0,Redmond
317000.0,3.0,1.0,1010,5400,1.0,0,0,3,1959,1989,Seattle
371000.0,3.0,1.5,1420,4500,1.0,0,0,3,1959,1989,Seattle
250000.0,4.0,2.0,2120,8701,1.5,0,0,4,1960,2001,Des Moines
532000.0,4.0,1.75,2020,7029,1.0,0,0,4,1979,0,Redmond
499950.0,3.0,2.5,1520,2208,2.0,0,0,3,2007,0,Seattle
375000.0,2.0,1.0,820,6250,1.0,0,0,4,1922,0,Seattle
640000.0,3.0,2.5,1690,1553,2.5,0,0,3,2007,0,Seattle
400000.0,3.0,2.0,2260,11305,1.0,0,0,3,1986,0,Renton
572000.0,3.0,2.25,1830,7897,1.0,0,0,4,1986,0,Redmond
310000.0,3.0,2.0,1350,11150,1.0,0,0,3,1995,0,North Bend
989000.0,5.0,3.5,3280,4000,2.0,0,0,3,2003,0,Seattle
685000.0,4.0,2.5,2770,45514,2.0,0,0,4,1989,0,Woodinville
907500.0,4.0,2.5,2770,8642,2.0,0,0,4,1987,0,Bellevue
427500.0,4.0,2.5,2460,5091,2.0,0,0,3,2003,0,Renton
860000.0,3.0,3.25,4720,32467,2.0,0,2,3,1998,2006,Renton
365000.0,2.0,1.0,1250,8100,1.0,0,0,4,1947,1988,Seattle
250500.0,3.0,2.0,1710,7225,2.0,0,0,4,1988,0,Federal Way
411715.0,3.0,1.75,1840,5101,1.0,0,0,5,1952,1998,Seattle
415000.0,4.0,2.5,2000,5962,2.0,0,0,3,1999,0,Shoreline
129000.0,1.0,1.0,650,15364,1.0,0,0,4,1967,0,Kent
489000.0,3.0,1.5,1020,9072,1.0,0,0,3,1930,1997,Seattle
170000.0,2.0,1.0,1500,18540,1.0,0,0,3,1950,2005,Tukwila
418500.0,3.0,2.5,2060,4399,2.0,0,0,3,2007,0,Snoqualmie
261000.0,3.0,1.5,1810,29308,1.0,0,0,3,1983,2009,Covington
2005000.0,6.0,4.5,3810,28176,1.0,0,4,5,1969,0,Shoreline
355000.0,2.0,1.75,1650,4000,1.0,0,0,4,1947,1988,Seattle
742000.0,3.0,3.25,1540,704,3.0,0,0,3,2011,0,Seattle
399950.0,3.0,1.5,2080,5244,1.0,0,0,3,1959,1989,Seattle
791000.0,3.0,2.25,2430,5500,2.0,0,0,3,1989,0,Kirkland
190000.0,5.0,2.0,1750,10284,1.0,0,0,4,1943,0,Renton
229500.0,3.0,1.75,1770,33224,1.0,0,0,4,1968,0,Auburn
539000.0,3.0,2.5,1710,2300,2.0,0,0,3,2005,0,Redmond
549000.0,4.0,2.25,2740,88426,2.0,0,0,3,1991,0,Issaquah
545000.0,5.0,2.5,2730,17240,1.0,0,0,5,1958,0,Kenmore
285000.0,3.0,2.5,2437,5136,2.0,0,0,3,2011,0,Auburn
648000.0,4.0,2.5,3290,6203,2.0,0,0,3,2008,0,Snoqualmie
610000.0,4.0,3.5,2910,5260,2.0,0,0,3,2012,1912,Snoqualmie
767450.0,3.0,2.0,1630,7599,1.0,0,0,3,2006,0,Seattle
765000.0,4.0,3.0,4410,5104,2.0,0,0,3,2006,0,Snoqualmie
586500.0,3.0,2.5,1780,1487,3.0,0,0,3,2006,0,Seattle
520000.0,3.0,3.25,1540,1487,2.0,0,0,3,2011,0,Issaquah
455000.0,3.0,1.75,1420,1189,3.0,0,0,3,2006,0,Seattle
653000.0,3.0,2.5,2680,9750,1.0,0,0,4,1979,0,Kirkland
279950.0,3.0,2.0,1750,9750,1.0,0,0,3,1961,2004,Des Moines
449950.0,3.0,2.5,2170,4912,2.0,0,0,3,2003,0,Kenmore
565000.0,3.0,2.75,2390,9966,1.0,0,0,5,1977,0,Bellevue
620000.0,4.0,2.25,2400,5350,1.5,0,0,4,1929,0,Seattle
269000.0,3.0,1.0,1690,4250,1.0,0,0,3,1967,2011,Seattle
875000.0,3.0,3.5,3250,6000,2.0,0,0,3,2001,0,Seattle
630000.0,4.0,3.75,4610,40202,1.0,0,0,4,1980,0,Issaquah
425000.0,4.0,2.75,2440,15349,2.0,0,1,4,1957,2001,Des Moines
647500.0,3.0,1.75,1290,3870,1.0,0,0,5,1916,0,Seattle
450000.0,4.0,1.0,2000,4676,1.5,0,0,3,1916,1986,Seattle
440000.0,3.0,1.0,1050,7500,1.0,0,0,3,1900,2005,Seattle
445000.0,4.0,2.5,2340,3784,2.0,0,0,3,2008,0,Seattle
530000.0,4.0,2.25,2210,7665,2.0,0,0,4,1968,0,Bellevue
875000.0,5.0,2.5,2920,5568,2.0,0,0,3,1906,2014,Seattle
685000.0,3.0,2.75,3150,219978,2.0,0,0,4,1990,0,Preston
798000.0,3.0,3.5,3590,6402,2.0,0,0,3,1999,0,Sammamish
297500.0,4.0,2.5,1910,5000,2.0,0,0,3,2005,0,Maple Valley
749950.0,4.0,2.75,3110,35235,2.0,0,0,4,1983,0,Woodinville
495000.0,5.0,3.0,2440,4750,1.0,0,0,3,2006,0,Seattle
540000.0,4.0,2.25,1330,8400,1.5,0,0,3,1962,2003,Bellevue
395000.0,3.0,1.75,1460,22651,1.0,0,0,4,1961,2001,Issaquah
1300000.0,6.0,4.5,3902,3880,3.0,0,4,4,1977,0,Seattle
1075000.0,5.0,4.75,5180,17811,2.0,0,2,3,2001,0,Snoqualmie
214100.0,2.0,2.5,1150,2064,2.0,0,0,3,2004,2003,Auburn
210000.0,4.0,1.5,1920,10403,1.0,0,0,3,1959,1989,Federal Way
499500.0,3.0,2.5,2520,53143,1.5,0,0,3,1988,2000,Duvall
546000.0,2.0,1.0,970,3400,1.0,0,0,3,1924,2011,Seattle
292000.0,5.0,2.5,2490,7666,1.0,0,0,4,1989,0,Kent
289000.0,3.0,2.0,1680,8424,1.0,0,0,3,1993,0,Enumclaw
240000.0,3.0,1.0,1150,4825,1.0,0,0,4,1957,2001,Issaquah
395000.0,4.0,3.0,1980,7931,1.0,0,0,4,1983,0,Shoreline
795000.0,4.0,2.25,2070,13084,1.0,0,0,4,1967,0,Mercer Island
955000.0,4.0,4.25,5660,193593,2.0,0,0,3,2001,0,Duvall
725000.0,4.0,2.75,2420,10962,1.0,0,0,3,1977,2004,Bellevue
335000.0,4.0,2.5,2610,4781,2.0,0,0,3,2009,0,Auburn
492000.0,4.0,3.75,2810,10840,2.0,0,2,4,1994,0,North Bend
250000.0,3.0,2.5,1510,10384,1.0,0,0,2,1976,0,Woodinville
700000.0,3.0,1.75,1910,4800,1.0,0,0,3,1959,1989,Seattle
545000.0,3.0,1.75,1700,51649,1.5,0,0,5,1931,0,Renton
555000.0,4.0,2.75,2020,10720,1.0,0,0,4,1976,1992,Redmond
640000.0,3.0,1.75,2340,4206,1.0,0,0,5,1917,0,Seattle
390000.0,3.0,2.0,1463,868,3.0,0,0,3,2003,0,Seattle
466500.0,3.0,1.0,1430,3840,1.0,0,0,3,1945,2010,Seattle
372500.0,3.0,1.5,1180,12324,1.0,0,0,3,1981,2013,Sammamish
1800000.0,5.0,4.5,4400,15580,2.0,0,0,3,2003,0,Bellevue
255000.0,3.0,2.5,1610,6176,2.0,0,0,3,1994,0,Kent
466800.0,3.0,2.5,1480,14250,2.0,0,0,3,1996,0,Kirkland
749000.0,3.0,2.5,2670,10338,2.0,0,0,3,1987,2000,Bellevue
610000.0,4.0,1.75,1830,29110,2.0,0,0,3,1990,2009,Mercer Island
356000.0,2.0,1.0,920,4095,1.0,0,0,4,1914,1945,Seattle
165000.0,3.0,1.0,1150,19200,1.0,0,0,4,1908,0,Auburn
229000.0,2.0,1.0,1190,7408,1.0,0,0,3,1941,1994,Seattle
530000.0,4.0,3.25,4160,35654,2.0,0,0,3,1973,2013,Issaquah
499950.0,3.0,2.5,2370,12753,2.0,0,0,3,2001,0,Duvall
619000.0,4.0,1.75,1660,3800,1.5,0,0,3,1926,2003,Seattle
547000.0,3.0,2.5,1480,8381,1.0,0,0,4,1968,0,Seattle
359800.0,4.0,2.5,2390,6426,2.0,0,0,3,1999,0,Auburn
499000.0,3.0,3.5,1690,1432,2.0,0,0,3,2008,0,Seattle
189000.0,3.0,1.0,1010,7560,1.0,0,0,3,1958,2004,Renton
799000.0,4.0,3.5,3500,8547,2.0,0,0,3,1994,0,Bellevue
257000.0,4.0,2.75,2330,7642,1.0,0,0,3,1990,2009,Federal Way
270000.0,3.0,1.5,1890,9450,1.0,0,0,3,1957,2000,Burien
453500.0,4.0,1.75,2000,6032,1.0,0,2,3,1959,1989,Seattle
237000.0,3.0,1.0,1130,10650,1.0,0,0,3,1954,2005,SeaTac
456000.0,4.0,1.75,1670,9886,1.0,0,0,5,1947,0,Seattle
355500.0,3.0,2.5,2600,5540,2.0,0,0,3,2004,2003,Maple Valley
299950.0,4.0,1.75,1560,31299,1.0,0,0,4,1965,0,Auburn
335000.0,3.0,2.0,1170,5360,1.0,0,0,3,1919,2001,Seattle
268500.0,4.0,2.5,2100,4237,2.0,0,0,3,2006,0,Kent
385000.0,3.0,2.25,1710,11500,1.0,0,0,3,1978,0,Kenmore
376000.0,4.0,2.75,2420,5773,2.0,0,0,3,2005,0,Maple Valley
605004.0,4.0,2.0,1370,4000,2.0,0,0,3,1951,1994,Seattle
886000.0,4.0,2.0,2660,3900,1.5,0,0,4,1923,0,Seattle
560000.0,4.0,2.5,2260,3713,2.0,0,0,3,2003,0,Kirkland
343000.0,4.0,2.5,2070,4500,2.0,0,0,3,2004,2003,Maple Valley
1415000.0,4.0,5.25,4670,43950,2.0,0,0,3,1989,0,Bellevue
270000.0,3.0,1.0,1500,13500,1.0,0,0,4,1968,0,Renton
411605.0,4.0,2.5,2658,3960,2.0,0,0,3,2014,0,Auburn
550000.0,4.0,2.5,2700,5150,2.0,0,0,3,2007,0,Renton
465000.0,3.0,2.25,1530,1245,2.0,0,0,3,2014,0,Seattle
584000.0,3.0,2.5,1480,1485,2.0,0,0,3,2007,0,Seattle
275000.0,3.0,3.0,1390,1080,2.0,0,0,3,2006,0,Seattle
324500.0,3.0,2.5,1660,3990,2.0,0,0,3,2009,0,Seattle
700000.0,3.0,2.5,2050,4185,2.0,0,0,3,2011,0,Seattle
385200.0,4.0,1.0,1550,7740,1.5,0,0,3,1954,2005,Seattle
270000.0,4.0,2.25,1900,8600,1.0,0,0,4,1975,0,Federal Way
735000.0,4.0,2.5,2820,6180,2.0,0,0,3,2013,1923,Seattle
389250.0,2.0,1.5,1490,4080,1.0,0,0,3,1956,2001,Seattle
315000.0,3.0,1.5,1750,12500,1.0,0,0,3,1954,2005,Fall City
545000.0,4.0,2.5,2040,6034,2.0,0,0,3,1990,2009,Seattle
550000.0,3.0,1.5,1900,5000,1.5,0,0,3,1926,2003,Seattle
415000.0,3.0,1.75,1910,12596,1.0,0,0,3,1977,2004,Woodinville
387500.0,3.0,1.0,1560,14333,1.0,0,0,4,1953,1983,Normandy Park
432000.0,3.0,1.75,1470,6250,1.0,0,3,4,1939,1989,Lake Forest Park
402000.0,3.0,2.5,2700,9994,1.0,0,3,4,1959,0,Des Moines
1035000.0,4.0,3.25,3450,11240,2.0,0,3,4,1960,2001,Burien
294700.0,3.0,2.0,1970,9600,1.0,0,0,4,1967,0,Federal Way
744000.0,3.0,2.5,2670,12187,2.0,0,0,3,1986,0,Redmond
715000.0,3.0,2.5,2550,13458,2.0,0,0,3,1990,2009,Bellevue
500000.0,4.0,1.0,1720,4011,1.5,0,0,4,1904,0,Seattle
1300000.0,4.0,4.0,4270,6002,2.0,0,3,3,2004,2003,Issaquah
1150000.0,3.0,1.5,2170,16600,1.0,1,2,3,1979,2014,Redmond
650000.0,4.0,2.5,2840,9354,2.0,0,0,3,1990,2009,Sammamish
435000.0,4.0,2.75,3270,50994,2.0,0,0,4,1983,0,Kent
510000.0,3.0,1.75,1480,7040,1.0,0,0,3,1974,0,Kirkland
525000.0,5.0,2.75,2440,8000,1.0,0,0,4,1972,0,Kirkland
920000.0,4.0,2.75,2880,5750,1.5,0,0,5,1928,1970,Seattle
200000.0,2.0,1.0,1730,9610,1.0,0,0,3,1962,2003,Auburn
435000.0,2.0,1.0,1260,4080,1.5,0,0,5,1926,0,Seattle
809950.0,4.0,2.0,2230,9900,1.5,0,0,5,1959,0,Bellevue
1370000.0,2.0,2.25,2460,16940,1.5,0,4,4,1936,0,Seattle
455000.0,4.0,1.75,2050,94525,1.0,0,0,4,1959,0,Renton
471000.0,3.0,2.5,2030,2805,2.0,0,0,3,2001,0,Issaquah
253500.0,2.0,1.0,810,4800,1.0,0,0,3,1948,1994,Seattle
185000.0,3.0,1.0,1840,8100,1.0,0,0,4,1953,1983,Burien
535500.0,3.0,1.5,1730,40250,2.0,0,0,4,1983,0,Woodinville
835000.0,2.0,2.0,2280,6815,1.0,0,0,3,2002,0,Redmond
589500.0,4.0,2.5,2630,6326,2.0,0,0,3,2008,0,Snoqualmie
680000.0,3.0,2.25,2270,23900,1.0,0,0,3,1975,0,Shoreline
360000.0,3.0,1.75,1020,7020,1.5,0,0,4,1953,1983,Shoreline
595000.0,4.0,2.5,1990,2175,2.0,0,0,3,2005,0,Seattle
300000.0,4.0,2.5,2680,15508,2.0,0,0,3,1999,0,Federal Way
660000.0,3.0,1.75,1980,3300,1.5,0,0,4,1926,1993,Seattle
570000.0,3.0,2.5,2400,6975,2.0,0,0,3,1993,0,Newcastle
285000.0,2.0,1.0,780,5000,1.0,0,0,4,1943,0,Seattle
435000.0,3.0,2.0,980,5000,1.0,0,0,3,1940,1996,Seattle
160000.0,3.0,1.0,1210,103237,1.0,0,0,2,1918,1960,Vashon
805000.0,5.0,2.5,4600,19831,1.0,0,3,3,1956,2013,Shoreline
450000.0,3.0,2.5,1480,1961,2.0,0,0,3,2005,0,Issaquah
510000.0,4.0,1.5,1320,14250,1.0,0,0,4,1954,1979,Kirkland
1120000.0,5.0,2.75,4400,18500,1.0,0,3,5,1963,0,Kenmore
1280000.0,4.0,3.5,3010,3600,2.0,0,0,3,1999,0,Seattle
539000.0,3.0,2.0,2260,9568,1.0,0,0,3,1985,0,Sammamish
407193.0,4.0,2.0,1880,14653,2.0,0,0,3,1978,0,Carnation
320000.0,3.0,1.75,1370,9900,1.0,0,0,4,1983,0,Milton
739000.0,4.0,3.0,2720,3800,2.0,0,0,5,1919,1934,Seattle
452000.0,2.0,1.75,1740,5400,1.0,0,0,4,1946,1989,Seattle
600000.0,4.0,2.5,2560,5593,2.0,0,0,3,2001,0,Redmond
279000.0,5.0,2.5,2690,5557,2.0,0,0,3,2012,1912,Seattle
895000.0,4.0,3.0,3240,5562,2.0,0,0,3,2013,1923,Sammamish
585000.0,4.0,2.5,2430,4747,2.0,0,0,3,2008,0,Issaquah
405000.0,2.0,2.0,1405,1073,2.0,0,0,3,2007,0,Seattle
837219.0,5.0,2.75,3030,7679,2.0,0,0,3,2014,0,Sammamish
969990.0,4.0,2.5,4150,8436,2.0,0,0,3,2014,0,Sammamish
490000.0,3.0,3.0,1730,2940,3.0,0,0,3,1985,0,Seattle
611000.0,6.0,2.5,3820,53173,1.0,0,0,4,1974,0,Issaquah
462000.0,4.0,2.5,3070,6432,2.0,0,0,3,2006,0,Renton
540000.0,4.0,2.5,1780,4169,2.0,0,0,3,1994,0,Issaquah
260000.0,4.0,2.5,1811,4381,2.0,0,0,3,2007,0,Renton
510000.0,4.0,2.25,2450,62290,2.0,0,0,3,1976,0,Woodinville
567500.0,3.0,2.5,2300,7398,2.0,0,0,3,2001,0,Snoqualmie
445000.0,2.0,1.0,1440,3225,1.0,0,0,3,1915,0,Seattle
684680.0,4.0,2.25,2370,9360,2.0,0,0,4,1979,0,Redmond
2700000.0,4.0,3.25,4420,7850,2.0,1,4,3,2001,0,Bellevue
455000.0,3.0,1.0,1300,3550,1.5,0,0,3,1927,2011,Seattle
540000.0,5.0,3.0,2870,4369,2.0,0,0,3,2007,0,Bothell
530000.0,3.0,2.75,3400,7200,2.0,0,2,3,2009,0,Renton
410000.0,3.0,1.0,1410,5060,1.0,0,0,4,1956,0,Seattle
450000.0,3.0,1.75,1640,13500,1.0,0,0,3,1940,1996,Seattle
609900.0,4.0,2.5,3190,7399,2.0,0,0,3,2006,0,Maple Valley
648000.0,4.0,2.5,2380,13435,2.0,0,0,3,1992,0,Issaquah
550000.0,3.0,2.5,2260,4165,2.0,0,0,3,2005,0,Sammamish
347000.0,3.0,1.75,1240,8050,1.0,0,0,4,1978,2000,Sammamish
1635000.0,5.0,3.5,4220,26784,1.0,0,0,3,1958,2006,Bellevue
1339000.0,4.0,2.5,4250,19387,2.0,0,2,4,1972,0,Mercer Island
288350.0,3.0,1.5,1860,7963,1.0,0,0,3,1963,2008,Tukwila
1150000.0,3.0,2.5,2850,10474,1.0,0,0,4,1954,1979,Bellevue
525000.0,3.0,3.0,2470,36445,2.0,0,0,4,1980,0,Issaquah
250250.0,3.0,2.25,2210,8000,2.0,0,0,4,1969,0,Federal Way
341000.0,4.0,1.75,1920,7665,1.0,0,0,4,1975,0,Renton
700000.0,4.0,3.0,3150,7778,2.0,0,0,3,2000,0,Sammamish
390000.0,4.0,1.75,2700,7875,1.5,0,0,4,1968,0,Renton
539950.0,3.0,2.25,2190,7149,1.0,0,1,4,1963,0,Renton
552000.0,2.0,2.5,1380,951,3.0,0,0,3,2006,0,Seattle
250000.0,5.0,1.5,2520,5753,1.5,0,0,4,1928,0,Enumclaw
502000.0,3.0,1.75,1300,8800,1.0,0,0,4,1963,0,Bellevue
480000.0,4.0,1.75,2220,6500,2.0,0,3,4,1964,0,Burien
378500.0,2.0,1.0,730,7528,1.0,0,0,3,1946,0,Seattle
1350000.0,4.0,3.25,3300,15907,2.0,0,0,5,1985,0,Mercer Island
1900000.0,4.0,3.25,4130,112521,2.0,0,0,3,1978,0,Bellevue
605000.0,3.0,2.5,2670,47480,2.0,0,3,3,1981,2013,Woodinville
307550.0,4.0,2.5,1980,5909,2.0,0,0,3,2003,0,Kent
304700.0,2.0,1.0,740,5995,1.0,0,0,4,1949,1985,Seattle
568000.0,3.0,1.75,2050,3520,1.0,0,0,4,1977,0,Seattle
385000.0,3.0,1.75,1230,7500,1.0,0,0,3,1987,2000,Kirkland
345000.0,3.0,2.5,1210,1420,3.0,0,0,3,2008,0,Seattle
435000.0,3.0,2.25,1890,7200,1.0,0,0,4,1973,0,Seattle
579000.0,2.0,2.0,1870,6275,1.0,0,0,3,2003,0,Redmond
236000.0,3.0,1.75,1330,6301,1.0,0,0,3,1998,2006,Auburn
305100.0,3.0,2.0,1590,35988,1.0,0,0,4,1974,0,Renton
368000.0,3.0,1.75,1710,10800,1.0,0,0,4,1958,1972,Kenmore
255000.0,2.0,1.0,1200,9000,1.0,0,2,5,1917,0,Des Moines
400000.0,2.0,1.0,1140,5100,1.0,0,0,3,1942,1999,Seattle
440000.0,3.0,1.75,2240,8153,1.0,0,0,3,1948,1994,Seattle
417000.0,2.0,1.0,920,6600,1.0,0,0,3,1919,2003,Seattle
435000.0,2.0,1.0,800,5000,1.0,0,0,3,1906,2014,Seattle
475000.0,4.0,2.75,1980,11443,1.0,0,0,5,1952,1998,Lake Forest Park
563500.0,4.0,2.5,2800,12831,2.0,0,0,3,2001,0,Duvall
285000.0,3.0,2.25,1680,35127,2.0,0,0,3,1987,2000,Auburn
471000.0,4.0,2.5,2330,9928,2.0,0,0,3,1998,2006,North Bend
500000.0,4.0,1.75,2240,9886,1.5,0,0,4,1965,0,Bellevue
640000.0,3.0,2.5,2140,8925,2.0,0,0,3,1991,0,Sammamish
442500.0,4.0,2.5,2170,14024,2.0,0,0,3,1992,0,Duvall
213400.0,3.0,1.5,1150,8686,1.0,0,0,4,1963,0,Renton
831000.0,4.0,2.5,2030,3905,1.5,0,0,4,1926,1993,Seattle
325000.0,3.0,2.0,1350,11805,1.0,0,0,3,1986,0,Duvall
425000.0,2.0,1.0,910,4635,1.0,0,0,4,1905,0,Seattle
550000.0,4.0,2.5,2700,5100,1.0,0,0,4,1968,0,Seattle
599950.0,4.0,3.5,3730,15029,2.0,0,2,3,1991,0,Kent
1225000.0,4.0,2.5,2740,16007,2.0,0,0,3,1984,0,Medina
750000.0,4.0,3.25,2050,5000,2.0,0,0,4,1987,0,Seattle
290000.0,4.0,3.0,2390,4500,2.0,0,0,3,1974,0,Renton
270000.0,4.0,2.75,1990,7252,1.0,0,0,3,1999,0,Auburn
229950.0,4.0,1.75,1300,21000,1.0,0,0,4,1969,0,Federal Way
234999.0,3.0,1.0,1330,8912,1.0,0,0,3,1948,1994,SeaTac
265000.0,2.0,1.0,1000,31505,1.0,0,0,3,1960,2012,Duvall
367300.0,4.0,2.75,2190,14937,2.0,0,0,3,1993,0,Auburn
550000.0,3.0,1.75,1380,3402,1.5,0,0,3,1900,2000,Seattle
743700.0,4.0,2.5,2610,33206,2.0,0,0,3,1988,2000,Redmond
352750.0,2.0,1.75,1060,1241,2.0,0,0,3,2008,0,Seattle
403950.0,2.0,1.0,710,1136,2.0,0,0,4,1943,0,Seattle
980000.0,4.0,2.5,2730,4800,1.5,0,0,5,1909,1988,Seattle
585000.0,4.0,1.75,2470,131790,2.0,0,2,3,1937,1999,Vashon
554000.0,3.0,1.75,1760,10780,1.0,0,0,3,1977,2004,Bellevue
546000.0,3.0,2.5,1530,3464,2.0,0,0,3,1998,2006,Bellevue
280000.0,2.0,1.75,1610,158558,1.5,0,0,2,1948,0,Snoqualmie
212500.0,2.0,2.0,1030,21712,1.0,0,0,4,1938,0,Seattle
739000.0,4.0,2.5,2800,246114,2.0,0,0,3,1999,0,Carnation
428000.0,3.0,2.0,1310,2550,1.0,0,0,3,1986,0,Seattle
965000.0,4.0,2.25,3160,34560,1.0,0,0,4,1981,0,Woodinville
364900.0,3.0,3.0,2500,8304,2.0,0,0,3,1997,0,Kent
559000.0,3.0,1.5,2070,5386,1.0,0,0,4,1948,0,Seattle
213000.0,4.0,1.75,1980,9000,1.0,0,0,2,1978,0,Federal Way
620000.0,3.0,2.5,2590,7237,2.0,0,0,3,2004,2003,Seattle
240000.0,4.0,1.0,1910,16320,1.5,0,0,3,1934,1978,Seattle
852500.0,3.0,2.5,2630,10100,1.0,0,0,4,1967,0,Bellevue
600000.0,3.0,2.5,2630,77972,2.0,0,0,3,2004,2003,Duvall
410000.0,3.0,2.5,1960,4400,2.0,0,0,3,2006,0,Snoqualmie
328000.0,3.0,1.75,1440,45302,2.0,0,0,3,1977,2004,Duvall
625000.0,3.0,1.75,2210,16200,1.0,0,0,3,1958,2004,Bellevue
649950.0,4.0,2.5,2350,63162,2.0,0,0,4,1994,0,Woodinville
235000.0,3.0,1.0,1590,13000,1.5,0,0,3,1944,0,Burien
489000.0,3.0,3.5,1500,1249,2.0,0,0,3,2004,2003,Seattle
536000.0,3.0,2.5,1900,6224,2.0,0,0,3,2005,0,Sammamish
400000.0,4.0,3.5,2370,3692,2.5,0,0,3,2013,1923,Renton
398000.0,3.0,2.5,1720,1715,2.0,0,0,3,2004,2003,Seattle
379000.0,4.0,1.5,2020,7560,1.0,0,0,4,1960,2001,Renton
345000.0,2.0,1.5,1340,1210,2.0,0,0,3,2008,0,Seattle
365000.0,3.0,2.5,1800,2700,2.0,0,0,3,2011,0,Seattle
315000.0,3.0,2.5,1480,1590,2.0,0,0,3,2010,0,Seattle
571000.0,4.0,2.0,2750,7807,1.5,0,0,5,1916,0,Seattle
1025000.0,5.0,4.0,3760,28040,2.0,0,0,3,1983,2009,Kirkland
695000.0,3.0,2.75,2540,4694,2.0,0,0,3,2005,0,Sammamish
225000.0,3.0,1.75,1760,26055,1.0,0,0,3,1979,2014,Covington
740000.0,3.0,2.5,3000,25341,2.0,0,0,3,1995,0,Redmond
315000.0,4.0,2.5,1930,9643,2.0,0,0,4,1992,0,Kent
1230000.0,4.0,2.5,3040,7000,2.0,0,0,3,2001,0,Mercer Island
420000.0,2.0,1.0,860,3880,1.0,0,0,4,1916,0,Seattle
310000.0,3.0,1.75,1420,7650,1.0,0,0,4,1984,0,Renton
700000.0,3.0,2.0,2080,3880,1.0,0,0,5,1954,0,Seattle
269000.0,3.0,2.5,1560,4200,2.0,0,0,3,2003,0,Maple Valley
369990.0,4.0,2.5,1960,7133,2.0,0,0,3,2002,0,Renton
800000.0,3.0,2.25,1620,4500,2.0,0,0,4,1926,1993,Seattle
569000.0,5.0,3.0,3670,10583,1.0,0,0,5,1952,1998,Lake Forest Park
175000.0,6.0,1.5,1930,8400,1.0,0,0,3,1971,0,Burien
440000.0,3.0,1.5,1290,1286,3.0,0,0,3,2000,0,Seattle
435000.0,5.0,2.25,1970,15247,1.0,0,0,3,1986,0,Fall City
345000.0,3.0,1.75,1540,6909,1.0,0,0,4,1955,2009,Shoreline
558000.0,4.0,2.0,2180,3870,1.0,0,0,3,1900,2005,Seattle
475000.0,2.0,1.75,1490,224334,1.0,0,2,3,1983,2009,Auburn
490000.0,3.0,2.0,2220,10275,2.0,0,0,3,1980,0,Issaquah
335000.0,3.0,1.75,2430,9133,1.0,0,0,4,1978,2000,Renton
350000.0,2.0,0.75,1392,43710,1.5,0,0,4,1978,2000,Vashon
100000.0,4.0,1.0,1120,2685,1.0,0,0,3,1939,1969,Renton
417500.0,4.0,1.0,1390,10800,1.5,0,0,4,1941,1998,Seattle
253000.0,3.0,1.75,2040,7281,1.0,0,0,3,1962,2003,Tukwila
1240000.0,5.0,3.0,2830,7500,2.0,0,0,3,1923,1998,Seattle
490000.0,4.0,2.5,3020,8302,2.0,0,0,4,1994,0,Covington
470000.0,3.0,1.75,2290,14800,1.0,0,0,3,1965,1993,Lake Forest Park
483300.0,4.0,2.0,1210,11100,1.0,0,0,4,1955,2009,Bellevue
659000.0,3.0,2.5,2510,6320,2.0,0,0,3,1996,0,Sammamish
480000.0,4.0,1.75,2320,4322,1.0,0,0,3,1910,2006,Seattle
165000.0,3.0,1.0,970,6600,1.0,0,0,3,1965,1993,Burien
659500.0,3.0,1.75,1820,5500,1.0,0,0,4,1957,2001,Seattle
219900.0,3.0,1.0,970,7742,1.0,0,0,4,1967,0,Federal Way
315000.0,2.0,1.0,1740,3622,1.0,0,0,4,1924,0,Seattle
250000.0,3.0,1.75,1590,7560,1.0,0,0,3,1984,0,Kent
268000.0,2.0,1.0,1380,5000,1.0,0,0,3,1943,2002,Seattle
380000.0,4.0,1.5,1680,11123,1.0,0,0,3,1959,1989,Shoreline
499000.0,2.0,1.0,1220,3000,1.0,0,0,3,1926,2003,Seattle
285000.0,2.0,2.0,1651,18200,1.0,0,0,3,1946,0,Vashon
183000.0,3.0,1.75,1330,9200,1.0,0,0,4,1973,0,Auburn
1070000.0,3.0,3.0,2940,4622,2.0,0,0,4,1988,0,Seattle
429000.0,3.0,3.25,1410,1246,3.0,0,0,3,2005,0,Seattle
403000.0,2.0,1.0,1100,3598,1.0,0,0,4,1926,1993,Seattle
375500.0,3.0,1.5,1530,7200,1.0,0,0,3,1975,0,Lake Forest Park
1795000.0,5.0,3.25,5270,17232,2.0,0,1,3,1977,2003,Mercer Island
516200.0,3.0,2.0,2110,5150,1.0,0,0,5,1919,1934,Seattle
385000.0,4.0,1.75,1720,8750,1.0,0,0,3,1971,0,Kirkland
515000.0,3.0,2.5,1800,5001,2.0,0,0,3,1996,0,Kirkland
375000.0,4.0,2.5,2210,9427,2.0,0,0,3,1999,0,Burien
650000.0,4.0,2.25,2560,9731,2.0,0,0,4,1973,0,Kirkland
306888.0,2.0,1.5,1010,7719,2.0,0,0,3,1981,2013,Renton
870000.0,4.0,2.5,3340,12248,2.0,0,1,3,1998,2006,Seattle
310000.0,4.0,1.0,1740,11075,1.5,0,0,3,1965,1993,Shoreline
251750.0,3.0,2.0,1320,7200,1.0,0,0,5,1975,0,Kent
366000.0,3.0,1.75,1520,8625,1.0,0,0,3,1976,0,Bothell
429950.0,3.0,1.5,2010,9480,1.0,0,0,3,1951,1994,Seattle
710000.0,3.0,3.5,2440,3427,2.0,0,0,3,2000,0,Bellevue
895000.0,5.0,2.5,2550,20875,1.0,0,0,4,1953,1983,Bellevue
149500.0,3.0,1.0,1010,9450,1.0,0,0,4,1959,0,Des Moines
310000.0,3.0,2.5,1780,6771,1.0,0,0,3,1990,2009,Seattle
555000.0,3.0,2.0,2180,4976,1.5,0,2,4,1930,0,Seattle
750000.0,5.0,3.25,2750,7500,2.0,0,1,3,1937,1997,Kirkland
745000.0,4.0,3.25,3490,7024,2.0,0,0,3,2006,0,Sammamish
695000.0,3.0,2.5,2550,45254,2.0,0,0,3,2001,0,Redmond
433000.0,3.0,1.75,1870,7189,1.0,0,0,3,1959,1989,Seattle
307000.0,4.0,1.0,1150,8184,1.5,0,0,3,1947,2012,Shoreline
655275.0,3.0,1.75,2050,11856,1.0,0,0,3,1962,2003,Bellevue
392000.0,4.0,2.75,1940,6555,2.0,0,0,3,1990,2009,Maple Valley
1180000.0,5.0,3.75,3630,6000,1.5,0,0,3,2004,2003,Kirkland
359950.0,3.0,1.75,1890,9100,2.0,0,0,4,1952,0,Shoreline
360000.0,4.0,2.0,1630,10375,1.0,0,0,5,1968,0,Woodinville
566000.0,4.0,1.75,2440,5000,1.0,0,0,3,1954,2005,Seattle
700000.0,5.0,2.75,3100,9825,2.0,0,2,4,1950,1982,Seattle
415000.0,3.0,2.5,2090,6045,2.0,0,0,3,2000,0,Renton
199500.0,3.0,1.0,920,9812,1.0,0,0,4,1962,0,Auburn
749000.0,3.0,1.0,1580,5000,1.5,0,0,3,1926,2003,Seattle
680000.0,3.0,1.75,1760,8400,1.0,0,0,4,1960,2001,Seattle
400000.0,4.0,2.5,2530,7563,1.0,0,0,3,1978,0,Bothell
608000.0,4.0,2.75,2490,9714,1.0,0,0,4,1983,0,Bothell
589900.0,4.0,4.5,3870,35889,2.0,0,0,3,2001,0,Issaquah
480000.0,5.0,2.5,2732,9500,1.0,0,2,4,1975,0,Federal Way
1059500.0,5.0,3.25,3230,3825,2.0,0,0,3,2014,0,Seattle
915000.0,6.0,3.75,2930,14980,2.0,0,3,3,2013,1923,Bellevue
695000.0,4.0,3.5,3510,9364,2.0,0,0,3,2001,0,Snoqualmie
899900.0,4.0,2.5,2580,3909,2.0,0,0,3,2013,1923,Kirkland
499950.0,2.0,2.25,1060,1208,2.0,0,0,3,2005,0,Seattle
533112.0,4.0,2.75,2790,8853,2.0,0,0,3,2013,1923,North Bend
303210.0,4.0,2.5,2009,5000,2.0,0,0,3,2014,0,Auburn
525000.0,5.0,2.75,2880,8364,2.0,0,0,3,2006,0,Renton
399950.0,2.0,1.0,710,1157,2.0,0,0,4,1943,0,Seattle
850830.0,3.0,2.5,2070,13241,1.5,0,0,5,1910,0,Seattle
371500.0,3.0,2.0,1370,8336,1.0,0,0,5,1964,0,Shoreline
522000.0,3.0,1.75,1730,8400,1.0,0,0,4,1980,0,Redmond
588000.0,4.0,2.0,1680,5000,1.0,0,0,3,1950,2005,Seattle
276900.0,2.0,1.0,1350,10096,1.0,0,2,4,1952,0,North Bend
248000.0,5.0,1.5,1510,9078,1.0,0,0,4,1959,0,SeaTac
280000.0,3.0,2.5,1860,6607,2.0,0,0,3,1989,0,Federal Way
495000.0,6.0,5.0,3440,4500,2.0,0,0,3,2007,0,Renton
665000.0,6.0,3.0,4250,4400,2.5,0,0,4,1902,0,Seattle
290300.0,2.0,1.0,860,3874,1.0,0,0,4,1931,0,Renton
527000.0,2.0,1.75,1640,4080,1.0,0,0,3,1921,2000,Seattle
487028.0,2.0,1.5,1295,1093,2.0,0,0,3,2007,0,Seattle
325000.0,3.0,1.75,1790,27427,1.0,0,0,3,1978,0,Snoqualmie
799000.0,3.0,1.5,2210,6300,1.5,0,0,5,1916,0,Seattle
7062500.0,5.0,4.5,10040,37325,2.0,1,2,3,1940,2001,Bellevue
354000.0,3.0,1.0,940,10368,1.0,0,0,3,1965,1993,Redmond
262500.0,3.0,1.5,1160,8906,1.0,0,0,3,1962,2003,Seattle
560200.0,3.0,2.5,1990,3984,2.0,0,0,3,2004,2003,Sammamish
220000.0,3.0,1.0,1050,6300,1.0,0,0,3,1942,1999,Seattle
650000.0,2.0,1.0,1030,5750,1.0,0,0,5,1928,1970,Seattle
435000.0,3.0,2.5,1420,2581,3.0,0,0,3,2004,2003,Seattle
800000.0,4.0,3.75,2690,4000,2.0,0,3,4,1909,1989,Seattle
1010000.0,4.0,2.5,3760,29224,2.0,0,0,3,1987,2000,Redmond
200000.0,2.0,1.0,700,4700,1.0,0,0,5,1953,0,Renton
295000.0,5.0,3.5,2100,5107,2.0,0,0,3,1999,0,Seattle
580379.0,4.0,2.75,2240,27820,1.5,0,0,4,1976,1992,Sammamish
875000.0,4.0,2.5,3470,32109,2.0,0,0,3,1995,0,Woodinville
515000.0,3.0,2.5,3370,19585,2.0,0,0,3,1951,1994,Shoreline
599000.0,4.0,2.5,2790,230868,2.0,0,0,3,1989,0,Woodinville
285000.0,3.0,2.5,1870,4060,2.0,0,0,3,2005,0,Kent
290000.0,3.0,1.75,1520,15090,1.0,0,0,4,1968,0,Maple Valley
355000.0,1.0,1.75,750,20339,1.0,0,0,4,1946,1989,Renton
381000.0,3.0,1.5,1460,11407,1.0,0,0,3,1954,2005,Lake Forest Park
571000.0,3.0,2.5,2600,7465,2.0,0,0,3,1988,2000,Bothell
852600.0,4.0,2.5,3320,11901,2.0,0,0,5,1977,0,Bellevue
1085000.0,5.0,2.5,2340,6000,2.0,0,0,4,1922,0,Seattle
371000.0,3.0,1.0,890,7200,1.0,0,0,3,1951,1994,Seattle
514000.0,3.0,1.75,1720,5899,1.0,0,1,3,1986,0,Seattle
386000.0,3.0,1.5,1270,1318,2.0,0,0,3,2004,2003,Seattle
464000.0,4.0,2.5,2180,7203,2.0,0,0,4,1989,0,Renton
335000.0,4.0,2.25,2030,13500,1.0,0,0,3,1963,2008,Renton
740000.0,4.0,2.75,2490,17833,2.0,0,2,3,1979,2014,Seattle
465000.0,4.0,1.75,1470,5350,1.0,0,0,3,1955,2005,Seattle
700000.0,3.0,2.75,2500,7378,1.0,0,0,5,1948,1985,Seattle
785000.0,3.0,3.5,4500,21870,2.0,0,0,3,2004,2003,Auburn
350000.0,3.0,3.25,1460,1592,2.0,0,0,3,2006,0,Seattle
148000.0,1.0,1.0,620,8261,1.0,0,0,3,1939,1969,Seattle
530000.0,3.0,1.75,1550,3680,1.0,0,0,3,1927,2011,Seattle
349000.0,3.0,2.5,1430,1002,3.0,0,0,3,2002,0,Seattle
240000.0,3.0,1.5,1360,9760,1.5,0,0,5,1984,0,North Bend
330000.0,3.0,2.5,2210,7557,2.0,0,0,3,1989,0,Federal Way
735000.0,4.0,1.75,2460,5100,1.5,0,0,5,1909,1988,Seattle
545000.0,3.0,2.5,2180,15693,1.0,0,0,4,1979,0,Sammamish
214950.0,3.0,1.75,1570,4875,1.0,0,0,4,1977,0,Covington
657500.0,4.0,2.75,4140,24190,2.0,0,0,3,2002,0,Auburn
476000.0,3.0,1.0,1140,5500,1.5,0,0,4,1908,0,Seattle
2888000.0,5.0,6.25,8670,64033,2.0,0,4,3,1965,2003,Seattle
110000.0,2.0,1.0,800,15000,1.0,0,0,3,1927,2011,Seattle
292000.0,4.0,2.75,2414,7693,2.0,0,0,3,2006,0,Auburn
317000.0,3.0,1.0,1160,8813,1.0,0,0,3,1952,2008,Seattle
455000.0,4.0,2.5,3170,10688,2.0,0,2,3,2001,0,Auburn
1365000.0,5.0,3.5,4210,17258,2.0,0,3,3,1995,0,Bellevue
460000.0,3.0,2.0,2060,4437,1.0,0,0,3,1929,0,Seattle
405000.0,3.0,2.0,1640,7201,1.0,0,0,3,1948,1994,Seattle
333000.0,2.0,1.0,720,6686,1.0,0,0,3,1942,1999,Seattle
427000.0,4.0,1.0,1860,4736,1.5,0,0,1,1901,0,Seattle
742000.0,4.0,2.5,2810,10986,2.0,0,0,3,1997,0,Sammamish
465000.0,4.0,2.5,2090,9702,1.0,0,0,5,1965,0,Shoreline
809950.0,4.0,2.5,3280,6181,2.0,0,0,3,2001,0,Sammamish
619400.0,4.0,2.0,2090,3610,1.5,0,0,5,1927,0,Seattle
762400.0,3.0,1.75,2430,14607,1.0,0,1,3,1949,1970,Mercer Island
535000.0,5.0,2.25,2520,49222,2.0,0,0,4,1978,2000,Issaquah
881000.0,5.0,3.0,2510,4125,1.5,0,3,5,1925,0,Seattle
813000.0,4.0,2.75,3370,6675,1.0,0,3,4,1948,0,Seattle
234000.0,3.0,2.0,1640,5280,1.5,0,0,5,1910,0,Auburn
308900.0,3.0,2.5,2250,7294,2.0,0,0,3,1994,0,Auburn
450000.0,4.0,2.5,2300,19250,1.0,0,0,4,1955,2009,North Bend
547500.0,3.0,3.5,1650,2262,3.0,0,0,3,2010,0,Seattle
399950.0,2.0,1.0,710,1131,2.0,0,0,4,1943,0,Seattle
516000.0,4.0,3.5,2550,8698,2.0,0,0,3,2007,0,Snoqualmie
250000.0,2.0,1.5,982,846,2.0,0,0,3,2006,0,Seattle
475000.0,3.0,2.25,1630,2520,2.0,0,0,3,2005,0,Issaquah
415000.0,4.0,2.5,2550,4500,2.0,0,0,3,2009,0,Renton
545000.0,2.0,1.25,1240,2150,2.0,0,0,3,2014,0,Seattle
329950.0,3.0,2.5,2456,7566,2.0,0,0,3,2012,1912,Federal Way
1325000.0,5.0,2.25,3200,20158,1.0,0,0,3,1965,1993,Clyde Hill
784000.0,3.0,3.5,3950,111078,1.5,0,0,3,1989,0,Redmond
610750.0,4.0,2.25,2180,7297,2.0,0,0,3,1984,0,Sammamish
578000.0,4.0,2.5,3140,9225,1.0,0,2,5,1966,0,Renton
1485000.0,4.0,3.75,4030,10800,2.0,0,0,3,2006,0,Kirkland
501000.0,3.0,1.75,1970,7972,1.0,0,3,5,1976,0,Renton
465250.0,5.0,2.0,1940,7642,1.5,0,0,3,1957,2000,Shoreline
2250000.0,5.0,4.25,4860,9453,1.5,0,1,5,1905,0,Seattle
1095000.0,0.0,0.0,3064,4764,3.5,0,2,3,1990,2009,Seattle
315000.0,2.0,1.0,970,5665,1.0,0,0,4,1908,0,Seattle
900000.0,4.0,2.25,2460,44431,1.0,0,0,4,1957,2001,Bellevue
789500.0,4.0,2.5,3010,6100,2.0,0,0,3,2005,0,Redmond
678500.0,3.0,2.0,2460,6600,1.0,0,2,4,1952,0,Seattle
342500.0,3.0,2.0,2080,11375,1.0,0,0,3,2002,0,Enumclaw
860000.0,4.0,3.25,3960,7012,2.0,0,0,3,2005,0,Sammamish
306000.0,4.0,2.5,2490,8124,2.0,0,0,3,2001,0,Auburn
580000.0,5.0,2.0,2060,6000,2.0,0,0,3,1903,2005,Seattle
405000.0,3.0,1.0,1330,15678,1.0,0,0,3,1984,0,Sammamish
510000.0,3.0,1.75,1600,19200,1.0,0,0,4,1967,0,Kirkland
173000.0,2.0,1.0,820,10450,1.0,0,0,4,1965,0,Renton
210000.0,4.0,1.75,1200,7680,1.0,0,0,3,1968,1997,Auburn
445000.0,3.0,1.0,1050,5664,1.0,0,0,4,1947,1988,Seattle
585000.0,3.0,2.5,1910,1501,2.5,0,0,3,2007,0,Seattle
381000.0,3.0,1.75,1800,6000,1.0,0,0,5,1950,0,Shoreline
890000.0,3.0,2.25,2060,8640,1.0,0,0,4,1966,0,Kirkland
235000.0,3.0,1.75,1840,9697,1.0,0,0,4,1985,0,Kent
480000.0,3.0,2.5,1250,1103,3.0,0,2,3,2005,0,Seattle
575000.0,2.0,1.0,1510,4032,1.5,0,0,3,1935,1974,Seattle
350000.0,4.0,2.25,2300,4600,1.5,0,0,4,1904,0,Seattle
259000.0,4.0,1.5,1490,7560,2.0,0,0,3,1966,1963,Des Moines
599000.0,5.0,2.75,2820,4608,1.0,0,0,3,1967,2011,Seattle
210000.0,4.0,1.5,1130,7840,1.0,0,0,4,1970,0,Federal Way
1184000.0,4.0,2.5,3200,7500,1.5,0,1,5,1948,1985,Seattle
545000.0,3.0,1.0,1510,5000,1.5,0,0,3,1909,2004,Seattle
299995.0,3.0,2.5,1970,7500,2.0,0,0,3,1988,2000,Auburn
440000.0,3.0,1.0,1210,5750,1.5,0,0,4,1910,0,Seattle
699000.0,4.0,2.5,3280,27441,2.0,0,0,3,1996,0,Redmond
795000.0,3.0,2.0,2420,17859,1.0,0,1,5,1979,0,Kirkland
445000.0,5.0,1.75,2460,6846,1.5,0,0,5,1911,1984,Seattle
397990.0,3.0,1.0,1180,11862,1.0,0,0,4,1948,0,Seattle
706000.0,3.0,2.75,1900,6400,1.0,0,0,5,1942,0,Seattle
363000.0,3.0,3.25,1651,1779,2.0,0,0,3,2008,0,Seattle
850000.0,4.0,2.25,2130,11843,2.0,0,0,4,1972,0,Mercer Island
620000.0,2.0,1.0,1430,3000,1.5,0,0,3,1929,0,Seattle
1228000.0,4.0,2.5,5730,44947,2.0,0,4,3,1991,0,Sammamish
333000.0,4.0,2.5,1910,9244,1.0,0,0,4,1963,0,Renton
743000.0,3.0,1.75,2110,11250,1.0,0,0,4,1961,2001,Mercer Island
448000.0,2.0,1.5,1630,3780,1.0,0,0,4,1940,2001,Seattle
485000.0,4.0,2.5,2470,35073,2.0,0,0,3,1989,0,Auburn
489950.0,4.0,2.25,2640,31941,1.0,0,0,4,1986,0,Auburn
498500.0,5.0,2.75,2990,7420,2.0,0,0,3,1996,0,Renton
531000.0,3.0,2.5,2120,9736,2.0,0,0,3,1988,2000,Bothell
670000.0,3.0,2.5,2050,6420,1.0,0,3,3,1956,2001,Seattle
310000.0,5.0,3.0,1880,5000,1.0,0,0,3,1997,0,Seattle
835000.0,3.0,3.0,2790,12523,2.0,1,4,4,1977,0,Des Moines
1688000.0,4.0,2.5,3000,7500,2.0,0,0,3,1937,1994,Seattle
495000.0,4.0,2.5,2140,7245,2.0,0,0,3,2003,0,Seattle
495000.0,3.0,2.0,1769,9300,1.0,0,0,4,1955,2009,Normandy Park
440000.0,3.0,1.0,1710,6556,1.5,0,0,4,1926,1993,Seattle
280000.0,1.0,0.75,420,6720,1.0,0,0,3,1922,2008,Seattle
1070000.0,4.0,2.5,3270,35445,2.0,0,0,3,1989,0,Bellevue
1034500.0,4.0,2.5,2370,10858,2.0,0,0,3,2003,0,Bellevue
248000.0,4.0,2.5,1770,5855,2.0,0,0,3,2003,0,Maple Valley
294000.0,4.0,2.5,2210,8465,1.0,0,0,3,1990,2009,Auburn
561000.0,3.0,2.25,1710,4140,2.0,0,0,3,2004,2003,Issaquah
656500.0,4.0,2.0,2710,4750,1.0,0,0,4,1919,1985,Seattle
660000.0,3.0,3.0,2340,2970,2.0,0,0,5,1925,0,Seattle
370000.0,2.0,1.0,1220,17172,1.0,0,0,4,1947,1988,Kirkland
349950.0,3.0,1.0,1060,9525,1.0,0,0,3,1966,1963,Redmond
223000.0,2.0,1.0,910,9869,1.0,0,0,3,1957,2000,Renton
560000.0,4.0,1.75,1880,3880,1.5,0,0,4,1944,0,Seattle
594000.0,4.0,1.75,1870,5200,2.0,0,0,4,1937,0,Seattle
600000.0,3.0,2.25,1480,5400,2.0,0,0,4,1914,1945,Seattle
315000.0,3.0,2.5,1880,7000,2.0,0,0,3,1993,0,Kent
430000.0,4.0,1.75,1890,6000,1.0,0,0,4,1947,1988,Seattle
440000.0,3.0,2.75,1560,7392,1.0,0,0,5,1972,0,Kirkland
312500.0,2.0,1.5,1070,1200,2.0,0,0,3,1999,0,Seattle
1240000.0,5.0,4.0,4410,14380,2.0,0,0,3,2006,0,Redmond
300000.0,3.0,3.25,1470,1235,2.0,0,0,3,2008,0,Seattle
680000.0,3.0,2.5,2570,3600,2.5,0,0,3,2007,0,Issaquah
336750.0,2.0,2.25,1170,1011,2.0,0,0,3,2009,0,Issaquah
822500.0,5.0,3.5,2320,4960,2.0,0,0,5,1926,0,Seattle
589000.0,4.0,3.0,2440,9600,2.0,0,0,5,1961,0,Kirkland
863000.0,4.0,2.5,4120,22370,2.0,0,0,3,1997,0,Sammamish
210000.0,2.0,1.75,1440,5680,1.0,0,0,4,1978,2000,Des Moines
206135.0,3.0,1.0,1340,11070,1.0,0,0,4,1978,2000,Kent
1125000.0,6.0,3.75,3010,4360,2.0,0,0,3,2014,0,Seattle
285000.0,3.0,1.75,1840,8601,1.0,0,0,3,1905,2014,Seattle
230000.0,2.0,1.0,930,7550,1.0,0,0,3,1986,0,SeaTac
845000.0,4.0,2.75,4070,115434,2.0,0,0,3,2002,0,North Bend
350000.0,3.0,1.75,1820,9545,1.0,0,0,3,1976,0,Lake Forest Park
304000.0,3.0,1.0,1280,8184,1.5,0,0,4,1947,1988,Shoreline
370000.0,2.0,1.0,900,4600,1.0,0,0,3,1951,1994,Seattle
810000.0,3.0,1.75,1980,13503,1.0,0,2,4,1952,0,Bellevue
440000.0,4.0,2.25,2010,7575,1.0,0,0,3,1974,0,Kirkland
1030000.0,4.0,2.5,2750,4800,2.0,0,0,3,1905,2005,Seattle
775000.0,4.0,2.0,3140,10875,1.0,0,1,3,1939,1969,Seattle
1335000.0,5.0,2.25,4200,5800,2.5,0,0,4,1906,1990,Seattle
235000.0,3.0,1.75,1900,8540,1.0,0,0,3,1980,0,SeaTac
499950.0,3.0,1.0,1830,3000,1.5,0,0,3,1926,2003,Seattle
622500.0,5.0,2.75,3320,23760,2.0,0,0,4,1975,0,Woodinville
300000.0,4.0,2.5,2700,10814,1.0,0,0,4,1966,0,Kent
205000.0,3.0,1.0,1290,6566,1.0,0,0,5,1976,0,Federal Way
435000.0,3.0,1.75,1500,8173,1.0,0,0,3,1997,0,Kirkland
697000.0,4.0,2.75,3650,48351,1.5,0,0,4,1978,2000,Woodinville
153000.0,3.0,1.0,1270,6405,1.5,0,0,3,1944,0,Seattle
454000.0,4.0,2.25,2630,39000,2.0,0,0,3,1979,2014,Kent
345000.0,2.0,1.5,1800,26615,1.0,0,0,5,1987,0,Auburn
585000.0,3.0,1.0,1870,2807,1.5,0,0,4,1927,0,Seattle
380000.0,4.0,2.5,2540,6365,2.0,0,0,3,2000,0,Renton
250600.0,4.0,2.5,1930,8660,1.0,0,0,3,1981,2013,Auburn
890000.0,4.0,2.25,2770,13500,2.0,0,0,3,1974,0,Mercer Island
370000.0,4.0,2.5,2220,5338,2.0,0,0,3,2001,0,Renton
369500.0,3.0,1.5,1650,9957,1.0,0,0,4,1961,2001,Seattle
883000.0,4.0,2.5,3670,54450,2.0,0,0,3,1999,0,Sammamish
950000.0,4.0,2.5,3770,35081,2.0,0,0,3,1989,0,Redmond
615000.0,3.0,1.75,2350,20820,1.0,0,0,4,1978,2000,Sammamish
305000.0,3.0,1.5,1210,5240,1.0,0,0,4,1983,0,Seattle
590000.0,4.0,2.5,2010,7972,2.0,0,0,4,1989,0,Issaquah
485000.0,3.0,2.5,1580,6065,2.0,0,0,3,1985,0,Issaquah
215000.0,2.0,1.0,710,7200,1.0,0,0,3,1943,2002,Seattle
430000.0,3.0,2.0,1910,5040,1.5,0,0,3,1971,0,Sammamish
324900.0,4.0,2.5,1880,7965,2.0,0,0,3,2000,0,Maple Valley
849900.0,2.0,2.0,2280,641203,2.0,0,0,3,1990,2009,Vashon
975000.0,5.0,2.75,3100,10014,1.0,0,2,4,1973,0,Mercer Island
910000.0,5.0,2.5,2350,4000,2.0,0,0,3,1993,0,Seattle
459950.0,3.0,1.75,1850,6869,1.0,0,2,5,1919,1934,Burien
325000.0,3.0,2.5,2070,8337,2.0,0,0,3,1997,0,Kent
513000.0,4.0,2.75,2020,7070,1.0,0,0,5,1958,0,Seattle
475000.0,3.0,2.25,1580,12177,1.0,0,0,3,1981,2013,Sammamish
419000.0,4.0,2.5,2690,7947,2.0,0,0,3,1993,0,Renton
760000.0,4.0,2.5,2420,10285,1.0,0,4,3,1958,2004,Burien
1120000.0,5.0,1.5,2540,6660,2.0,0,3,4,1954,1979,Seattle
129000.0,2.0,1.0,1150,30184,1.0,0,0,3,1950,2005,Renton
725000.0,5.0,2.5,3210,12000,1.0,0,0,4,1968,0,Bellevue
580000.0,3.0,2.5,2040,4627,2.0,0,0,3,1992,0,Redmond
385000.0,3.0,2.25,1920,4833,1.0,0,0,4,1921,0,Seattle
265000.0,4.0,1.75,1900,10588,1.0,0,0,5,1958,0,Auburn
1735000.0,3.0,2.5,4310,32093,1.5,0,4,5,1982,0,Shoreline
330000.0,3.0,2.5,1070,1155,2.0,0,0,3,2005,0,Seattle
665000.0,4.0,2.5,2790,43091,2.0,0,0,4,1989,0,Woodinville
799000.0,3.0,2.5,2860,4442,2.0,0,0,3,2000,0,Seattle
589000.0,3.0,2.0,2250,8800,1.0,0,0,4,1925,1968,Seattle
1695000.0,2.0,2.25,3170,3000,2.0,0,2,5,1900,0,Seattle
538000.0,3.0,1.0,1460,7200,1.0,0,0,3,1906,2014,Seattle
530100.0,3.0,1.0,1540,3399,1.5,0,0,3,1926,2003,Seattle
718500.0,3.0,2.0,2910,6600,2.0,0,0,4,1900,1988,Seattle
299000.0,3.0,1.75,1180,13927,1.0,0,0,5,1962,0,Renton
556000.0,3.0,1.75,1640,7437,1.0,0,0,3,1948,1994,Seattle
171000.0,4.0,2.0,1520,19672,1.0,0,0,3,1920,1979,Tukwila
540000.0,5.0,3.0,3610,9775,2.0,0,0,3,2003,0,Maple Valley
250000.0,3.0,2.25,1400,3814,2.0,0,0,3,2012,1912,Covington
795000.0,4.0,3.5,3200,3250,2.0,0,0,3,2007,0,Issaquah
575000.0,3.0,3.0,1384,1287,2.0,0,0,3,2006,0,Seattle
379500.0,3.0,2.25,1410,1287,2.0,0,0,3,2005,0,Issaquah
385000.0,4.0,2.5,2050,5276,2.0,0,0,3,2006,0,Renton
415500.0,4.0,2.5,1750,4779,2.0,0,0,3,2009,0,Kenmore
397500.0,3.0,2.0,1510,6710,1.0,0,0,3,1972,2002,Kirkland
530000.0,3.0,2.5,1930,7214,2.0,0,0,3,2005,0,Seattle
883000.0,4.0,2.5,2960,41656,2.0,0,0,3,1985,0,Woodinville
850000.0,5.0,2.75,2920,11880,1.0,0,0,5,1968,0,Issaquah
496752.0,2.0,1.0,1980,5000,1.0,0,0,4,1923,0,Seattle
330000.0,3.0,1.75,1430,8865,1.0,0,0,3,1950,2005,Seattle
735000.0,4.0,2.75,2450,4187,2.0,0,2,3,2010,0,Issaquah
525000.0,4.0,2.75,2360,4924,2.0,0,0,3,2008,0,Kenmore
269950.0,3.0,2.5,1890,4838,2.0,0,0,3,2002,0,Tukwila
650000.0,3.0,1.75,2140,9484,1.0,0,0,3,1953,0,Bellevue
520500.0,3.0,2.0,1900,8100,1.0,0,0,4,1940,2001,Seattle
652500.0,4.0,2.5,2700,9122,2.0,0,0,3,1990,2009,Issaquah
506000.0,5.0,3.0,2430,8000,1.0,0,0,4,1957,2001,Bellevue
416000.0,3.0,1.0,1110,12150,1.0,0,0,4,1957,2001,Bellevue
500000.0,4.0,2.75,2280,15347,1.0,0,0,5,1960,0,Newcastle
460000.0,3.0,1.75,1550,4708,1.0,0,0,4,1949,1985,Seattle
371025.0,3.0,2.0,1530,8925,1.0,0,0,3,1977,2004,Bothell
576000.0,4.0,2.5,2440,28405,2.0,0,0,3,2002,0,Kenmore
353500.0,4.0,2.25,1760,9602,2.0,0,0,3,1987,2000,Renton
1735000.0,4.0,2.25,3040,5000,2.0,0,3,4,1926,1993,Seattle
183000.0,3.0,1.75,1070,8100,1.0,0,0,4,1957,2001,Auburn
763101.0,3.0,1.75,1990,5560,1.0,0,0,4,1939,1989,Seattle
460000.0,2.0,1.5,1090,4000,1.0,0,0,3,1951,1994,Seattle
825000.0,4.0,1.5,1890,6938,1.5,0,0,3,1919,2001,Seattle
265000.0,3.0,1.0,1000,9150,1.0,0,0,3,1969,2010,Renton
295000.0,3.0,1.75,1770,8235,1.0,0,0,3,1960,2012,Burien
418000.0,4.0,3.0,2360,6250,1.0,0,2,3,1960,2012,Seattle
554000.0,3.0,3.5,3380,108900,2.0,0,0,3,1999,0,Renton
534500.0,3.0,2.5,1700,3150,2.0,0,0,3,2005,0,Issaquah
690000.0,2.0,1.75,1600,4000,1.0,0,0,5,1918,0,Seattle
530000.0,4.0,2.5,2050,6360,2.0,0,0,3,1988,2000,Issaquah
357186.0,2.0,1.75,1210,1040,2.0,0,0,3,2014,0,Issaquah
300000.0,5.0,3.0,1940,6355,1.0,0,0,3,2007,0,Seattle
304000.0,4.0,2.0,1810,8750,1.0,0,0,2,1967,0,Renton
385000.0,4.0,1.75,1690,4080,1.0,0,0,4,1984,0,Seattle
415000.0,4.0,2.0,1800,2970,1.0,0,0,4,1923,0,Seattle
963000.0,4.0,3.5,3280,6603,2.0,0,0,3,2007,0,Bellevue
792500.0,4.0,2.5,4290,175421,2.0,0,0,3,2004,2003,Ravensdale
309212.0,3.0,1.75,1150,9600,1.0,0,0,3,1979,2014,North Bend
235000.0,2.0,1.5,880,1805,2.0,0,0,3,1999,0,Seattle
667000.0,3.0,1.5,1720,8100,2.0,0,0,3,1907,1983,Seattle
470000.0,3.0,1.5,1510,8000,1.0,0,0,4,1956,0,Bellevue
375000.0,4.0,2.0,1240,3000,1.0,0,0,3,1908,1988,Seattle
410000.0,4.0,2.0,1580,9581,1.0,0,0,3,1953,0,Kirkland
566000.0,4.0,2.25,2170,7737,2.0,0,0,3,1987,2000,Sammamish
680000.0,4.0,2.75,2500,4950,2.0,0,0,3,2010,0,Redmond
332000.0,1.0,1.0,960,2640,1.0,0,0,3,1908,1988,Seattle
902000.0,4.0,2.5,3030,8507,2.0,0,0,3,2003,0,Kirkland
500000.0,3.0,1.75,1540,10800,1.0,0,0,5,1947,0,Mercer Island
445000.0,3.0,1.75,1890,32340,1.5,0,3,3,1976,0,Vashon
825000.0,4.0,2.5,2810,9800,1.0,0,0,4,1973,0,Bellevue
1095000.0,4.0,4.0,3530,8400,2.0,0,0,5,1958,0,Seattle
277000.0,3.0,1.0,1100,8536,1.0,0,0,4,1957,2001,Seattle
545000.0,3.0,2.5,1940,9775,1.0,0,2,3,1975,0,Kirkland
435000.0,3.0,2.5,2300,9521,2.0,0,0,3,2003,0,Duvall
638000.0,3.0,2.5,2110,3600,2.0,0,0,3,2005,0,Redmond
418000.0,4.0,1.5,1220,10580,1.0,0,0,3,1965,1993,Bellevue
499000.0,3.0,1.75,1750,12325,1.0,0,0,4,1968,0,Redmond
150000.0,3.0,1.5,1230,8056,1.0,0,0,4,1949,1985,Burien
759950.0,3.0,2.5,3100,23790,2.0,0,0,3,2002,0,Sammamish
427000.0,3.0,2.5,1830,65340,1.0,0,0,3,1991,0,North Bend
632500.0,5.0,2.5,2640,7096,2.0,0,0,3,2003,0,Redmond
660000.0,6.0,1.75,1840,2774,1.0,0,0,3,1900,2005,Seattle
862000.0,4.0,2.5,3190,14565,2.0,0,0,3,1990,2009,Woodinville
524000.0,2.0,1.0,1120,2000,1.5,0,0,3,1910,2006,Seattle
470000.0,3.0,1.5,1760,6723,1.0,0,0,3,1958,2004,Seattle
385000.0,3.0,2.0,1590,9912,2.0,0,0,3,2000,0,Vashon
575000.0,4.0,2.5,2120,9603,2.0,0,0,3,1985,0,Issaquah
220000.0,4.0,2.5,2240,9826,1.0,0,0,4,1988,0,Federal Way
460000.0,2.0,1.0,890,2100,1.0,0,0,4,1919,1985,Seattle
1712500.0,3.0,3.25,2940,5432,3.0,0,3,4,1978,2000,Seattle
175000.0,3.0,1.5,1220,7300,1.0,0,0,3,1973,2013,Auburn
465000.0,3.0,2.25,2670,7500,1.0,0,0,4,1966,0,Burien
552000.0,3.0,1.0,1120,2300,1.0,0,0,4,1912,1989,Seattle
565000.0,4.0,2.75,3130,139392,2.0,0,0,4,1981,0,Kent
518000.0,4.0,2.5,1740,7500,1.0,0,0,4,1976,1992,Redmond
899950.0,4.0,3.5,3290,5414,2.0,0,1,3,2006,0,Kirkland
373000.0,3.0,1.0,1770,5720,1.5,0,0,4,1926,1993,Seattle
385000.0,4.0,2.5,2960,5054,2.0,0,0,3,2006,0,Maple Valley
245000.0,2.0,1.0,1200,4880,1.0,0,0,3,1943,2002,Seattle
375000.0,4.0,2.0,2400,6000,2.0,0,0,3,1913,1945,Bothell
699850.0,4.0,3.5,2690,6164,2.0,0,0,3,2002,0,Sammamish
450000.0,6.0,2.25,3550,11780,1.0,0,0,4,1948,0,Seattle
455000.0,2.0,1.5,1310,12196,1.5,0,0,3,1970,2014,Redmond
650000.0,4.0,2.75,2610,4160,3.0,0,0,5,1910,0,Seattle
378000.0,5.0,2.5,2760,8015,1.0,0,0,4,1960,2001,Seattle
220000.0,3.0,2.0,1410,7998,1.0,0,0,4,1940,2001,Tukwila
285500.0,4.0,1.75,1960,7950,1.0,0,0,4,1967,0,Federal Way
340000.0,3.0,2.5,1212,1174,3.0,0,0,3,2004,2003,Seattle
921000.0,4.0,1.5,2220,9496,1.0,0,0,4,1954,1979,Bellevue
375000.0,4.0,2.5,2040,109336,1.5,0,0,4,1973,0,Maple Valley
999000.0,4.0,2.75,2800,19168,2.0,0,0,3,1992,0,Sammamish
335000.0,3.0,1.5,2040,6000,1.0,0,0,3,1957,2000,Seattle
1920000.0,4.0,2.5,3070,34412,1.0,0,3,4,1950,1983,Medina
385000.0,2.0,1.0,830,26329,1.0,1,3,4,1928,0,Vashon
850000.0,4.0,3.5,4140,7089,2.0,0,0,3,2003,0,Kirkland
429000.0,5.0,2.5,2340,4500,2.0,0,0,3,2009,0,Renton
523950.0,3.0,2.25,1420,1282,3.0,0,0,3,2006,0,Seattle
798800.0,3.0,2.75,2670,3738,1.0,0,0,3,2013,1923,Renton
284000.0,3.0,2.5,1880,6008,2.0,0,0,3,2009,0,Kent
852880.0,4.0,3.25,3450,6184,2.0,0,0,3,2014,0,Sammamish
320000.0,3.0,2.25,1200,1400,3.0,0,0,3,2005,0,Seattle
749995.0,4.0,3.25,3430,9870,2.0,0,0,3,2014,0,Bothell
468500.0,3.0,2.5,1350,1186,2.0,0,0,3,2007,0,Seattle
492500.0,5.0,2.5,2570,9962,2.0,0,0,3,2006,0,Duvall
685000.0,4.0,3.5,2840,4637,3.0,0,0,3,2008,0,Seattle
542525.0,4.0,2.5,2650,5600,2.0,0,0,3,2014,0,Renton
435000.0,3.0,2.0,1980,2674,3.0,0,0,3,2007,0,Seattle
242000.0,3.0,1.75,1280,7524,1.5,0,0,4,1988,0,Kent
325000.0,4.0,2.5,2610,7091,2.0,0,0,3,1987,2000,Federal Way
837700.0,5.0,2.75,3010,12611,2.0,0,0,3,1994,0,Redmond
210000.0,1.0,1.0,930,7129,1.0,0,0,3,1948,1994,Seattle
187500.0,3.0,1.5,1180,7000,1.0,0,0,4,1977,0,Federal Way
560000.0,5.0,1.0,1710,9100,1.5,0,0,4,1926,1993,Seattle
272000.0,3.0,2.0,1380,7476,1.0,0,0,3,1989,0,Auburn
235000.0,3.0,1.75,1190,7280,1.0,0,0,4,1968,0,Auburn
259000.0,3.0,2.0,1870,5909,1.0,0,0,3,1986,0,Kent
866059.0,5.0,3.5,3130,4797,2.0,0,0,3,2014,0,Bellevue
473000.0,2.0,1.0,900,5100,1.0,0,0,4,1909,1989,Seattle
405000.0,3.0,1.5,1880,7400,1.0,0,0,3,1968,1997,Lake Forest Park
870000.0,4.0,4.25,3010,4887,2.0,0,3,4,1951,1996,Seattle
475000.0,3.0,2.25,2280,5750,1.0,0,1,4,1985,0,Seattle
499500.0,3.0,2.5,2970,21907,2.0,0,0,3,1998,2006,Renton
386000.0,2.0,2.5,1620,3196,2.0,0,0,3,2008,0,Snoqualmie
458000.0,4.0,1.5,1550,3000,1.5,0,0,3,1918,0,Seattle
550000.0,3.0,1.75,2240,78225,2.0,0,0,5,1976,0,Vashon
605500.0,3.0,2.5,2830,6536,2.0,0,0,3,1989,0,Woodinville
421000.0,3.0,2.5,2890,21780,2.0,0,0,3,2000,0,SeaTac
536000.0,4.0,2.25,1990,5948,2.0,0,0,3,1991,0,Issaquah
247200.0,3.0,1.75,1370,8719,1.0,0,0,3,1982,0,Covington
250000.0,2.0,1.5,1088,1360,2.0,0,0,3,1983,2009,Kirkland
204950.0,4.0,1.75,1740,9344,1.0,0,0,3,1978,0,Federal Way
430000.0,3.0,2.0,1730,9000,1.0,0,0,3,1978,0,Issaquah
250000.0,4.0,2.5,1800,8100,2.0,0,0,3,1998,2006,Maple Valley
260000.0,3.0,1.75,1440,12888,1.0,0,2,3,1958,2004,Tukwila
547000.0,4.0,1.0,1720,2800,1.5,0,0,4,1926,1993,Seattle
379900.0,5.0,3.5,2800,7350,2.0,0,0,3,1995,0,Seattle
738500.0,3.0,2.5,2300,6009,1.0,0,0,3,2005,0,Redmond
545000.0,4.0,2.25,2030,11585,1.0,0,0,4,1967,0,Redmond
342000.0,2.0,1.0,740,6180,1.0,0,0,3,1948,1994,Seattle
4668000.0,5.0,6.75,9640,13068,1.0,1,4,3,1983,2009,Mercer Island
170000.0,4.0,1.0,1920,13787,1.0,0,0,4,1966,0,SeaTac
616000.0,4.0,2.5,2490,12929,2.0,0,0,3,1983,2009,Sammamish
640000.0,3.0,2.0,1380,4800,1.0,0,0,3,1948,1994,Seattle
332000.0,3.0,2.5,1530,9406,1.0,0,0,3,1993,0,Renton
1010000.0,3.0,3.25,2420,1923,2.0,0,2,3,2006,0,Seattle
380000.0,4.0,2.5,2150,37647,2.0,0,0,3,1991,0,Kent
415000.0,4.0,2.0,1610,9600,1.0,0,0,5,1967,0,Newcastle
1008000.0,4.0,3.5,2650,3060,2.0,0,0,3,2001,0,Seattle
669000.0,4.0,2.75,2700,35362,2.0,0,0,5,1976,0,Woodinville
260000.0,3.0,1.5,1270,20700,1.0,0,0,2,1948,0,Lake Forest Park
854000.0,4.0,2.75,3150,38865,1.0,0,0,3,1986,0,Redmond
605000.0,3.0,2.25,2010,10760,2.0,0,0,3,1985,0,Redmond
320000.0,3.0,1.0,860,5060,1.5,0,0,3,1927,2011,Seattle
229950.0,3.0,2.0,1410,7466,1.0,0,0,3,1983,2009,Renton
255000.0,3.0,1.75,1700,7532,1.0,0,0,3,1987,2000,Kent
1170000.0,4.0,2.5,2570,6251,2.0,0,0,3,2000,0,Bellevue
479000.0,2.0,2.25,1230,932,2.0,0,0,3,2004,2003,Seattle
1200000.0,4.0,3.5,4170,9748,2.0,0,0,3,2004,2003,Newcastle
472000.0,3.0,2.5,1180,1262,3.0,0,0,3,2010,0,Seattle
198000.0,3.0,1.5,1430,7347,1.0,0,0,3,1980,0,Federal Way
440000.0,4.0,2.0,1450,8400,1.5,0,0,4,1962,0,Kirkland
506000.0,3.0,1.75,2180,7700,1.0,0,0,3,1961,2004,Shoreline
382500.0,4.0,2.5,2210,7079,2.0,0,0,3,1993,0,Kent
269500.0,2.0,1.5,1480,7276,1.0,0,0,4,1978,2000,Renton
560000.0,3.0,2.0,2340,3477,1.0,0,1,5,1971,0,Seattle
840000.0,4.0,3.5,3860,18334,2.0,0,0,3,1996,0,Woodinville
479500.0,3.0,2.75,2300,4637,2.0,0,0,3,2008,0,Snoqualmie
402000.0,3.0,1.5,1450,7375,1.0,0,0,3,1968,1997,Kirkland
549000.0,2.0,2.5,1380,953,3.0,0,0,3,2006,0,Seattle
449950.0,4.0,2.5,2470,3811,2.0,0,0,3,1999,0,Snoqualmie
493000.0,4.0,1.75,2030,18295,1.5,0,0,4,1975,0,Kirkland
142500.0,4.0,0.75,1440,13300,1.0,0,0,3,1948,1994,Burien
250000.0,3.0,1.75,1160,6134,1.0,0,0,3,1998,2006,Auburn
729000.0,3.0,1.0,1580,3840,2.0,0,0,3,1908,1988,Seattle
465000.0,2.0,2.75,1430,1425,2.0,0,0,3,2006,0,Seattle
465000.0,2.0,2.0,1494,19271,2.0,1,4,3,1943,1997,Vashon
280000.0,4.0,2.25,1930,7207,1.0,0,0,4,1988,0,Kent
675000.0,6.0,1.75,2740,6360,1.0,0,3,3,1953,0,Seattle
667500.0,3.0,2.0,1880,3800,1.0,0,0,5,1927,0,Seattle
809000.0,3.0,2.5,2590,7720,2.0,0,0,3,1988,2000,Bellevue
400000.0,3.0,2.25,2140,11266,2.0,0,0,3,1986,0,Duvall
310000.0,4.0,2.0,1870,6000,1.5,0,0,3,1956,2001,Seattle
435000.0,2.0,1.0,1230,3800,1.0,0,0,3,1928,1954,Seattle
465950.0,4.0,2.5,2340,6896,2.0,0,0,3,2001,0,Renton
1538000.0,3.0,2.25,2880,7599,1.0,0,2,3,1958,2002,Kirkland
253000.0,3.0,1.5,880,6600,1.0,0,0,5,1945,0,Seattle
330000.0,3.0,2.5,3040,7232,2.0,0,0,3,2003,0,Auburn
554000.0,4.0,1.0,1120,7104,1.5,0,0,3,1946,0,Seattle
350000.0,3.0,2.0,1380,3600,3.0,0,0,3,2013,1923,Seattle
294999.0,4.0,2.5,1660,9760,2.0,0,0,3,1994,0,Kent
1185001.0,3.0,2.75,2500,5568,2.0,0,0,5,1905,0,Seattle
752000.0,4.0,2.5,2940,10382,2.0,0,0,4,1991,0,Newcastle
451000.0,4.0,2.5,1670,3315,2.0,0,0,3,2005,0,Issaquah
725000.0,4.0,2.75,2630,7505,2.0,0,0,3,1994,0,Redmond
345000.0,4.0,2.75,2250,7412,1.0,0,0,4,1975,0,Renton
206000.0,3.0,1.0,1320,7000,1.0,0,0,4,1967,0,Auburn
2027000.0,4.0,3.75,4100,22798,1.5,0,3,5,1934,1979,Mercer Island
2475000.0,3.0,3.25,4340,4947,2.0,0,3,3,1993,0,Seattle
1728000.0,4.0,3.0,3700,20570,1.0,0,0,4,1976,1992,Bellevue
580000.0,5.0,2.0,2700,10875,1.0,0,0,4,1962,0,Bellevue
430000.0,3.0,1.0,980,7200,1.0,0,0,4,1950,1983,Seattle
720000.0,4.0,2.5,2650,11520,2.0,0,0,3,1988,2000,Kirkland
824000.0,7.0,4.25,3670,4000,2.0,0,1,3,1964,2000,Seattle
936000.0,3.0,1.75,2960,12420,1.0,0,2,4,1952,0,Seattle
535000.0,4.0,2.75,3070,7201,2.0,0,0,3,2006,0,Renton
286800.0,3.0,2.5,1413,3600,2.0,0,0,3,2011,0,Kent
350000.0,2.0,2.5,1260,1347,3.0,0,0,3,2005,0,Seattle
345000.0,3.0,2.5,1680,2229,2.0,0,0,3,2007,0,Shoreline
435000.0,3.0,2.25,1230,1238,2.0,0,0,3,2009,0,Seattle
1555000.0,3.0,3.5,4360,6240,2.0,0,3,3,2008,0,Seattle
1325000.0,4.0,4.0,4420,16526,2.0,0,0,3,2013,1923,Sammamish
461000.0,3.0,3.25,2770,6278,2.0,0,0,3,2006,0,Renton
770000.0,3.0,2.25,2910,10204,2.0,0,0,3,1990,2009,Redmond
1384000.0,4.0,3.25,4290,12103,1.0,0,3,3,1997,0,Bellevue
330000.0,3.0,2.5,1600,26977,2.0,0,0,3,2005,0,Duvall
322500.0,4.0,2.5,1820,6753,2.0,0,0,3,1994,0,Maple Valley
1600000.0,6.0,5.0,6050,230652,2.0,0,3,3,2001,0,Fall City
475000.0,3.0,1.75,1700,8432,1.0,0,0,3,1977,2004,Seattle
250275.0,2.0,1.0,790,11234,1.0,0,0,4,1942,1982,Normandy Park
274500.0,3.0,2.25,1720,9000,1.0,0,0,4,1969,0,Federal Way
284950.0,3.0,1.0,990,10723,1.0,0,0,5,1960,0,Renton
264950.0,4.0,1.75,1770,9011,1.0,0,0,5,1983,0,Covington
242000.0,3.0,2.0,1260,8092,1.0,0,0,3,1986,0,Maple Valley
913000.0,4.0,2.5,3640,10576,2.0,0,0,3,1999,0,Sammamish
555000.0,3.0,1.75,2040,6000,1.0,0,0,5,1958,0,Seattle
711000.0,4.0,1.75,1980,10800,1.0,0,0,5,1948,1985,Mercer Island
403500.0,5.0,2.5,3600,17300,1.0,0,0,4,1968,0,Normandy Park
975000.0,4.0,2.5,4270,43386,1.0,0,0,3,1991,0,Redmond
253779.0,4.0,2.0,2030,9600,1.5,0,0,3,1947,2012,SeaTac
384400.0,3.0,3.25,1689,1388,3.0,0,0,3,2008,0,Seattle
646000.0,5.0,2.75,2870,4461,1.0,0,0,3,1976,0,Seattle
415000.0,3.0,1.75,1270,4800,1.0,0,0,3,1952,2014,Seattle
764000.0,4.0,2.5,2790,7938,2.0,0,0,3,1997,0,Sammamish
507000.0,5.0,3.25,3850,16249,2.0,0,2,3,2002,0,Auburn
545500.0,3.0,2.5,1560,9361,1.5,0,0,4,1936,0,Seattle
450000.0,3.0,1.75,1180,4080,1.0,0,0,4,1928,0,Seattle
264000.0,4.0,1.75,1820,8118,1.0,0,0,4,1980,0,Kent
650000.0,5.0,1.75,1260,4500,1.5,0,0,3,1926,2003,Seattle
365000.0,3.0,2.5,2640,6715,2.0,0,0,3,1991,0,Renton
343566.0,2.0,1.0,1100,4200,1.0,0,0,3,1954,2005,Seattle
375000.0,3.0,2.5,1950,6871,2.0,0,0,3,1997,0,Shoreline
295000.0,3.0,2.0,1380,8682,1.0,0,0,4,1966,0,Des Moines
325000.0,3.0,2.75,2200,7000,1.0,0,0,4,1977,0,Renton
265000.0,4.0,1.5,2050,7100,1.0,0,0,3,1963,2008,Auburn
562000.0,5.0,3.0,2795,15101,2.0,0,0,3,1996,0,Duvall
540000.0,4.0,2.5,2050,34222,2.0,0,0,4,1989,0,Woodinville
4489000.0,4.0,3.0,6430,27517,2.0,0,0,3,2001,0,Bellevue
279950.0,5.0,1.75,2150,7171,1.0,0,0,4,1970,0,Kent
540000.0,3.0,1.75,1970,8200,1.0,0,0,5,1963,0,Shoreline
310000.0,4.0,2.5,2660,12672,1.0,0,0,4,1960,2001,Federal Way
190000.0,1.0,1.0,720,4800,1.0,0,0,3,1914,1996,Seattle
440000.0,4.0,2.5,2410,4780,2.0,0,0,3,2000,0,Snoqualmie
1400000.0,3.0,2.0,2020,5500,1.5,0,3,3,1937,1999,Seattle
230000.0,2.0,1.0,1080,9435,1.0,0,0,3,1958,2004,Renton
455000.0,3.0,1.75,1180,14292,1.0,0,0,3,1981,2013,North Bend
175000.0,2.0,1.0,660,5000,1.0,0,0,3,1915,0,Seattle
650000.0,3.0,1.75,2920,9370,1.0,0,0,4,1981,0,Bellevue
3000000.0,4.0,4.25,4850,12445,2.0,1,4,5,1989,0,Kirkland
192500.0,3.0,1.0,1080,8580,1.5,0,0,3,1900,2005,Tukwila
239950.0,3.0,1.75,1670,6900,1.0,0,0,3,1978,0,Federal Way
175000.0,6.0,1.0,1370,5080,1.5,0,0,3,1931,0,Seattle
850000.0,5.0,3.5,3450,28324,1.0,0,0,5,1972,0,Kirkland
410000.0,4.0,2.0,1970,10500,1.0,0,0,3,1961,2004,Burien
570000.0,4.0,2.5,2290,6738,2.0,0,0,3,1996,0,Issaquah
469000.0,5.0,2.5,2240,7543,1.0,0,0,3,1966,1963,Shoreline
559000.0,2.0,1.0,1240,6400,1.0,0,1,4,1938,0,Seattle
739888.0,3.0,2.5,2420,43177,2.0,0,4,4,1989,0,Sammamish
568450.0,5.0,3.5,3260,58806,2.0,0,0,4,1969,0,Kent
240000.0,2.0,1.0,670,10920,1.0,0,0,3,1942,1999,Seattle
574950.0,5.0,3.25,3160,10000,2.0,0,0,4,1980,0,Issaquah
180000.0,3.0,2.25,1990,6350,2.0,0,0,3,1967,2011,Des Moines
1160000.0,4.0,3.5,4680,9700,2.0,0,0,3,2005,0,Bellevue
300000.0,3.0,2.5,1700,3575,2.0,0,0,3,2000,0,Seattle
630000.0,4.0,2.5,2807,9430,2.0,0,0,3,1996,0,Kenmore
507000.0,4.0,1.75,1770,9375,1.0,0,0,4,1968,0,Redmond
287500.0,4.0,2.5,2570,9000,1.0,0,0,4,1979,0,Federal Way
688000.0,3.0,3.0,3450,16200,2.0,0,0,3,1983,2009,Sammamish
424000.0,3.0,2.0,1670,7700,1.0,0,0,3,1972,2002,Kirkland
400000.0,3.0,1.75,1050,6150,1.5,0,0,4,1928,0,Seattle
620000.0,4.0,2.5,1910,7683,2.0,0,0,3,1987,2000,Issaquah
300000.0,3.0,1.0,910,7700,1.0,0,0,4,1971,0,Kirkland
615000.0,5.0,2.25,2480,12070,2.0,0,0,3,1978,0,Sammamish
206000.0,2.0,1.5,1820,8867,2.0,0,0,3,1921,2000,Tukwila
515500.0,4.0,2.5,2920,7700,2.0,0,0,3,2003,0,Duvall
554000.0,5.0,2.25,1870,11411,1.0,0,0,4,1961,2001,Lake Forest Park
825000.0,4.0,3.5,3810,9792,2.0,0,0,3,1938,2013,Seattle
855000.0,4.0,2.25,2190,4080,2.0,0,0,3,1918,0,Seattle
315000.0,3.0,2.5,1730,6368,2.0,0,0,3,1993,0,Maple Valley
299000.0,5.0,2.5,2220,9360,1.0,0,0,4,1968,0,Renton
650000.0,3.0,1.5,1320,8114,1.0,0,0,3,1951,1994,Bellevue
465000.0,3.0,1.75,1510,4800,1.0,0,2,3,1925,2011,Seattle
535000.0,3.0,2.0,2120,4080,2.0,0,0,3,2003,0,Redmond
564000.0,2.0,2.0,1690,4500,1.0,0,0,3,2004,2003,Redmond
515000.0,3.0,3.5,1360,1419,2.0,0,0,3,2007,0,Seattle
580000.0,4.0,2.5,3250,5000,2.0,0,0,3,2008,0,Renton
309000.0,3.0,2.25,1490,1294,2.0,0,0,3,2010,0,Seattle
536751.0,3.0,1.75,1930,6360,1.0,0,0,3,2013,1923,Snoqualmie
415000.0,4.0,2.5,2020,5501,2.0,0,0,3,2010,0,Renton
267000.0,3.0,2.25,1584,2800,2.0,0,0,3,2012,1912,Auburn
820000.0,4.0,2.5,3170,8523,2.0,0,0,3,2008,0,Kirkland
1399950.0,4.0,2.75,3870,10046,2.0,0,0,3,2005,0,Kirkland
485000.0,2.0,2.5,1430,923,3.0,0,0,3,2008,0,Seattle
482000.0,3.0,3.25,1380,1120,3.0,0,0,3,2008,0,Seattle
535000.0,4.0,2.5,2610,4595,2.0,0,0,3,2008,0,Kenmore
690000.0,3.0,3.25,1540,1428,3.0,0,0,3,2013,1923,Seattle
576000.0,3.0,2.5,1940,9000,1.0,0,0,4,1948,0,Seattle
378750.0,3.0,2.5,2160,3000,1.5,0,0,3,1909,2011,Seattle
269900.0,4.0,1.75,1530,8750,1.5,0,0,4,1968,0,Renton
210000.0,3.0,2.0,1440,7210,1.0,0,0,3,1983,2009,Auburn
429900.0,4.0,2.5,2640,8625,2.0,0,0,3,1987,2000,Renton
1525000.0,4.0,3.25,3620,5131,2.0,0,3,4,1927,0,Seattle
360000.0,4.0,2.5,2850,4650,2.0,0,0,3,2004,2003,Maple Valley
405000.0,2.0,1.0,1260,4377,1.0,0,0,4,1947,1988,Seattle
450000.0,3.0,1.75,1610,11200,1.0,0,0,3,1955,2005,Kirkland
703000.0,3.0,2.0,1360,5980,1.5,0,0,3,1945,2008,Seattle
661000.0,4.0,2.5,2496,8058,2.0,0,0,3,1998,2006,Redmond
580000.0,4.0,2.25,2160,9593,1.0,0,0,3,1969,2010,Bellevue
464000.0,3.0,1.0,1320,3625,2.0,0,0,3,1900,2005,Seattle
945000.0,2.0,2.5,2540,7089,2.0,0,0,3,2004,2003,Seattle
659500.0,4.0,3.0,2620,18362,1.0,0,0,4,1956,0,Bellevue
200000.0,3.0,1.5,1140,8340,1.0,0,0,3,1960,2012,Tukwila
280000.0,3.0,2.0,1790,42399,1.0,0,0,4,1990,0,Auburn
1325000.0,4.0,2.5,2440,3600,2.5,0,0,4,1902,0,Seattle
346150.0,3.0,2.0,2140,7200,1.0,0,0,4,1966,0,Renton
197500.0,3.0,1.0,1330,5412,2.0,0,0,5,1905,0,Enumclaw
799000.0,4.0,2.5,2590,7910,2.0,0,0,3,2001,0,Seattle
1309500.0,4.0,4.5,4750,13912,2.0,0,2,3,2005,0,Seattle
350000.0,2.0,1.0,1620,9205,1.0,0,0,5,1921,0,Kirkland
720000.0,4.0,2.5,2440,34290,2.0,0,0,3,1987,2000,Redmond
519000.0,3.0,2.75,2020,10744,1.0,0,0,5,1954,0,Normandy Park
590300.0,3.0,1.5,1470,7200,2.0,0,0,4,1907,0,Seattle
2200000.0,5.0,4.75,5990,10450,2.0,1,4,3,2002,0,Issaquah
410000.0,6.0,2.75,2520,9324,1.0,0,0,4,1962,0,Lake Forest Park
437000.0,2.0,1.75,1440,4225,1.0,0,0,3,2005,0,Redmond
221000.0,3.0,2.25,1640,7350,1.0,0,0,3,1984,0,Federal Way
380000.0,4.0,2.25,2150,20181,1.0,0,0,3,1963,2008,Kenmore
506000.0,2.0,1.0,1570,8210,1.0,0,0,4,1952,0,Seattle
395000.0,4.0,1.0,1980,10350,1.0,0,0,4,1968,0,Issaquah
285000.0,3.0,1.0,1210,4731,1.5,0,0,3,1901,0,Seattle
311000.0,3.0,1.75,1900,3000,1.5,0,0,5,1903,0,Seattle
520000.0,3.0,1.75,1940,219527,1.0,0,0,3,1991,0,Maple Valley
435000.0,3.0,1.75,1310,8065,1.0,0,0,4,1948,0,Seattle
120000.0,2.0,1.0,990,39964,1.0,0,0,2,1945,0,Kent
1440000.0,3.0,3.5,3870,3819,2.0,0,0,3,2002,0,Seattle
186000.0,3.0,2.0,1340,4320,1.0,0,0,3,1912,1993,Auburn
756000.0,4.0,2.25,2160,5600,1.0,0,0,5,1947,0,Seattle
248000.0,4.0,2.0,2080,13510,1.0,0,0,3,1950,2005,Seattle
287000.0,3.0,2.0,1300,11374,1.5,0,0,5,1933,0,SeaTac
510000.0,4.0,2.5,2610,8031,2.0,0,0,3,1998,2006,Lake Forest Park
249000.0,3.0,1.0,1050,8498,1.0,0,0,4,1959,0,Kent
340000.0,3.0,2.5,2480,6112,2.0,0,0,3,2004,2003,Renton
399888.0,4.0,2.25,1820,8255,1.5,0,0,4,1930,0,Seattle
440000.0,3.0,1.75,1170,8740,1.0,0,0,4,1968,0,Redmond
899000.0,4.0,2.25,2370,6000,1.0,0,2,3,1959,1989,Seattle
540500.0,5.0,3.75,3090,7415,2.0,0,0,3,2014,0,Burien
385000.0,3.0,1.75,2310,11200,1.0,0,0,4,1978,2000,Kent
558000.0,4.0,2.25,2060,10358,1.0,0,0,4,1962,0,Bellevue
600000.0,3.0,2.0,2540,237402,1.0,0,0,3,2007,0,Enumclaw
450000.0,4.0,2.5,2400,7693,2.0,0,0,3,2003,0,Renton
232500.0,3.0,1.0,1320,8450,1.0,0,0,3,1961,2004,Federal Way
436000.0,2.0,1.0,790,6600,1.0,0,0,3,1949,1998,Seattle
240000.0,4.0,2.0,1790,14690,1.0,0,1,4,1960,2001,Des Moines
489950.0,3.0,2.25,1820,7326,2.0,0,0,3,1983,2009,Kirkland
680000.0,6.0,2.0,1670,3000,1.0,0,0,5,1911,1984,Seattle
1068000.0,5.0,3.5,3990,9938,2.0,0,0,3,2001,0,Newcastle
352450.0,3.0,2.0,1430,6000,1.0,0,0,5,1945,0,Shoreline
335000.0,4.0,2.0,2030,103672,1.0,0,0,4,1969,0,Enumclaw
549000.0,4.0,1.75,1290,3060,2.0,0,0,4,1906,1990,Seattle
1240000.0,4.0,3.5,3820,13224,2.0,0,0,3,1990,2009,Bellevue
618250.0,4.0,3.25,2520,3360,1.5,0,0,4,1931,0,Seattle
1815000.0,5.0,3.0,3880,13000,2.0,0,0,3,1972,2003,Mercer Island
850000.0,2.0,1.75,1590,5136,1.5,0,3,3,1927,2011,Seattle
930000.0,5.0,2.0,3530,9385,1.5,0,0,3,1925,2002,Seattle
505000.0,3.0,2.5,1610,4611,2.0,0,0,3,1996,0,Issaquah
925000.0,4.0,2.5,3280,209088,2.0,0,0,3,1994,0,Redmond
275000.0,3.0,1.75,1860,15681,1.0,0,0,4,1971,0,Federal Way
499000.0,3.0,1.75,1840,5000,1.0,0,0,4,1910,0,Seattle
507000.0,3.0,2.5,2120,7201,2.0,0,0,3,2003,0,Seattle
619850.0,4.0,2.5,2270,9247,1.0,0,0,5,1972,0,Bellevue
500000.0,3.0,2.5,2840,48716,1.0,0,3,3,1994,0,Carnation
310000.0,4.0,1.5,1220,9600,1.0,0,0,3,1980,0,Carnation
646000.0,4.0,2.5,2310,4079,2.0,0,0,3,2008,0,Seattle
265000.0,3.0,1.75,1840,7300,1.0,0,0,3,1966,1963,Federal Way
475000.0,3.0,2.5,950,1110,2.0,0,0,3,2003,0,Seattle
600000.0,4.0,2.25,3070,8400,2.0,0,0,4,1970,0,Kirkland
470000.0,3.0,2.0,1730,38884,1.0,0,0,3,1997,0,Maple Valley
319950.0,2.0,1.0,920,8341,1.0,0,0,3,1939,1969,Seattle
712000.0,3.0,2.75,3200,6699,2.0,0,0,3,2004,2003,Sammamish
775000.0,4.0,2.75,3010,15992,2.0,0,0,3,1996,0,Sammamish
390000.0,3.0,2.25,1600,10240,1.0,0,0,3,1979,2014,Kirkland
585000.0,4.0,2.5,2840,11044,2.0,0,0,3,2001,0,Kirkland
1027000.0,3.0,2.5,2430,10500,2.0,0,1,3,1989,0,Bellevue
232603.0,3.0,1.75,1750,11461,2.0,0,0,4,1976,1992,Auburn
543000.0,3.0,2.25,1240,949,3.0,0,0,3,2008,0,Seattle
607500.0,3.0,3.25,1530,1612,3.0,0,0,3,2006,0,Seattle
750000.0,3.0,3.5,3390,10078,2.0,0,0,3,2012,1912,Newcastle
728050.0,3.0,2.5,2320,6775,1.0,0,0,3,2008,0,Redmond
734990.0,4.0,2.5,2650,6884,2.0,0,0,3,2012,1912,Redmond
330000.0,3.0,2.5,2238,7209,2.0,0,0,3,2011,0,Federal Way
605000.0,4.0,2.5,2620,7553,2.0,0,0,3,1996,0,Newcastle
441000.0,3.0,2.75,1910,7280,1.0,0,0,3,1979,2014,Kirkland
650000.0,4.0,2.5,3040,6587,2.0,0,0,3,2003,0,Redmond
1950000.0,7.0,3.5,4640,15235,2.0,0,1,3,1965,2003,Mercer Island
395000.0,3.0,1.0,1500,4000,1.0,0,0,3,1925,2002,Seattle
245000.0,1.0,0.75,380,15000,1.0,0,0,3,1963,2008,Burien
905000.0,4.0,3.5,2970,14486,2.0,0,0,3,1997,0,Mercer Island
660000.0,4.0,3.25,3030,9273,2.0,0,0,5,1988,0,Issaquah
378000.0,4.0,2.5,1890,12236,1.0,0,0,3,1978,0,North Bend
600000.0,2.0,1.0,1040,3600,1.0,0,0,4,1919,1980,Seattle
632500.0,4.0,2.5,2090,10306,2.0,0,0,3,1986,0,Sammamish
210000.0,2.0,2.0,1680,5756,2.0,0,0,4,1910,0,Auburn
754800.0,2.0,2.5,2770,7781,2.0,0,0,3,2006,0,Redmond
175000.0,2.0,1.0,1020,5130,1.0,0,0,4,1948,0,Auburn
455000.0,3.0,2.25,1470,4653,2.0,0,0,4,1985,0,Issaquah
450000.0,3.0,2.0,1430,3480,1.0,0,0,3,1947,2012,Seattle
790000.0,4.0,1.75,2050,10920,1.0,0,3,3,1974,0,Lake Forest Park
480000.0,4.0,1.0,2080,5500,1.0,0,0,3,1941,1994,Seattle
850000.0,3.0,2.25,2870,8170,2.0,0,0,3,1995,0,Seattle
725000.0,4.0,3.25,3940,27591,2.0,0,3,3,2000,0,Renton
380000.0,3.0,1.5,1520,4288,1.0,0,0,3,1949,1998,Seattle
979000.0,3.0,1.5,1700,14133,1.0,0,1,4,1954,1979,Bellevue
359950.0,3.0,2.25,1940,11612,1.0,0,0,4,1981,0,Seattle
665900.0,4.0,2.25,2870,5453,2.0,0,1,4,1926,1993,Seattle
812000.0,3.0,3.25,3240,8338,2.0,0,0,3,2001,0,Sammamish
203000.0,3.0,1.0,1150,7156,1.0,0,0,4,1953,1983,Burien
456000.0,3.0,1.5,1440,28516,1.0,0,0,4,1975,0,Sammamish
547000.0,5.0,2.5,2200,4080,1.5,0,0,5,1916,0,Seattle
280000.0,3.0,2.0,1470,8089,1.0,0,0,3,1987,2000,Des Moines
640000.0,2.0,1.75,1760,4400,1.0,0,0,4,1930,0,Seattle
477000.0,3.0,1.75,1780,8085,1.0,0,0,3,1976,0,Bothell
455000.0,4.0,2.25,2450,21000,1.0,0,2,4,1954,1979,Burien
587206.0,3.0,3.5,1890,1710,2.0,0,0,3,1999,0,Seattle
425000.0,3.0,2.5,2540,5612,2.0,0,0,3,1999,0,Renton
511500.0,4.0,1.0,1360,6000,1.5,0,0,3,1917,2009,Seattle
218000.0,2.0,2.0,1310,2841,2.0,0,0,3,2004,2003,Maple Valley
332000.0,3.0,2.0,1510,7884,1.0,0,0,3,1942,2014,Burien
291000.0,3.0,1.5,1860,60960,1.0,0,0,4,1967,0,Covington
279000.0,4.0,2.0,2200,7700,1.0,0,0,3,1979,2014,Renton
950000.0,4.0,2.5,3360,11548,2.0,0,0,3,1988,2000,Kirkland
970500.0,3.0,2.75,2470,10125,2.0,0,0,3,1960,2012,Mercer Island
412000.0,2.0,1.0,1260,3960,1.0,0,0,3,1925,2002,Seattle
400000.0,3.0,1.0,1430,10005,1.5,0,0,4,1950,1983,Seattle
200000.0,3.0,2.25,1230,7420,1.5,0,0,5,1913,0,Auburn
397000.0,4.0,2.5,2320,11717,2.0,0,0,3,1997,0,North Bend
715000.0,4.0,2.5,3290,6628,2.0,0,0,3,2003,0,Sammamish
371000.0,4.0,2.5,2550,4770,2.0,0,0,3,2005,0,Maple Valley
458000.0,3.0,2.5,1870,5013,2.0,0,0,3,2003,0,Bothell
436500.0,5.0,3.0,3110,12429,1.0,0,0,3,1977,2004,Bothell
329950.0,3.0,2.5,1820,8085,2.0,0,0,3,1983,2009,Renton
950000.0,3.0,3.25,3050,18892,1.0,1,4,4,1962,0,Des Moines
282000.0,4.0,2.0,1890,6302,2.0,0,0,3,1997,0,Kent
250000.0,1.0,1.0,800,16306,1.0,0,0,2,1931,0,Seattle
1135000.0,6.0,4.25,6900,244716,2.0,0,0,4,2002,0,Woodinville
400000.0,4.0,1.75,2670,189486,2.0,0,4,3,1972,2002,Auburn
681500.0,5.0,2.75,3260,11700,1.0,0,0,3,1964,2000,Bellevue
200000.0,2.0,1.0,860,6600,1.0,0,0,5,1949,0,Burien
1300000.0,5.0,4.0,3366,7800,2.5,0,2,3,1937,1999,Seattle
1462497.0,5.0,3.25,3840,4800,3.0,0,3,3,2008,0,Seattle
995000.0,4.0,4.5,3850,13551,2.0,0,2,3,1998,2006,Bellevue
355000.0,4.0,2.5,2040,8265,2.0,0,0,3,1996,0,Seattle
425000.0,3.0,2.25,1790,10209,1.0,0,0,3,1967,2011,Woodinville
869000.0,4.0,3.0,3740,30884,2.0,0,0,3,1988,2000,Woodinville
915000.0,3.0,3.25,2660,4000,2.0,0,0,3,2003,0,Seattle
2110000.0,3.0,2.25,3230,17833,2.0,0,0,4,1973,0,Bellevue
925000.0,4.0,2.0,3140,10437,1.0,0,0,4,1959,0,Mercer Island
2400000.0,6.0,4.5,5480,10800,2.0,0,3,4,1999,0,Seattle
390000.0,3.0,1.0,1160,3750,1.5,0,0,3,1910,2006,Seattle
330000.0,3.0,2.25,1860,11227,2.0,0,0,3,1995,0,Maple Valley
482500.0,4.0,3.0,1630,7626,1.0,0,0,5,1990,0,Seattle
525000.0,3.0,2.25,1750,1879,3.0,0,0,3,2001,0,Seattle
237000.0,3.0,1.0,1300,8160,1.0,0,0,4,1960,2001,Renton
205000.0,3.0,1.0,960,7314,1.0,0,0,5,1960,0,Auburn
623000.0,3.0,2.5,1850,7777,2.0,0,0,5,1989,0,Kirkland
565000.0,4.0,2.75,3260,4900,2.0,0,0,3,2013,1923,Renton
400000.0,4.0,2.25,2420,7927,1.0,0,0,4,1973,0,Shoreline
405000.0,3.0,1.0,1460,10000,1.5,0,0,3,2002,0,Sammamish
337000.0,4.0,3.0,2240,8504,2.0,0,0,3,1992,0,Shoreline
355000.0,2.0,1.0,1240,27042,1.0,0,1,3,1943,2002,Vashon
885000.0,3.0,2.25,2060,9552,1.0,0,0,4,1975,0,Mercer Island
420000.0,5.0,2.75,2280,10319,1.0,0,0,3,1959,1989,Shoreline
448000.0,4.0,2.5,2510,6853,2.0,0,2,3,2006,0,Maple Valley
800000.0,4.0,2.75,3150,7035,2.0,0,0,3,2004,2003,Sammamish
830000.0,5.0,2.25,2780,10192,2.0,0,0,4,1978,2000,Bellevue
725000.0,6.0,1.75,2380,4080,2.0,0,0,3,1917,2009,Seattle
780000.0,3.0,2.25,2140,3000,2.0,0,0,3,1905,2006,Seattle
325000.0,2.0,1.0,840,4239,1.0,0,0,3,1948,1994,Seattle
488800.0,4.0,2.25,2170,9665,1.0,0,0,4,1976,1992,Bellevue
1320000.0,4.0,3.5,4410,36200,2.0,0,0,3,1989,0,Bellevue
489000.0,4.0,2.0,2120,11479,1.0,0,0,4,1940,2001,Seattle
1240000.0,7.0,5.5,6630,13782,2.0,0,0,3,2004,2003,Bellevue
595000.0,3.0,2.75,3290,22649,2.0,0,0,4,1993,0,Newcastle
359900.0,5.0,2.25,2290,7420,1.0,0,0,3,1973,2013,Renton
1080000.0,3.0,3.0,4910,43560,2.0,0,0,4,1989,0,Bellevue
925000.0,4.0,2.75,3730,8014,2.0,0,0,3,2012,1912,Sammamish
625000.0,3.0,2.5,2440,4800,2.0,0,0,3,2014,0,Seattle
339990.0,3.0,2.5,2570,4600,2.0,0,0,3,2014,0,Auburn
775950.0,4.0,2.5,2970,4400,2.0,0,0,3,2014,0,Redmond
420000.0,5.0,3.0,2630,3149,2.0,0,0,3,2013,1923,Renton
654000.0,3.0,3.25,1530,1565,2.0,0,0,3,2005,0,Seattle
725000.0,3.0,3.5,3690,8837,2.0,0,0,3,2001,0,Snoqualmie
375000.0,2.0,1.0,1230,1820,2.0,0,0,4,1948,0,Seattle
1100000.0,3.0,2.5,2200,20000,1.0,0,1,3,1952,2008,Bellevue
639500.0,4.0,2.25,2330,8994,2.0,0,0,3,1986,0,Redmond
849000.0,4.0,2.0,2160,6300,1.5,0,1,4,1928,0,Seattle
418000.0,4.0,1.5,1550,9176,1.0,0,0,3,1956,2001,Bellevue
442900.0,4.0,1.75,1780,2788,1.0,0,0,4,1943,0,Seattle
750000.0,3.0,1.75,2610,5544,1.5,0,0,3,1934,1978,Seattle
930000.0,3.0,2.5,3290,6830,2.0,0,0,3,2000,0,Redmond
565000.0,2.0,1.75,1330,6000,1.0,0,0,4,1914,1945,Seattle
874150.0,4.0,3.5,3530,14406,2.0,0,1,3,1987,2000,Kirkland
545000.0,4.0,2.5,2090,6023,2.0,0,0,3,1990,2009,Issaquah
500000.0,4.0,2.5,2040,8400,1.0,0,0,3,1963,2008,Bellevue
687000.0,4.0,2.5,2370,10083,2.0,0,0,5,1966,0,Kirkland
810000.0,4.0,2.5,2810,10613,2.0,0,0,3,1989,0,Bellevue
439500.0,3.0,2.5,2050,40003,1.0,0,0,4,1977,0,Issaquah
802000.0,3.0,1.75,2870,5000,1.5,0,0,4,1907,0,Seattle
732600.0,4.0,2.5,2130,7300,1.0,0,0,4,1963,0,Bellevue
374000.0,4.0,2.5,2580,6260,2.0,0,0,3,2004,2003,Renton
330000.0,4.0,2.5,2380,13550,2.0,0,0,3,1999,0,SeaTac
365000.0,4.0,2.0,1940,25600,1.0,0,0,1,1962,0,Bellevue
290900.0,2.0,2.0,1610,17600,2.0,0,0,3,1930,1983,Tukwila
577000.0,3.0,2.5,2060,5750,1.0,0,0,3,1976,0,Seattle
280000.0,2.0,1.0,1010,3000,1.0,0,0,4,1925,1968,North Bend
675000.0,4.0,2.5,2810,11120,2.0,0,0,3,1982,0,Sammamish
800000.0,3.0,2.25,2380,11824,1.0,0,0,4,1972,0,Mercer Island
299995.0,2.0,1.0,1060,7200,1.0,0,0,4,1951,1999,Shoreline
440000.0,3.0,1.75,1560,7207,1.0,0,0,3,1983,2009,Kirkland
249500.0,2.0,1.75,1500,8645,1.0,0,0,4,1963,0,Covington
690000.0,2.0,1.0,970,4560,1.0,0,0,4,1907,0,Seattle
235000.0,3.0,1.0,1170,11100,1.0,0,0,4,1968,0,Renton
320000.0,3.0,2.5,2280,7417,2.0,0,0,3,1998,2006,Auburn
350000.0,7.0,3.0,2800,9569,1.0,0,2,3,1963,2008,Renton
334000.0,4.0,1.5,1150,9360,1.5,0,0,3,1970,2014,Kirkland
235000.0,6.0,3.0,2180,7956,2.0,0,0,3,1980,0,Federal Way
442000.0,4.0,2.5,2520,7253,2.0,0,0,3,1990,2009,Renton
264000.0,3.0,1.75,1760,7482,1.0,0,0,4,1966,0,Federal Way
275000.0,2.0,1.0,1180,6552,1.0,0,0,4,1949,1985,Shoreline
430000.0,2.0,1.5,950,4625,1.0,0,0,4,1949,1985,Seattle
550000.0,3.0,2.5,1900,3255,2.0,0,0,3,1988,2000,Bellevue
775000.0,4.0,2.5,2300,6158,2.0,0,0,3,1999,0,Seattle
603500.0,6.0,2.75,2660,8400,1.0,0,0,5,1962,0,Bellevue
230000.0,3.0,1.0,1530,389126,1.5,0,0,4,1919,1985,Enumclaw
449000.0,4.0,2.5,1850,5040,1.0,0,0,3,1930,2013,Seattle
2075000.0,4.0,3.5,4230,20377,2.0,0,0,3,1997,0,Bellevue
420000.0,3.0,2.0,1200,5029,1.0,0,0,3,1937,1999,Seattle
735000.0,4.0,2.25,2270,5102,1.0,0,0,5,1954,0,Seattle
200000.0,3.0,1.5,1090,9600,1.0,0,0,4,1968,0,Covington
286000.0,3.0,2.75,1100,750,2.0,0,0,3,2008,0,Seattle
579000.0,3.0,2.5,1640,1269,3.0,0,0,3,2009,0,Seattle
345100.0,3.0,3.75,1950,8625,1.0,0,0,3,1959,1989,Seattle
350000.0,3.0,1.75,1660,10150,1.5,0,0,3,1957,2000,Shoreline
291500.0,3.0,1.0,880,9238,1.5,0,0,5,1946,0,Shoreline
649950.0,3.0,2.5,1500,1375,2.0,0,0,3,2014,0,Seattle
458500.0,3.0,2.0,1890,1599,2.0,0,0,3,2012,1912,Seattle
500000.0,3.0,1.0,1150,5100,2.0,0,0,3,1911,2005,Seattle
362300.0,3.0,2.5,2430,15264,2.0,0,0,3,1997,0,Kent
324000.0,4.0,1.75,2110,7208,1.0,0,0,3,1975,0,Renton
495000.0,3.0,2.0,2950,12196,2.0,0,0,4,1918,1974,Burien
233500.0,3.0,2.25,1650,2958,2.0,0,0,3,1985,0,Kent
479000.0,3.0,2.25,2110,11319,2.0,0,0,4,1978,2000,Woodinville
322200.0,4.0,2.25,2010,19000,2.0,0,0,4,1975,0,Covington
835000.0,4.0,2.5,3030,29163,2.0,0,0,3,1998,2006,Redmond
347000.0,3.0,1.0,1270,8400,1.0,0,0,3,1955,2005,Bothell
725000.0,3.0,1.75,1610,8613,1.0,0,0,5,1962,0,Kirkland
345000.0,3.0,1.0,1140,4200,2.0,0,0,4,1904,0,Seattle
345950.0,3.0,2.5,2110,4118,2.0,0,0,3,1989,0,Kent
550000.0,3.0,1.75,1840,8086,1.0,0,0,4,1964,0,Redmond
399950.0,3.0,1.75,1560,5223,1.0,0,0,4,1940,2001,Seattle
269500.0,3.0,1.75,1840,7412,1.0,0,0,4,1976,1992,Kent
494000.0,4.0,2.5,1830,7345,1.0,0,0,4,1973,0,Shoreline
453000.0,4.0,1.75,2120,7420,1.0,0,0,4,1956,0,Bellevue
442500.0,3.0,1.75,1600,10280,1.0,0,0,3,1977,2004,Kirkland
235000.0,4.0,1.75,1450,8891,1.5,0,0,3,1962,2003,Tukwila
389800.0,3.0,1.75,1880,12821,1.0,0,0,3,1959,1989,Lake Forest Park
346000.0,3.0,1.75,1270,8100,1.0,0,0,3,1950,2005,Burien
360000.0,4.0,1.5,1720,6417,1.0,0,0,3,1953,0,Seattle
650000.0,4.0,2.5,2400,7351,2.0,0,0,3,1990,2009,Issaquah
290000.0,3.0,1.0,1150,8145,1.0,0,0,4,1932,1958,Shoreline
234000.0,2.0,1.0,870,11100,1.0,0,0,3,1940,1996,Seattle
260000.0,4.0,2.5,2000,37045,2.0,0,0,3,1989,0,Kent
349900.0,3.0,2.0,2420,38781,1.0,0,0,5,1949,0,Issaquah
275000.0,3.0,1.0,1080,6000,1.0,0,0,4,1952,0,Shoreline
725000.0,4.0,2.5,3420,30410,2.0,0,0,3,1988,2000,Woodinville
375000.0,4.0,2.5,1870,7471,2.0,0,0,3,1990,2009,Renton
806000.0,4.0,2.5,2500,206474,1.0,0,0,3,1997,0,Redmond
470000.0,3.0,2.5,2150,8221,2.0,0,0,3,1992,0,Renton
490000.0,3.0,2.25,1470,2500,2.0,0,0,3,1984,0,Seattle
615000.0,5.0,2.0,2130,4180,1.5,0,0,5,1926,0,Seattle
249000.0,3.0,1.0,1000,19204,1.0,0,0,3,1968,2010,Kent
396500.0,3.0,1.75,2390,7149,1.0,0,0,3,1955,2005,Seattle
405000.0,2.0,1.0,860,2599,1.0,0,0,4,1901,0,Seattle
560000.0,3.0,2.5,1960,12476,2.0,0,0,4,1989,0,Newcastle
459950.0,4.0,2.5,2000,6107,2.0,0,0,3,2003,0,Bothell
265000.0,3.0,1.0,1620,9450,1.5,0,0,3,1928,1954,Seattle
502000.0,6.0,2.5,2890,8122,1.0,0,0,3,1977,2004,Bellevue
430000.0,3.0,1.75,1300,12731,1.0,0,0,3,1981,2013,Sammamish
525000.0,2.0,1.0,1080,3500,1.0,0,3,3,1924,2011,Seattle
415000.0,4.0,2.5,2170,8518,1.0,0,3,3,1955,2005,Seattle
600000.0,3.0,2.5,2260,10153,2.0,0,0,3,1987,2000,Sammamish
225000.0,3.0,1.75,1580,8820,1.0,0,0,4,1967,0,Federal Way
300000.0,4.0,2.5,2620,4469,2.0,0,0,3,2008,0,Covington
491234.0,4.0,2.5,1540,1860,2.0,0,0,3,2014,0,Issaquah
1580000.0,4.0,2.5,4570,74487,2.0,0,4,5,1948,1985,Seattle
905000.0,4.0,3.25,3440,7661,2.0,0,0,3,2006,0,Issaquah
199950.0,5.0,2.5,1740,8750,1.0,0,0,4,1959,0,Des Moines
450000.0,4.0,1.75,2160,4333,1.0,0,0,4,1942,1982,Seattle
899000.0,3.0,1.0,1480,6978,2.0,0,0,4,1949,1985,Yarrow Point
649000.0,2.0,1.75,2260,280962,2.0,0,2,3,2005,0,Carnation
780000.0,4.0,3.5,3910,59863,2.0,0,0,4,1987,0,Issaquah
400000.0,4.0,1.75,1700,20283,1.5,0,0,3,1965,1993,Duvall
831500.0,5.0,2.5,4470,35124,2.5,0,0,3,1984,0,Woodinville
471001.0,3.0,1.75,1800,6000,1.0,0,0,5,1905,0,Seattle
385000.0,3.0,3.25,1630,1677,3.0,0,0,3,2007,0,Seattle
326000.0,3.0,1.0,1030,9834,1.0,0,0,3,1969,2010,Woodinville
335000.0,1.0,1.0,720,5100,1.0,0,0,3,1907,1983,Seattle
320000.0,4.0,1.5,1890,43560,1.0,0,0,4,1974,0,Auburn
300000.0,4.0,2.5,1840,5550,2.0,0,0,3,2004,2003,Kent
269950.0,4.0,2.5,2540,8400,2.0,0,0,5,1977,0,Kent
1220000.0,4.0,3.75,3520,3944,1.5,0,0,5,1913,0,Seattle
590000.0,4.0,2.5,3220,7875,1.5,0,0,4,1966,0,Bellevue
750000.0,3.0,2.0,1820,5000,1.5,0,0,4,1941,1998,Seattle
239950.0,3.0,1.75,1230,9600,1.0,0,0,4,1984,0,Covington
215000.0,3.0,2.0,1340,8505,1.0,0,0,3,1931,0,SeaTac
165000.0,3.0,1.0,1200,13100,1.0,0,0,3,1943,2002,Tukwila
261350.0,3.0,1.75,1390,18200,1.0,0,0,4,1962,0,Federal Way
569000.0,4.0,2.0,1730,3884,1.0,0,0,5,1924,1956,Seattle
425000.0,3.0,2.25,1580,39189,1.0,0,0,3,1992,0,Redmond
800000.0,4.0,3.0,3520,4895,1.0,0,0,3,1954,2005,Seattle
715000.0,4.0,2.5,2650,30500,1.0,0,0,4,1960,2001,Issaquah
337000.0,3.0,1.75,1310,12750,1.0,0,0,3,1993,0,Renton
560000.0,4.0,2.5,2300,7989,2.0,0,0,3,1990,2009,Sammamish
449500.0,3.0,2.25,1780,7280,1.0,0,2,3,1972,2002,Kirkland
660000.0,3.0,3.25,1980,2850,3.0,0,0,3,1987,2000,Seattle
685000.0,2.0,1.5,1300,1676,1.0,0,2,3,1943,2002,Seattle
905000.0,5.0,3.5,3500,10155,2.0,0,0,3,1996,0,Bellevue
403500.0,3.0,1.0,1830,8004,1.0,0,0,3,1960,2012,Seattle
405000.0,3.0,2.25,1520,1245,3.0,0,0,3,2004,2003,Seattle
385000.0,4.0,2.75,2700,37011,2.0,0,0,3,1984,0,Kent
1700000.0,3.0,2.75,2810,18731,2.0,1,4,4,1974,0,Redmond
285000.0,3.0,2.5,1660,6263,2.0,0,0,3,2003,0,Kent
249900.0,3.0,2.0,1310,6738,1.0,0,0,4,1990,0,Covington
633634.0,4.0,3.5,2960,6000,2.0,0,0,3,2014,0,Snoqualmie
329900.0,3.0,2.5,2242,4995,2.0,0,0,3,2011,0,Auburn
310000.0,3.0,2.5,2540,4775,2.0,0,0,3,2006,0,Kent
345000.0,3.0,1.5,1420,1192,2.0,0,0,3,2008,0,Seattle
160797.0,3.0,1.5,1270,2356,2.0,0,0,3,2012,1912,Seattle
562500.0,3.0,2.25,1300,907,2.0,0,0,3,2006,0,Seattle
664950.0,5.0,3.0,3190,7081,1.0,0,2,3,2013,1923,Seattle
515000.0,5.0,3.25,2910,5027,2.0,0,0,3,2013,1923,Seattle
497000.0,3.0,2.25,1630,3817,2.0,0,0,3,2005,0,Issaquah
312891.0,5.0,3.0,2300,8214,2.0,0,0,3,2013,1923,Federal Way
670000.0,3.0,2.5,3310,5300,2.0,0,2,3,2008,0,Seattle
362500.0,2.0,1.5,940,1768,2.0,0,0,3,2009,0,Seattle
402101.0,2.0,0.75,1020,1350,2.0,0,0,3,2009,0,Seattle
438000.0,3.0,1.75,1520,6380,1.0,0,0,3,1948,1994,Seattle
687500.0,4.0,1.75,2330,5000,1.5,0,0,4,1929,0,Seattle
160000.0,3.0,1.5,1010,9600,1.0,0,0,4,1962,0,Des Moines
415000.0,3.0,1.75,1070,8000,1.0,0,0,3,1977,2004,Redmond
405000.0,3.0,2.5,3170,12750,2.0,0,0,3,1995,0,Federal Way
880000.0,4.0,2.5,3030,3841,3.0,0,0,3,2005,0,Seattle
585000.0,3.0,2.5,2270,100545,2.0,0,0,3,1998,2006,Vashon
640000.0,4.0,2.5,2341,9594,2.0,0,0,3,1997,0,Redmond
819000.0,3.0,3.5,2130,6150,2.0,0,2,5,1908,0,Seattle
520000.0,3.0,1.75,2300,35722,1.0,0,0,3,1984,0,Woodinville
367500.0,3.0,1.0,1660,11783,1.0,0,0,4,1978,2000,Woodinville
762500.0,4.0,2.75,2610,8760,1.0,0,0,4,1978,2000,Mercer Island
300000.0,3.0,1.0,2150,7007,1.0,0,0,3,1954,2005,Shoreline
625000.0,3.0,2.5,2410,64073,1.0,0,0,4,1976,1992,Woodinville
530000.0,2.0,1.5,1580,3680,1.0,0,2,3,1941,1994,Seattle
379000.0,3.0,2.5,1740,30886,2.0,0,0,3,1992,0,North Bend
615000.0,2.0,1.0,1270,5000,1.0,0,0,3,1949,1998,Seattle
660000.0,2.0,2.25,2550,6000,2.0,0,0,5,1902,0,Seattle
380000.0,3.0,2.25,1860,15559,2.0,0,0,4,1963,0,Enumclaw
314900.0,4.0,1.75,2700,27072,1.0,0,0,3,1958,2004,Federal Way
324950.0,3.0,1.5,1460,8710,1.0,0,0,3,1955,2005,Burien
225000.0,3.0,1.75,1330,13102,1.0,0,0,3,1968,1997,Federal Way
535000.0,3.0,2.5,2070,4132,2.0,0,0,3,1999,0,Sammamish
348500.0,3.0,1.5,1360,10726,1.0,0,0,4,1966,0,Renton
725000.0,4.0,2.5,2650,18295,2.0,0,0,3,1986,0,Bellevue
925000.0,4.0,3.0,3580,35261,1.5,0,0,3,1985,0,Woodinville
549000.0,2.0,1.0,2034,13392,1.0,1,4,5,1947,0,Vashon
400000.0,3.0,2.0,1230,11413,1.0,0,0,3,1984,0,Sammamish
620000.0,4.0,2.5,2450,55387,2.0,0,0,3,1994,0,Redmond
665000.0,6.0,2.75,2840,8346,1.0,0,0,5,1961,0,Seattle
1215000.0,4.0,3.75,3820,53574,1.0,0,0,3,1994,0,Woodinville
1157400.0,3.0,2.5,2740,5925,2.0,0,2,3,1913,1992,Seattle
349950.0,4.0,2.5,2090,5289,2.0,0,0,3,1989,0,Renton
2466350.0,5.0,4.75,6390,13180,2.0,0,0,3,1940,1996,Seattle
339000.0,4.0,2.0,2470,5080,1.5,0,0,3,1948,1988,Seattle
615000.0,3.0,1.75,1720,4080,1.0,0,0,4,1924,0,Seattle
751000.0,4.0,3.25,3090,9571,2.0,0,0,3,2004,2003,Redmond
941000.0,4.0,1.75,2320,3825,1.5,0,0,5,1926,0,Seattle
600000.0,4.0,1.75,1740,7700,1.0,0,0,5,1968,0,Bellevue
455000.0,4.0,2.5,2950,4502,2.0,0,0,3,2005,0,Renton
1295648.0,0.0,0.0,4810,28008,2.0,0,0,3,1990,2009,Redmond
485000.0,3.0,2.5,1500,5412,1.0,0,0,5,1920,0,Seattle
358000.0,3.0,1.5,1810,100188,1.0,0,0,5,1969,0,Enumclaw
339000.0,3.0,1.0,1100,4128,1.0,0,0,4,1942,1982,Seattle
258000.0,3.0,1.0,1490,7435,1.0,0,0,3,1969,2010,Des Moines
455000.0,2.0,1.5,1200,1259,2.0,0,0,3,2013,1923,Seattle
437000.0,4.0,2.5,1890,8505,1.0,0,0,3,1980,0,Redmond
689000.0,3.0,1.75,2200,9840,1.0,0,0,5,1978,0,Bellevue
319000.0,4.0,2.5,2510,7992,1.0,0,0,3,1978,0,Kent
510000.0,3.0,2.25,1420,1309,3.0,0,0,3,2006,0,Seattle
440000.0,3.0,1.75,2000,9900,1.0,0,2,4,1957,2001,Normandy Park
1010000.0,2.0,2.0,1460,9052,1.0,0,2,5,1900,0,Kirkland
875000.0,4.0,2.5,3220,22588,2.0,0,0,3,1996,0,Woodinville
304000.0,4.0,2.0,1310,8454,1.0,0,0,4,1953,1983,Shoreline
139000.0,2.0,1.0,690,5280,1.0,0,0,4,1942,1982,Renton
464500.0,3.0,1.75,1150,10466,1.0,0,0,5,1959,0,Bellevue
336500.0,3.0,1.0,1480,7284,1.0,0,0,3,1963,2008,Shoreline
230000.0,4.0,1.75,1850,6000,1.0,0,0,4,1944,0,Seattle
425000.0,3.0,2.5,1930,4500,2.0,0,0,3,1990,2009,Issaquah
300000.0,2.0,1.0,750,5120,1.0,0,0,4,1941,1998,Seattle
457500.0,3.0,2.25,1430,2003,2.0,0,0,3,1996,0,Seattle
366000.0,3.0,1.75,1840,11440,1.0,0,0,4,1977,0,Renton
502000.0,3.0,2.0,1300,14350,1.0,0,0,3,1955,2013,Bellevue
194000.0,3.0,1.0,1050,7577,1.0,0,0,3,1983,2009,Federal Way
305000.0,4.0,2.25,2210,9371,2.0,0,0,4,1968,0,Kent
1250000.0,4.0,2.5,3220,15600,1.0,0,0,5,1973,0,Bellevue
575000.0,4.0,2.5,4620,20793,2.0,0,0,4,1991,0,Federal Way
343500.0,4.0,1.75,1760,6204,1.0,0,2,4,1950,1983,Seattle
325000.0,3.0,1.0,850,6906,1.0,0,0,3,1948,1994,Shoreline
600000.0,4.0,3.25,4690,14930,2.0,0,2,3,1995,0,Lake Forest Park
850000.0,4.0,3.5,3920,37122,2.0,0,0,3,1996,0,Redmond
420000.0,3.0,2.5,2140,3821,2.0,0,0,3,2005,0,Issaquah
257500.0,2.0,2.0,1180,9265,1.0,0,0,3,1940,1996,Seattle
317000.0,5.0,2.5,2360,11375,1.0,0,0,4,1962,0,Seattle
970000.0,3.0,2.25,3060,9950,1.5,0,2,4,1930,0,Seattle
252000.0,3.0,2.25,1670,7881,1.0,0,0,4,1977,0,Kent
683500.0,3.0,1.5,1820,5756,1.5,0,0,3,1946,0,Seattle
289000.0,3.0,2.5,1970,9607,2.0,0,0,3,1988,2000,Auburn
355000.0,2.0,2.25,930,747,2.0,0,0,3,2007,0,Seattle
675000.0,3.0,3.5,2300,5611,1.0,0,0,3,2004,2003,Redmond
396500.0,3.0,2.5,2590,18980,1.0,0,0,4,1976,1992,Kent
362500.0,4.0,1.75,1450,8450,1.0,0,0,3,1960,2012,Issaquah
395000.0,4.0,1.75,1540,5120,1.0,0,0,5,1943,0,Seattle
599000.0,5.0,2.75,2730,22572,1.0,0,0,3,1968,1992,Sammamish
218000.0,3.0,1.0,880,18205,1.0,0,0,4,1945,0,Seattle
589950.0,4.0,2.5,3190,8195,2.0,0,0,3,2006,0,Maple Valley
218000.0,3.0,1.5,1330,7600,1.0,0,0,4,1968,0,Federal Way
360000.0,3.0,1.75,1500,7200,1.0,0,0,3,1957,2000,Shoreline
350000.0,2.0,1.0,740,7680,1.0,0,0,4,1922,0,Seattle
350000.0,4.0,3.0,2560,5606,2.0,0,0,3,2004,2003,Auburn
845000.0,3.0,2.0,2540,4750,1.5,0,0,5,1930,0,Seattle
839000.0,3.0,2.5,3200,203425,1.0,0,0,3,2000,0,Woodinville
850000.0,4.0,3.0,3330,4000,1.0,0,0,3,1958,2004,Seattle
329950.0,2.0,1.0,900,5220,1.0,0,0,4,1956,0,Seattle
425000.0,4.0,1.5,1600,6180,1.5,0,0,3,1946,0,Seattle
210000.0,2.0,1.0,970,5500,1.0,0,0,3,1956,2001,Seattle
631500.0,2.0,1.0,1130,2640,1.0,0,0,4,1927,0,Seattle
295000.0,2.0,1.0,650,5400,1.0,0,0,3,1950,2005,Seattle
575000.0,3.0,2.25,2400,5000,1.5,0,0,4,1926,1993,Seattle
415000.0,3.0,2.5,2280,6031,2.0,0,0,3,2011,0,Duvall
859000.0,4.0,2.25,3550,13900,1.0,0,0,3,2010,0,Bellevue
639888.0,4.0,2.5,2050,2772,2.0,0,0,3,2012,1912,Issaquah
329445.0,2.0,1.5,830,1119,2.0,0,0,3,2005,0,Seattle
745641.0,4.0,2.5,2440,4850,2.0,0,0,3,2013,1923,Redmond
395000.0,3.0,2.5,1600,1936,2.0,0,0,3,2007,0,Seattle
790000.0,4.0,3.5,3190,31450,2.0,0,0,3,2010,0,Issaquah
890000.0,4.0,1.0,2550,4000,2.0,0,0,3,1905,2010,Seattle
400000.0,3.0,2.5,2180,7508,1.0,0,0,4,1962,0,Shoreline
365500.0,3.0,2.0,1410,9600,1.0,0,0,4,1983,0,Woodinville
245000.0,3.0,2.0,1410,5760,1.0,0,0,3,1985,0,Kent
390000.0,4.0,2.5,2340,8548,2.0,0,0,3,1993,0,Kent
196500.0,3.0,1.0,1320,9000,1.0,0,0,3,1966,1963,Auburn
1200000.0,4.0,1.75,3990,13470,2.0,0,0,3,2006,0,Newcastle
276900.0,3.0,1.0,1270,7566,1.0,0,0,4,1958,1972,Renton
995000.0,3.0,4.5,4380,47044,2.0,1,3,3,1968,1990,Burien
2300000.0,4.0,3.25,4250,8570,2.0,0,0,3,2004,2003,Bellevue
505000.0,3.0,2.5,1860,8060,2.0,0,0,4,1987,0,Issaquah
1229000.0,4.0,3.5,3770,37034,2.0,0,0,3,1989,0,Bellevue
352000.0,4.0,1.0,1530,8890,1.0,0,0,3,1925,2002,Seattle
597326.0,4.0,4.0,3570,8250,2.0,0,0,3,2013,1923,Mercer Island
800000.0,2.0,1.0,1740,5719,1.0,0,0,3,1955,2005,Seattle
270000.0,3.0,2.5,1670,8364,1.0,0,0,4,1990,0,Covington
235000.0,4.0,2.0,1570,9415,2.0,0,0,4,1984,0,Auburn
409900.0,2.0,2.5,1590,1845,2.0,0,0,3,1997,0,Kirkland
739900.0,5.0,2.5,2980,5377,2.0,0,0,3,2006,0,Redmond
608000.0,4.0,2.5,2690,4736,2.0,0,0,3,2001,0,Redmond
381500.0,2.0,1.0,900,2910,1.0,0,0,5,1924,1956,Seattle
562100.0,2.0,0.75,1440,3700,1.0,0,0,3,1914,1996,Seattle
740000.0,4.0,2.5,3000,10392,2.0,0,0,3,1995,0,Issaquah
308000.0,3.0,1.0,1640,18144,1.5,0,0,3,1942,1999,Seattle
905000.0,5.0,3.5,3100,10200,1.0,0,4,3,1970,2014,Bellevue
762000.0,4.0,3.5,4000,15253,2.0,0,0,3,2007,0,Snoqualmie
356000.0,4.0,2.0,2020,48693,1.5,0,0,3,1949,1998,North Bend
750000.0,3.0,1.5,1840,5000,1.5,0,0,5,1915,0,Seattle
418800.0,4.0,2.25,2100,9984,1.0,0,0,4,1973,0,Kenmore
276000.0,4.0,2.25,2460,11250,1.0,0,0,4,1959,0,Auburn
725000.0,3.0,2.5,2610,7510,2.0,0,0,3,1996,0,Redmond
285000.0,3.0,2.0,1460,6377,1.0,0,0,3,1995,0,Maple Valley
205000.0,3.0,1.0,1050,8498,1.0,0,0,3,1958,2004,Kent
583000.0,3.0,2.5,1790,8144,2.0,0,0,3,1989,0,Sammamish
657000.0,4.0,2.5,2180,3375,1.5,0,0,4,1926,1993,Seattle
386000.0,4.0,2.25,2050,9583,2.0,0,2,3,1965,1993,Des Moines
589950.0,5.0,3.0,2790,19439,1.0,0,3,5,1973,0,Renton
575000.0,3.0,2.25,1700,3333,1.5,0,0,3,1924,2011,Seattle
574000.0,3.0,2.5,2380,6832,2.0,0,0,3,2002,0,Snoqualmie
690500.0,5.0,2.0,2000,4211,1.5,0,2,4,1908,0,Seattle
565000.0,2.0,1.75,1670,4008,1.0,0,0,3,2005,0,Issaquah
500000.0,3.0,1.5,1190,4750,1.0,0,0,3,1940,1996,Seattle
330000.0,6.0,2.25,3040,28535,1.0,0,0,3,1951,1994,Kent
286000.0,2.0,1.0,780,3475,1.0,0,0,4,1930,0,North Bend
450000.0,3.0,1.5,2330,11740,1.0,0,0,3,1954,2005,Lake Forest Park
870000.0,4.0,2.75,2840,4000,1.5,0,0,5,1912,0,Seattle
725000.0,4.0,2.5,2490,5170,2.0,0,0,4,2000,0,Redmond
275000.0,2.0,1.0,770,4840,1.0,0,0,4,1927,0,Seattle
645000.0,3.0,2.75,1850,16960,1.0,0,2,4,1953,1983,Seattle
152000.0,3.0,1.0,1090,3264,1.0,0,0,4,1969,0,Auburn
315000.0,4.0,2.0,1780,5336,1.5,0,0,5,1918,0,Seattle
190000.0,1.0,0.75,930,29258,1.0,0,0,3,1941,1994,Seattle
700000.0,4.0,2.5,2770,5686,2.0,0,0,3,2004,2003,Sammamish
233000.0,3.0,1.0,1250,6180,1.5,0,0,3,1955,2005,Shoreline
249000.0,4.0,2.25,1830,6136,2.0,0,0,3,1990,2009,Kent
310000.0,2.0,1.0,870,5400,1.0,0,0,3,1950,2007,Seattle
265950.0,3.0,1.5,1150,8450,1.0,0,0,4,1951,1999,Seattle
860000.0,5.0,3.25,4500,9648,2.0,0,4,4,1968,0,Seattle
200000.0,3.0,1.0,1150,4800,1.5,0,0,4,1938,0,Auburn
402000.0,4.0,2.25,2000,3672,2.0,0,0,5,1926,0,Seattle
305000.0,6.0,2.0,1900,8240,1.0,0,0,2,1964,0,Seattle
505000.0,3.0,1.75,1640,10695,1.0,0,2,3,1975,0,Kirkland
1355000.0,3.0,1.5,2680,4775,2.0,0,2,5,1913,0,Seattle
482000.0,3.0,2.5,2420,7307,2.0,0,0,3,1998,2006,Snoqualmie
299950.0,3.0,1.75,1790,7650,1.0,0,3,3,1978,0,Federal Way
770000.0,4.0,2.5,3920,12415,2.0,0,0,3,1997,0,Sammamish
245700.0,3.0,2.25,1640,8400,1.0,0,0,3,1968,1997,Kent
283000.0,3.0,1.0,890,8400,1.0,0,0,4,1954,1979,Renton
650000.0,4.0,2.75,1910,16532,1.0,0,0,4,1940,2001,Seattle
530000.0,5.0,2.25,2140,7910,1.0,0,0,3,1962,2003,Bellevue
440000.0,3.0,1.75,2030,17100,1.0,0,0,4,1953,1983,Burien
1005000.0,4.0,4.5,4225,284011,2.0,0,0,4,1985,0,Sammamish
599990.0,3.0,2.25,2680,9162,1.0,0,0,3,1978,0,Issaquah
544000.0,4.0,2.5,2030,3974,2.0,0,0,3,1994,0,Issaquah
1700000.0,5.0,3.5,5850,22885,2.0,0,2,4,1978,2000,Bellevue
270000.0,2.0,1.0,2060,8398,1.0,0,0,3,1962,2003,Seattle
435000.0,2.0,1.0,1060,3036,1.5,0,0,4,1943,0,Seattle
349000.0,3.0,1.0,1010,8184,1.0,0,0,4,1947,1988,Shoreline
1140000.0,4.0,2.25,3310,127631,2.0,0,0,5,1924,1956,Woodinville
320000.0,4.0,2.5,2000,10051,2.0,0,0,3,1997,0,Maple Valley
804100.0,4.0,2.5,3070,8086,2.0,0,0,3,2005,0,Newcastle
594000.0,3.0,2.25,1270,1406,2.0,0,0,3,2014,0,Seattle
531500.0,4.0,2.75,3110,49765,1.0,0,0,4,1958,1972,Black Diamond
1150000.0,3.0,2.0,2110,18815,2.0,0,0,5,1979,0,Sammamish
374500.0,3.0,2.25,1400,11400,2.0,0,0,3,1984,0,Kenmore
450000.0,4.0,2.75,2310,5650,1.0,0,2,3,1952,2012,Seattle
744500.0,5.0,2.5,2700,16570,1.0,0,0,4,1967,0,Bellevue
913888.0,5.0,2.25,2370,15512,2.0,0,0,4,1981,0,Bellevue
760000.0,4.0,2.5,2760,6000,2.0,0,0,5,1942,0,Seattle
346500.0,2.0,1.75,1610,6300,1.0,0,0,3,1941,1994,Seattle
280000.0,3.0,1.75,1230,8250,1.0,0,0,3,1966,1963,Renton
557500.0,3.0,1.75,1900,11165,1.0,0,0,4,1959,0,Bellevue
260000.0,3.0,1.5,1580,8184,1.0,0,0,3,1954,2005,Des Moines
1330000.0,3.0,1.5,1940,2885,1.5,0,2,3,1900,2005,Seattle
640000.0,3.0,1.75,1620,6000,1.0,0,0,5,1947,0,Seattle
280000.0,7.0,2.5,1940,5458,2.0,0,0,3,1994,0,Auburn
205000.0,3.0,1.0,1230,8750,1.0,0,0,3,1965,1993,Federal Way
957000.0,5.0,3.25,3160,5000,2.0,0,2,3,2005,0,Seattle
625000.0,5.0,2.5,2700,21208,1.0,0,0,4,1955,2009,Bellevue
680000.0,4.0,1.5,1880,6200,1.0,0,2,5,1954,0,Seattle
150000.0,2.0,1.0,890,8100,1.0,0,0,3,1942,1999,Burien
255950.0,3.0,2.5,1720,3676,2.0,0,0,3,1992,0,Kent
246500.0,3.0,2.5,1620,7686,2.0,0,0,3,1989,0,Maple Valley
450000.0,2.0,1.0,1380,4390,1.0,0,0,4,1931,0,Seattle
595888.0,3.0,1.75,1870,9000,1.0,0,0,5,1958,0,Seattle
454000.0,3.0,1.0,1970,22144,1.0,0,0,4,1970,0,Snoqualmie
299900.0,3.0,1.0,1110,8593,1.0,0,0,3,1979,2014,Shoreline
200000.0,3.0,2.0,1190,6833,1.0,0,0,3,1995,0,Auburn
346500.0,3.0,1.0,1150,11802,1.0,0,0,4,1932,1958,Seattle
585000.0,4.0,2.75,2890,6825,1.0,0,0,3,1973,2013,Kirkland
383000.0,3.0,1.75,1500,13430,1.0,0,0,3,1977,2004,Woodinville
519000.0,4.0,2.5,1950,2617,1.5,0,0,4,1910,0,Seattle
410000.0,3.0,1.5,1250,7700,1.0,0,0,5,1968,0,Newcastle
578000.0,4.0,2.5,2070,5415,2.0,0,0,3,1996,0,Issaquah
1280000.0,4.0,3.5,4660,17398,2.0,0,2,3,2003,0,Bellevue
395000.0,2.0,2.25,1350,1493,2.0,0,0,3,2007,0,Seattle
364000.0,3.0,2.5,1800,2790,2.0,0,0,3,2011,0,Seattle
240000.0,3.0,2.25,1481,2820,2.0,0,0,3,2012,1912,Auburn
328423.0,3.0,2.5,1730,3600,2.0,0,0,3,2014,0,Seattle
594000.0,4.0,2.75,2720,4613,2.0,0,0,3,2005,0,Kenmore
425000.0,3.0,2.5,2320,2267,3.0,0,0,3,2009,0,Seattle
309620.0,3.0,2.5,1860,3730,2.0,0,0,3,2012,1912,Duvall
260000.0,5.0,2.5,2025,7760,2.0,0,0,3,2007,0,Pacific
563500.0,3.0,2.5,1400,1312,3.5,0,0,3,2007,0,Seattle
975000.0,5.0,3.0,2620,5477,2.0,0,0,3,2009,0,Seattle
937000.0,3.0,1.75,2450,2691,2.0,0,0,3,1915,0,Seattle
518500.0,3.0,3.5,1590,1102,3.0,0,0,3,2010,0,Seattle
563500.0,4.0,1.75,2085,174240,1.0,0,0,3,1964,2000,Fall City
1050000.0,4.0,3.5,3450,7832,2.0,0,0,3,2007,0,Bellevue
350000.0,3.0,2.25,1780,16290,2.0,0,0,4,1987,0,Renton
826000.0,4.0,2.5,3060,7140,2.0,0,0,3,2006,0,Issaquah
225000.0,3.0,2.0,1700,11475,1.0,0,0,5,1945,0,Burien
235867.0,4.0,2.0,1330,5926,1.0,0,0,4,1942,1982,Renton
399000.0,4.0,3.0,3060,5000,2.0,0,0,3,2001,0,Covington
177500.0,3.0,1.5,1220,6000,1.0,0,0,3,1968,1997,Renton
224000.0,4.0,1.5,1600,9289,1.0,0,0,4,1959,0,Auburn
302000.0,4.0,1.75,1530,17664,1.5,0,0,3,1968,1997,Renton
760000.0,3.0,2.5,1980,13964,1.0,0,0,5,1959,0,Mercer Island
460000.0,3.0,2.5,1730,8490,1.0,0,0,3,1969,2010,Kirkland
415000.0,3.0,1.0,1170,6700,1.0,0,0,3,1957,2000,Seattle
669000.0,2.0,1.75,1950,10766,1.0,0,3,4,1952,0,Burien
254600.0,3.0,2.0,1470,20000,1.0,0,0,4,1968,0,Auburn
357250.0,3.0,1.5,1400,8840,1.0,0,0,4,1952,0,Seattle
910000.0,4.0,3.5,4040,50479,2.0,0,0,3,1987,2000,Woodinville
725000.0,6.0,3.0,3110,5000,1.5,0,0,5,1921,0,Seattle
670000.0,3.0,1.5,1490,4400,1.5,0,0,4,1906,1990,Seattle
440000.0,4.0,1.5,1770,5750,2.0,0,0,3,1947,2012,Seattle
1025000.0,4.0,3.5,3320,19850,1.0,0,2,4,1977,0,Mercer Island
320000.0,2.0,1.0,950,5316,1.0,0,2,3,1948,1994,Seattle
310000.0,4.0,2.5,2430,5499,2.0,0,0,3,2002,0,Covington
772650.0,4.0,2.5,2660,10800,1.0,0,0,3,1955,2014,Bellevue
669950.0,4.0,2.5,2670,11877,2.0,0,0,3,1996,0,Sammamish
690000.0,5.0,3.5,2720,7598,2.0,0,0,3,1993,0,Seattle
385000.0,4.0,2.5,3200,22651,1.0,0,0,5,1970,0,Kent
663000.0,3.0,2.5,2480,37843,1.5,1,3,4,1974,0,Vashon
300000.0,3.0,2.25,1780,10395,1.0,0,0,3,1967,2011,Renton
225500.0,2.0,1.75,1590,11276,1.0,0,0,4,1972,0,Auburn
320000.0,3.0,2.0,1550,34175,1.5,0,0,3,1999,0,North Bend
775000.0,3.0,2.75,2850,14800,1.0,0,0,4,1976,1992,Bellevue
805000.0,3.0,2.75,2600,5875,1.5,0,2,5,1929,0,Seattle
252750.0,4.0,1.0,1230,7410,1.5,0,0,3,1944,0,Burien
254000.0,5.0,2.0,2080,16117,1.0,0,0,5,1959,0,Auburn
620000.0,6.0,3.5,3600,6875,2.0,0,0,3,2004,2003,Snoqualmie
435000.0,4.0,2.75,2110,8751,1.0,0,0,3,1962,2003,Bothell
460000.0,4.0,2.5,2550,19017,1.0,0,0,4,1961,2001,Lake Forest Park
268000.0,3.0,2.5,1650,6684,2.0,0,0,3,1991,0,Kent
446000.0,2.0,1.5,1370,1221,2.0,0,0,3,2008,0,Seattle
285000.0,2.0,1.0,1010,7200,1.0,0,0,3,1975,0,Lake Forest Park
530000.0,3.0,2.0,2330,26571,2.5,0,0,3,1987,2000,Bellevue
402000.0,2.0,1.0,620,2475,1.0,0,0,5,1911,1984,Seattle
358000.0,3.0,1.5,2450,12497,1.0,0,0,4,1967,0,Snoqualmie
354950.0,4.0,2.75,2530,7350,1.0,0,0,5,1977,0,Federal Way
405000.0,4.0,2.5,2220,4652,2.0,0,0,3,2001,0,Renton
568000.0,4.0,1.75,2110,265716,1.0,0,0,4,1979,0,Redmond
575000.0,5.0,3.0,3690,49709,1.0,0,2,3,1960,2012,Des Moines
315000.0,4.0,2.5,1940,10200,1.0,0,0,4,1977,0,Kent
280927.0,4.0,2.25,2070,7350,2.0,0,0,4,1977,0,Kent
440000.0,4.0,2.5,2160,7826,1.0,0,0,4,1976,1992,Lake Forest Park
270000.0,4.0,2.25,2600,9900,1.0,0,0,3,1965,1993,Seattle
755000.0,4.0,2.75,2880,4000,1.5,0,0,3,1912,2000,Seattle
289659.0,4.0,2.25,2260,7200,2.0,0,0,4,1984,0,Kent
555000.0,5.0,3.0,3640,6930,2.0,0,0,3,2004,2003,Maple Valley
450000.0,3.0,1.5,1530,23660,1.0,0,0,3,1952,2008,Lake Forest Park
1145000.0,3.0,2.5,2490,4000,2.0,0,0,5,1918,0,Seattle
495000.0,3.0,1.75,1440,11787,1.0,0,0,3,1983,2009,Sammamish
1250000.0,3.0,3.0,3760,8500,2.5,0,3,4,1910,0,Seattle
580000.0,4.0,1.75,1720,6975,1.0,0,0,3,1975,0,Redmond
560000.0,4.0,2.5,2480,16360,1.0,0,0,5,1959,0,Kenmore
1080000.0,4.0,3.5,3990,5267,2.0,0,0,3,2008,0,Bellevue
450000.0,2.0,1.75,840,3340,1.0,0,0,3,1912,1994,Seattle
815000.0,3.0,2.0,2270,11989,1.0,0,0,4,1968,0,Mercer Island
354000.0,4.0,2.5,2580,5476,2.0,0,0,3,2005,0,Kent
279900.0,3.0,1.75,1580,6620,1.0,0,0,3,1988,2000,Federal Way
339000.0,2.0,1.0,950,7954,1.0,0,0,4,1941,1998,Seattle
1340000.0,4.0,3.5,3190,5040,2.0,0,3,3,2003,0,Seattle
710000.0,3.0,3.25,3740,136915,2.5,0,0,3,1990,2009,Burien
815000.0,4.0,2.75,2620,4743,1.0,0,2,4,1949,1985,Seattle
800000.0,3.0,1.75,2080,75794,1.0,0,0,3,1958,2004,Kirkland
638000.0,3.0,2.0,1660,3729,1.0,0,0,5,1922,1956,Seattle
475580.0,3.0,1.75,1520,11085,1.0,0,0,3,1983,2009,Sammamish
243800.0,3.0,1.0,1140,27760,1.0,0,0,4,1981,0,Issaquah
600000.0,3.0,2.5,3240,8016,2.0,0,0,3,2004,2003,Snoqualmie
620000.0,3.0,2.0,2460,41343,1.0,0,0,4,1988,0,Issaquah
750000.0,4.0,2.75,1750,5080,1.5,0,0,3,1903,2005,Seattle
626000.0,3.0,1.75,2430,5000,2.0,0,0,4,1945,0,Seattle
230000.0,3.0,1.0,1060,9946,1.0,0,0,4,1956,0,SeaTac
537000.0,3.0,3.0,2410,7479,2.0,0,2,3,1942,1988,Lake Forest Park
210000.0,2.0,1.0,720,8040,1.0,0,0,3,1943,2002,Burien
200500.0,3.0,1.75,1260,9346,1.0,0,0,4,1963,0,Kent
253500.0,3.0,1.0,1640,12384,1.0,0,0,4,1954,1979,Federal Way
150000.0,3.0,1.0,1310,9612,1.0,0,0,3,1962,2003,Auburn
440000.0,3.0,1.5,2120,6290,1.0,0,0,4,1949,1985,Seattle
667000.0,3.0,1.75,3320,478288,1.5,0,3,4,1933,1982,Enumclaw
660000.0,3.0,1.0,1210,9622,1.0,0,1,3,1955,2009,Bellevue
695000.0,3.0,2.75,2590,12063,2.0,0,0,3,1993,0,Bellevue
440000.0,4.0,2.5,2250,7526,2.0,0,0,3,1989,0,Renton
1388000.0,4.0,3.0,4040,20001,1.0,0,0,3,1972,2001,Clyde Hill
219500.0,3.0,1.0,1090,6710,1.5,0,0,5,1912,0,Auburn
220000.0,3.0,1.5,1660,15600,2.0,0,0,3,1981,2013,Auburn
270000.0,2.0,1.0,1780,81021,1.0,0,3,4,1954,1979,Auburn
900000.0,4.0,3.5,3370,5000,2.0,0,2,3,2008,0,Seattle
1990000.0,5.0,3.0,4480,5000,2.5,0,0,5,1902,0,Seattle
800000.0,4.0,2.5,2990,16809,2.0,0,0,3,1990,2009,Woodinville
365000.0,5.0,2.0,2280,19000,1.5,0,0,3,1924,2011,Burien
1387800.0,3.0,3.0,2480,5500,2.0,0,3,3,1950,2005,Seattle
451000.0,5.0,2.75,2830,8925,1.5,0,0,3,1967,2011,Kirkland
202000.0,2.0,1.0,920,7569,1.0,0,0,4,1950,1983,Burien
1410000.0,4.0,2.25,3250,16684,2.0,0,0,3,1979,2014,Medina
471000.0,2.0,1.75,1240,6417,1.0,0,0,5,1924,1956,Seattle
827000.0,4.0,2.5,3230,12100,1.0,0,0,3,1977,2004,Bellevue
235000.0,5.0,2.5,2500,9583,1.0,0,0,3,1979,2014,Des Moines
216500.0,2.0,1.75,1390,4482,1.0,0,0,4,1980,0,Des Moines
359000.0,5.0,1.75,1940,6654,1.5,0,0,4,1953,1983,Burien
252500.0,3.0,2.0,1900,8002,1.0,0,0,3,1991,0,Federal Way
370000.0,3.0,1.5,2380,14500,1.0,0,0,4,1961,2001,Kenmore
663000.0,3.0,2.0,1480,3876,1.0,0,0,5,1928,1970,Seattle
971971.0,4.0,3.75,3460,6738,2.0,0,0,3,2013,1923,Renton
420000.0,3.0,1.75,1444,249126,1.5,0,0,3,2008,0,Vashon
330675.0,4.0,3.0,1930,3031,1.0,0,0,3,2006,0,Duvall
240000.0,4.0,1.0,1200,2171,1.5,0,0,3,1933,0,Seattle
334888.0,3.0,2.5,1769,7324,2.0,0,0,3,2012,1912,Auburn
414000.0,3.0,2.5,2490,4540,2.5,0,0,3,2012,1912,Renton
782900.0,4.0,3.25,3060,3898,2.0,0,0,3,2014,0,Issaquah
525000.0,4.0,2.75,3030,6625,2.0,0,0,3,2011,0,Renton
429900.0,3.0,2.5,2370,5353,2.0,0,0,3,2009,0,Duvall
390000.0,3.0,3.25,1370,913,2.0,0,0,3,2006,0,Seattle
224000.0,3.0,1.75,1500,11968,1.0,0,0,3,2014,0,Black Diamond
257500.0,3.0,2.25,1715,6819,2.0,0,0,3,1995,0,Federal Way
665000.0,2.0,1.0,1110,3200,1.0,0,0,3,1925,2002,Seattle
327000.0,5.0,2.75,2400,8050,2.0,0,0,3,1998,2006,Auburn
425000.0,3.0,1.0,1520,213444,1.5,0,3,5,1988,0,Renton
687500.0,4.0,2.75,3190,10970,2.0,0,0,3,1994,0,Sammamish
672500.0,3.0,2.25,2400,5300,1.5,0,0,4,1939,1989,Seattle
140000.0,3.0,1.0,1060,7473,1.0,0,0,3,1959,1989,Des Moines
215500.0,2.0,1.75,1220,15600,1.0,0,0,3,1972,2002,Auburn
464900.0,4.0,2.25,2020,8424,1.0,0,0,4,1979,0,Kirkland
417000.0,4.0,2.25,2300,7700,1.0,0,0,3,1959,1989,Seattle
453000.0,4.0,2.75,2300,37533,1.0,0,3,5,1979,0,Vashon
700000.0,3.0,2.5,1660,1545,2.0,0,2,3,2002,0,Seattle
1619999.0,4.0,3.0,3900,9750,1.0,0,4,5,1972,0,Bellevue
259500.0,3.0,1.75,1650,12349,1.0,0,0,3,1957,2000,SeaTac
460000.0,4.0,2.5,2110,35091,1.0,0,0,4,1985,0,Issaquah
561500.0,3.0,1.75,1960,6380,1.0,0,0,4,1939,1989,Seattle
641000.0,4.0,2.5,2770,63118,2.0,0,0,3,1997,0,Carnation
330000.0,4.0,1.75,2440,7350,1.0,0,0,3,1978,0,Kent
447000.0,2.0,1.0,1320,8380,1.0,0,0,3,1953,0,Seattle
320000.0,4.0,2.5,2570,4865,2.0,0,0,3,2005,0,Maple Valley
212700.0,2.0,1.0,940,5040,1.0,0,0,3,1926,2003,Seattle
260000.0,2.0,1.0,700,4800,1.0,0,0,3,1922,2008,Seattle
410000.0,3.0,2.0,1400,45738,2.0,0,0,4,1981,0,Vashon
355000.0,4.0,2.5,1890,7867,2.0,0,0,3,1996,0,Maple Valley
275500.0,2.0,1.0,720,11400,1.0,0,0,5,1951,0,Shoreline
415000.0,3.0,1.75,2410,8944,1.0,0,0,4,1967,0,Renton
279000.0,3.0,2.5,1630,7950,1.0,0,0,3,1985,0,Kent
350000.0,5.0,1.75,2330,14322,1.0,0,0,4,1968,0,Renton
355000.0,2.0,2.25,1330,10838,2.0,0,0,3,1985,0,Kenmore
750000.0,4.0,2.25,3190,11597,2.0,0,0,3,1984,0,Sammamish
235000.0,3.0,1.75,1400,6300,1.0,0,0,3,1998,2006,Enumclaw
209950.0,3.0,1.0,970,9583,1.0,0,0,4,1967,0,Federal Way
230000.0,3.0,1.75,1010,9600,1.0,0,0,5,1969,0,Covington
725000.0,3.0,2.5,3580,54450,1.5,0,0,3,1990,2009,Maple Valley
430000.0,2.0,1.0,1050,2570,1.0,0,0,5,1927,0,Seattle
661500.0,5.0,2.5,2500,7200,1.0,0,0,4,1977,0,Redmond
738000.0,3.0,3.0,2630,4896,2.0,0,0,3,2006,0,Redmond
1820000.0,4.0,4.5,6640,53330,2.0,0,0,3,1993,0,Woodinville
221000.0,3.0,1.0,910,8789,1.0,0,0,3,1966,1963,Seattle
665000.0,3.0,2.5,2610,35000,2.0,0,0,3,1988,2000,Woodinville
255000.0,3.0,2.5,1720,6194,2.0,0,0,3,1998,2006,Auburn
1195000.0,5.0,2.75,3650,13297,2.0,0,0,5,1969,0,Mercer Island
355000.0,3.0,1.75,2040,22693,1.0,0,0,4,1980,0,Kent
755000.0,5.0,2.5,3260,24300,1.5,0,1,4,1950,1983,Lake Forest Park
300000.0,3.0,1.5,1590,8911,1.0,0,0,3,1956,2001,Kenmore
500000.0,4.0,1.0,1440,7100,1.5,0,0,3,1906,2014,Seattle
191000.0,2.0,1.0,900,3400,1.0,0,0,5,1905,0,Seattle
315000.0,6.0,4.0,3120,4240,2.0,0,2,4,1993,0,Seattle
415000.0,3.0,2.5,1060,1536,2.0,0,0,3,2000,0,Seattle
394000.0,4.0,2.5,3000,9793,2.0,0,0,3,2002,0,Maple Valley
490000.0,3.0,2.5,2230,5348,2.0,0,0,3,2000,0,Snoqualmie
523460.0,5.0,1.75,1890,5000,1.5,0,0,3,1906,2014,Seattle
550000.0,4.0,3.5,4150,16197,2.0,0,0,3,2006,0,Auburn
342000.0,3.0,1.75,1780,10409,1.0,0,0,3,1981,2013,Renton
560000.0,4.0,2.5,2710,6583,2.0,0,0,3,2003,0,Renton
1050000.0,4.0,4.25,4390,13833,2.0,0,3,3,2003,0,Issaquah
710000.0,2.0,1.5,1640,4080,1.5,0,0,5,1916,0,Seattle
1020000.0,3.0,2.25,1670,4800,1.5,0,3,3,1903,2005,Seattle
399950.0,3.0,2.5,2570,10431,2.0,0,0,3,1989,0,Kent
480000.0,2.0,1.0,1500,3420,1.0,0,0,3,1902,0,Seattle
410000.0,3.0,1.0,2710,19000,2.0,0,3,4,1950,1983,Burien
530000.0,4.0,1.75,2860,48351,1.0,0,0,3,1978,0,Woodinville
528000.0,2.0,0.75,840,40642,1.0,1,4,4,1937,0,Vashon
469900.0,4.0,2.5,2990,8913,2.0,0,0,4,1991,0,Renton
397000.0,5.0,1.0,1170,6757,1.0,0,0,4,1944,0,Seattle
718500.0,3.0,1.5,1200,6240,1.0,0,0,3,1952,2008,Seattle
195000.0,2.0,1.0,1020,8100,1.0,0,0,3,1940,1996,Seattle
285000.0,2.0,1.0,910,8155,1.0,0,0,4,1948,0,Shoreline
295000.0,1.0,1.0,700,2500,1.0,0,0,4,1907,0,Seattle
602000.0,4.0,1.75,2420,37800,1.0,0,0,4,1981,0,Redmond
235000.0,3.0,1.75,1950,8712,1.0,0,0,3,1960,2012,Renton
465000.0,4.0,2.5,3060,6000,2.0,0,0,3,2012,1912,Maple Valley
234000.0,4.0,1.0,1390,18000,1.0,0,0,3,1955,2013,Kent
504200.0,2.0,1.5,1200,1687,3.0,0,0,3,2008,0,Seattle
710000.0,3.0,2.5,2440,4153,2.0,0,0,3,2003,0,Redmond
589500.0,3.0,3.25,2310,3075,2.0,0,0,3,2005,0,Seattle
415000.0,3.0,2.75,2600,64626,1.5,0,0,3,2009,0,Skykomish
735000.0,3.0,2.25,1490,1212,2.0,0,0,3,2011,0,Seattle
427000.0,3.0,2.5,2432,9391,2.0,0,2,3,2005,0,Federal Way
982000.0,4.0,2.75,3610,8580,2.0,0,0,3,2014,0,Kirkland
459000.0,4.0,3.0,2530,10000,2.0,0,0,3,2013,1923,Burien
483453.0,4.0,2.75,2790,5527,2.0,0,0,3,2014,0,North Bend
246950.0,3.0,3.0,1670,4440,1.0,0,0,3,2014,0,Enumclaw
235000.0,1.0,1.5,1170,1456,2.0,0,0,3,2007,0,Seattle
288790.0,4.0,2.0,1350,942,3.0,0,0,3,2008,0,Issaquah
229800.0,2.0,1.75,1110,1773,2.0,0,0,3,2014,0,Seattle
516500.0,1.0,1.25,1100,638,3.0,0,0,3,2014,0,Seattle
1600000.0,3.0,4.25,2820,7200,2.0,0,0,4,1930,0,Seattle
234000.0,3.0,1.0,1040,8128,1.0,0,0,3,1983,2009,Duvall
230000.0,2.0,1.75,1910,3376,2.0,0,0,3,1980,0,Maple Valley
300000.0,4.0,1.0,1370,8499,1.0,0,0,3,1949,1998,Shoreline
470000.0,3.0,1.5,1500,5000,1.5,0,0,4,1927,0,Seattle
339900.0,3.0,1.0,1200,9087,1.0,0,0,5,1969,0,Newcastle
650000.0,2.0,1.0,1050,2542,1.0,0,0,3,1904,0,Seattle
585000.0,5.0,2.5,2670,16777,1.5,0,0,4,1920,0,Seattle
699900.0,4.0,2.5,2190,11500,1.0,0,0,4,1972,0,Bellevue
598000.0,4.0,2.5,3130,40918,2.0,0,0,3,1994,0,North Bend
475000.0,3.0,2.5,1700,9100,1.0,0,0,3,1998,2006,Seattle
314500.0,3.0,1.75,1700,17355,1.0,0,0,3,1978,0,Maple Valley
397000.0,3.0,3.5,1360,1275,2.0,0,0,3,2007,0,Seattle
345000.0,3.0,2.0,1610,15005,1.0,0,0,4,1986,0,Carnation
325000.0,5.0,2.75,2130,6222,1.0,0,0,3,1991,0,Seattle
265000.0,3.0,1.0,1800,7650,1.0,0,0,5,1957,0,Renton
402000.0,4.0,2.75,2950,15540,1.0,0,0,4,1974,0,Kent
835000.0,3.0,2.25,2120,54014,2.0,0,0,4,1964,0,Bellevue
780000.0,4.0,2.5,3500,7048,2.0,0,0,3,2005,0,Redmond
250000.0,3.0,2.0,1440,9220,1.0,0,0,3,1965,1993,Des Moines
1200000.0,4.0,2.0,2120,3360,2.0,0,0,3,1905,2010,Seattle
935000.0,2.0,2.5,1780,2067,2.0,0,0,5,1974,0,Bellevue
300000.0,2.0,1.0,960,8153,1.0,0,0,3,1947,2012,Shoreline
419000.0,2.0,1.75,1510,4980,1.0,0,0,3,2006,0,Redmond
410000.0,1.0,1.5,1010,5750,1.0,0,0,3,1911,1948,Seattle
1165000.0,3.0,3.0,3790,5001,2.0,0,0,3,1989,0,Seattle
461000.0,3.0,1.75,3600,8666,2.0,0,0,4,1948,0,Kirkland
385000.0,3.0,1.75,1300,7030,1.0,0,0,3,1968,1997,Kirkland
669500.0,4.0,2.25,2500,4046,1.5,0,0,4,1940,2001,Seattle
491950.0,3.0,2.25,2090,10733,1.0,0,0,3,1958,2004,Seattle
1230000.0,3.0,1.75,2200,14630,1.5,0,1,3,1948,2003,Bellevue
560000.0,3.0,2.25,2070,15002,1.5,0,0,3,1955,2013,Lake Forest Park
370000.0,3.0,1.0,1320,7341,1.0,0,0,3,1982,0,Shoreline
263400.0,4.0,2.0,1360,60548,1.0,0,0,3,1960,2012,Auburn
100000.0,2.0,1.0,930,7623,1.0,0,0,2,1942,0,Burien
289950.0,3.0,2.5,1760,8584,1.5,0,0,5,1937,0,Burien
263000.0,3.0,1.75,1410,8100,2.0,0,0,3,1985,0,Maple Valley
397500.0,4.0,2.5,2570,7859,2.0,0,0,3,1992,0,Maple Valley
245000.0,3.0,2.75,1300,14197,1.0,0,0,3,1996,0,Kent
535000.0,3.0,1.0,1580,6300,1.0,0,0,3,1925,2002,Seattle
449000.0,4.0,2.5,2960,6031,2.0,0,0,3,2005,0,Maple Valley
490000.0,4.0,3.0,2330,3497,2.0,0,0,3,2003,0,Seattle
445800.0,4.0,2.25,2070,39446,1.0,0,0,3,1977,2004,Lake Forest Park
345000.0,2.0,1.0,970,5750,1.0,0,0,4,1932,1958,Seattle
327500.0,3.0,2.25,2310,7200,2.0,0,0,3,1990,2009,Kent
436500.0,4.0,2.5,2290,11173,2.0,0,0,4,1988,0,Renton
550000.0,3.0,2.25,1720,9600,1.0,0,0,4,1967,0,Redmond
441000.0,2.0,1.5,1190,3400,1.0,0,0,3,1919,2001,Seattle
406500.0,2.0,1.0,870,5750,1.0,0,0,4,1947,1988,Seattle
243000.0,2.0,1.5,1068,1758,2.0,0,0,3,1990,2009,Kenmore
359500.0,4.0,2.75,2140,10316,2.0,0,0,3,1993,0,Auburn
760000.0,4.0,2.5,3300,165528,2.0,0,0,3,1984,0,Woodinville
1925000.0,5.0,4.25,4830,8050,2.5,0,2,4,1914,1945,Seattle
408000.0,5.0,3.25,2820,6589,1.5,0,0,3,1906,2014,Seattle
480000.0,4.0,3.0,2440,9664,2.0,0,0,3,1981,2013,Kenmore
875000.0,4.0,1.5,1800,3245,1.5,0,0,4,1929,0,Seattle
308000.0,3.0,1.0,1010,8800,1.0,0,0,4,1954,1979,Seattle
880000.0,4.0,2.75,3220,4392,1.5,0,0,4,1931,0,Seattle
1730000.0,5.0,3.5,5000,26540,2.0,0,3,3,2008,0,Mercer Island
170000.0,2.0,1.0,1200,24792,2.0,0,0,2,1976,0,Redmond
491500.0,3.0,2.25,1470,4322,2.0,0,0,3,1985,0,Issaquah
515000.0,3.0,2.5,2600,4506,2.0,0,0,3,2003,0,Kenmore
550000.0,4.0,1.5,2750,128502,1.0,0,0,2,1958,0,Renton
255000.0,2.0,1.0,1320,9967,1.0,0,0,3,1919,2001,Seattle
635000.0,3.0,2.5,3350,4007,2.0,0,0,3,2005,0,Kirkland
850000.0,3.0,2.5,2650,2387,2.0,0,0,3,1920,1979,Seattle
265000.0,2.0,2.0,1860,10856,1.0,0,0,3,1952,2008,Seattle
349810.0,3.0,1.0,960,8855,1.0,0,0,4,1958,1972,Shoreline
972000.0,4.0,1.75,2010,6300,1.0,0,2,5,1937,0,Seattle
235000.0,2.0,1.0,900,28800,1.0,0,0,1,1928,0,Snoqualmie
330000.0,4.0,2.5,2340,11784,2.0,0,0,3,1997,0,Kent
500000.0,4.0,3.0,3720,15048,3.0,0,0,3,1979,2014,Renton
570000.0,3.0,2.0,1890,29185,1.0,0,0,3,1949,2013,Bellevue
1309500.0,4.0,2.5,2680,12215,1.0,1,4,3,1956,2001,Normandy Park
544000.0,3.0,2.5,1460,1613,2.0,0,0,3,2007,0,Seattle
439000.0,3.0,2.5,3180,7904,1.0,0,0,3,2006,0,Renton
530000.0,4.0,2.25,1980,15086,2.0,0,0,3,1981,2013,Sammamish
427500.0,2.0,2.0,1090,934,3.0,0,0,3,2008,0,Seattle
337000.0,4.0,2.5,2230,5970,2.0,0,0,4,2002,0,Covington
1095000.0,4.0,2.75,3330,9143,2.0,0,0,4,1995,0,Kirkland
435000.0,4.0,2.0,1880,3840,1.0,0,0,3,1904,0,Seattle
765000.0,5.0,3.0,2870,5700,1.0,0,0,3,1964,2000,Seattle
492650.0,4.0,1.75,2120,9786,1.0,0,0,3,1967,2011,Shoreline
383962.0,4.0,2.5,2700,6998,2.0,0,0,3,2001,0,Tukwila
950000.0,4.0,2.5,3670,7680,2.5,0,0,3,2007,0,Issaquah
457000.0,3.0,2.5,1220,1330,2.0,0,0,3,2008,0,Seattle
1510000.0,5.0,3.25,4390,11250,2.0,0,0,3,2007,0,Mercer Island
882566.0,4.0,2.5,3560,5265,3.0,0,0,3,2014,0,Redmond
963000.0,4.0,3.25,3530,8589,2.0,0,0,3,2007,0,Kirkland
345000.0,4.0,2.5,2280,5000,2.0,0,0,3,2006,0,Maple Valley
2065000.0,4.0,3.75,4350,7965,2.0,0,0,3,2013,1923,Bellevue
800000.0,3.0,3.5,3830,221284,2.0,0,0,3,1993,0,Woodinville
314500.0,3.0,2.0,2050,13303,1.0,0,0,3,1993,0,Federal Way
530000.0,3.0,2.5,3660,39478,2.0,0,2,4,1989,0,Enumclaw
650000.0,4.0,2.5,3350,46748,2.0,0,0,3,2004,2003,Black Diamond
349500.0,3.0,2.0,1270,3600,1.0,0,0,3,1963,2008,Seattle
1198000.0,4.0,3.5,3400,3850,2.5,0,0,3,2008,0,Seattle
165050.0,3.0,1.0,1200,8514,1.0,0,0,3,1959,1989,Enumclaw
580000.0,3.0,2.5,2200,11000,2.0,0,2,3,1978,0,Bellevue
330000.0,3.0,2.5,1680,11312,1.0,0,0,3,1959,1989,Seattle
875000.0,5.0,3.5,3840,8279,2.0,0,0,3,2001,0,Sammamish
500000.0,2.0,1.0,950,4500,1.0,0,2,3,1926,2003,Seattle
445000.0,4.0,2.5,2280,42077,2.0,0,0,3,1994,0,Kent
274900.0,4.0,2.5,1970,6600,2.0,0,0,3,1987,2000,Kent
219950.0,3.0,1.5,1620,9310,1.0,0,0,4,1967,0,Covington
691500.0,4.0,2.5,2600,7200,2.0,0,0,3,1962,2002,Seattle
459500.0,2.0,1.0,1250,3825,1.0,0,0,3,1929,0,Seattle
955500.0,4.0,1.75,2130,5080,1.5,0,0,3,1914,1993,Seattle
328950.0,4.0,1.75,2550,8976,1.0,0,0,5,1978,0,Kent
307000.0,3.0,1.0,1150,6000,1.5,0,0,3,1927,2011,North Bend
382500.0,3.0,1.75,1040,9000,1.0,0,0,4,1967,0,Issaquah
1150000.0,4.0,2.5,3340,10422,2.0,0,0,3,1996,0,Kirkland
1297000.0,6.0,2.75,2630,9420,2.0,0,0,5,1900,0,Seattle
478000.0,3.0,2.25,1640,3896,2.0,0,0,3,1994,0,Issaquah
260000.0,2.0,1.0,770,7906,1.0,0,0,4,1948,0,Shoreline
850000.0,4.0,3.25,4350,112750,1.0,0,0,3,2006,0,Issaquah
616000.0,4.0,1.75,1700,5846,1.0,0,0,3,1957,2000,Seattle
540000.0,3.0,1.75,2050,9580,1.0,0,0,3,1984,0,Sammamish
300000.0,3.0,2.25,1660,5128,2.0,0,0,3,2001,0,Duvall
507500.0,3.0,1.75,1990,9594,1.0,0,0,3,1977,2004,Redmond
3800000.0,5.0,5.5,7050,42840,1.0,0,2,4,1978,2000,Clyde Hill
241000.0,3.0,2.0,1770,7000,1.0,0,0,3,1986,0,Auburn
485000.0,3.0,2.25,2440,47916,2.0,0,0,3,1991,0,Redmond
695000.0,3.0,2.5,2620,51354,2.0,0,0,3,1998,2006,Woodinville
548000.0,4.0,2.5,2440,11005,2.0,0,0,3,1994,0,Newcastle
345000.0,2.0,1.0,1080,7775,1.0,0,0,3,1955,2005,Seattle
280000.0,3.0,1.0,1090,10710,1.0,0,0,4,1962,0,Renton
450000.0,3.0,1.75,1400,13775,1.0,0,0,3,1963,2008,Kenmore
515000.0,3.0,2.5,2010,7200,2.0,0,0,3,1994,0,Kenmore
1014250.0,3.0,1.0,1640,12855,1.5,0,0,5,1920,0,Bellevue
739900.0,5.0,2.5,3290,5029,2.0,0,0,3,2004,2003,Sammamish
600000.0,2.0,2.5,2510,14878,2.0,0,0,3,1990,2009,Bothell
370000.0,2.0,1.0,860,6050,1.0,0,0,3,1952,2008,Seattle
729032.0,4.0,2.5,2840,12866,1.0,0,0,4,1977,0,Bellevue
510000.0,3.0,1.75,1750,7020,2.0,0,0,3,1934,1978,Black Diamond
425000.0,3.0,1.5,1300,19163,1.0,0,0,3,1964,2000,Redmond
1080000.0,3.0,2.75,3890,7216,2.0,0,1,3,1967,2010,Seattle
337000.0,3.0,2.25,1460,941,3.0,0,0,3,2006,0,Seattle
563000.0,4.0,1.0,1410,3376,1.5,0,0,5,1911,1984,Seattle
1695000.0,4.0,2.75,3770,10900,2.0,0,2,5,1924,1956,Seattle
245000.0,3.0,2.0,1190,4072,1.5,0,0,5,1907,0,Seattle
590000.0,3.0,2.0,1410,6413,1.0,0,0,4,1947,1988,Seattle
695000.0,3.0,2.0,2500,4080,1.5,0,0,5,1922,1956,Seattle
402500.0,2.0,1.0,800,2280,1.0,0,0,5,1946,0,Seattle
435000.0,3.0,2.5,2530,13446,2.0,0,0,3,1993,0,Duvall
660000.0,3.0,2.0,2570,28500,1.0,0,0,3,1983,2009,Redmond
300000.0,3.0,2.75,2090,9620,1.0,0,0,3,1987,2000,Federal Way
600000.0,5.0,2.25,2980,7781,1.0,0,0,3,1960,2012,Seattle
205000.0,3.0,1.75,1170,8239,1.0,0,0,3,1981,2013,Covington
357500.0,3.0,3.5,2080,5100,2.0,0,0,3,2004,2003,Maple Valley
1110000.0,5.0,3.25,3350,4000,2.0,0,0,4,1997,0,Seattle
332888.0,2.0,2.5,1050,1029,2.0,0,0,3,2007,0,Seattle
174000.0,2.0,1.0,900,13531,1.0,0,0,3,1979,2014,Pacific
515000.0,2.0,1.0,1050,5000,1.0,0,0,5,1907,0,Seattle
392000.0,5.0,2.25,3740,32481,1.5,0,0,3,1958,2004,Des Moines
485000.0,4.0,1.75,1430,4096,2.0,0,0,3,1900,2005,Seattle
217500.0,3.0,1.75,1400,9546,1.0,0,0,4,1984,0,Federal Way
502000.0,3.0,2.25,1600,45613,2.0,0,0,4,1983,0,Woodinville
820000.0,3.0,2.25,2880,9750,2.0,0,0,3,1989,0,Bellevue
1640000.0,3.0,3.25,3140,5445,2.0,0,3,4,1913,0,Seattle
102500.0,2.0,1.0,820,4320,1.0,0,0,3,1937,1999,Seattle
925000.0,5.0,5.5,5190,12637,2.0,0,2,3,2001,0,Snoqualmie
540000.0,4.0,2.5,2180,10140,1.0,0,0,4,1968,0,Redmond
600000.0,2.0,1.0,910,2002,1.5,0,0,3,1900,2005,Seattle
406000.0,4.0,1.0,1580,8475,1.5,0,2,4,1928,0,Seattle
620000.0,4.0,3.0,2130,6325,1.0,0,0,5,1948,1985,Seattle
1060000.0,4.0,2.5,4570,16015,2.0,0,2,3,1990,2009,Sammamish
401000.0,3.0,2.0,1240,11172,1.0,0,0,3,1984,0,Sammamish
725000.0,3.0,1.75,1860,6000,2.0,0,2,4,1959,0,Seattle
276000.0,1.0,0.75,370,1801,1.0,0,0,5,1923,0,Seattle
500000.0,5.0,3.25,3130,12087,2.0,0,0,3,1975,0,Issaquah
375000.0,3.0,1.75,2530,35150,1.0,0,0,4,1977,0,Kent
2300000.0,4.0,4.75,3970,9778,2.0,0,2,4,1928,0,Seattle
260000.0,3.0,2.25,1920,9680,1.0,0,0,4,1961,2001,Kent
1565000.0,4.0,2.75,2970,12750,1.5,0,1,4,1918,1986,Bellevue
431000.0,4.0,2.5,2300,6087,2.0,0,0,3,2001,0,Renton
321000.0,4.0,2.5,1830,9601,2.0,0,0,3,2003,0,Maple Valley
433000.0,4.0,1.5,1550,5053,1.0,0,0,4,1963,0,Seattle
920000.0,4.0,3.5,4080,10666,2.0,0,0,3,2005,0,Redmond
482000.0,3.0,2.25,1710,21485,2.0,0,0,3,1989,0,Sammamish
712000.0,3.0,2.5,2375,4094,2.0,0,0,3,2002,0,Redmond
505000.0,4.0,2.75,2200,9778,1.0,0,0,4,1962,0,Bellevue
2367000.0,3.0,2.25,3530,17450,1.0,1,3,3,1930,1993,Mercer Island
452000.0,3.0,1.75,1110,9012,1.0,0,0,4,1966,0,Redmond
581000.0,4.0,1.0,1630,2566,1.5,0,0,3,1921,2000,Seattle
952500.0,4.0,1.5,2550,5055,2.0,0,0,4,1910,0,Seattle
808000.0,4.0,2.25,2500,8866,2.0,0,0,4,1987,0,Bellevue
476000.0,4.0,3.0,2890,6885,1.0,0,0,3,1945,2013,Seattle
535000.0,4.0,1.75,1420,5000,1.5,0,0,4,1945,0,Seattle
1356925.0,4.0,3.5,4270,5800,2.0,0,3,5,1937,0,Seattle
629800.0,3.0,2.5,2390,1984,2.0,0,0,3,2008,0,Issaquah
417838.0,4.0,2.5,2530,5048,2.0,0,0,3,2014,0,Maple Valley
399895.0,4.0,2.5,2701,4500,2.0,0,0,3,2014,0,Auburn
825000.0,4.0,2.75,3990,6637,2.0,0,0,3,2003,0,Redmond
300000.0,4.0,2.5,2303,3826,2.0,0,0,3,2006,0,Auburn
640000.0,2.0,2.25,1540,965,3.0,0,0,3,2007,0,Seattle
460000.0,3.0,2.5,1450,1053,2.0,0,0,3,2008,0,Seattle
525000.0,2.0,2.5,1160,1458,2.0,0,0,3,2012,1912,Seattle
499990.0,4.0,2.75,2910,6334,2.0,0,0,3,2013,1923,North Bend
1020000.0,4.0,3.5,3770,8501,2.0,0,0,3,2008,0,Kirkland
675000.0,5.0,2.25,2900,10300,1.0,0,0,3,1985,0,Bellevue
512031.0,3.0,1.75,1540,3000,1.0,0,2,3,1920,1979,Seattle
310000.0,2.0,1.0,700,3000,1.0,0,0,4,1918,1974,Seattle
1075000.0,3.0,2.5,3280,10302,1.0,0,0,3,1970,2014,Seattle
255000.0,4.0,2.0,2430,8960,1.0,0,0,3,1960,2012,Seattle
435000.0,3.0,2.5,1900,7984,2.0,0,0,3,1993,0,Bothell
453000.0,3.0,2.0,1660,15050,1.0,0,0,3,1983,2009,Kirkland
260000.0,4.0,2.0,1620,7992,2.0,0,0,4,1975,0,Kent
659000.0,4.0,2.0,2090,10800,1.0,0,0,4,1951,1999,Mercer Island
223000.0,3.0,2.0,1110,7231,1.0,0,0,4,1991,0,Kent
851000.0,5.0,3.25,3760,9792,2.0,0,0,3,1984,0,Bellevue
605000.0,3.0,2.25,2080,12134,1.0,0,0,4,1973,0,Redmond
895000.0,4.0,2.25,1950,5950,1.0,0,0,3,1947,2012,Seattle
519000.0,5.0,2.25,2570,13054,1.0,0,1,3,1950,1992,Normandy Park
535000.0,3.0,1.75,2330,12141,1.0,0,0,3,1983,2009,Woodinville
489000.0,3.0,3.0,3700,10375,2.0,0,0,3,1982,0,SeaTac
250000.0,3.0,2.25,1920,7738,1.0,0,0,3,1965,1993,Burien
580000.0,3.0,2.25,1900,3960,1.5,0,0,3,1905,2010,Seattle
1038000.0,4.0,1.75,1440,13296,1.0,0,0,4,1967,0,Bellevue
605000.0,4.0,2.25,2940,48788,1.0,0,0,5,1961,0,Kenmore
599950.0,4.0,3.5,2500,3080,2.0,0,0,3,2008,0,Redmond
700000.0,3.0,2.5,2490,23891,2.0,0,0,3,1993,0,Redmond
480000.0,3.0,2.0,1470,10052,1.0,0,0,4,1956,0,Seattle
329950.0,4.0,2.5,2120,4558,2.0,0,0,3,2002,0,Maple Valley
250000.0,3.0,1.75,1200,24805,1.0,0,0,3,1984,0,Kent
345000.0,5.0,2.5,2450,6994,2.0,0,0,3,2002,0,Kent
175000.0,4.0,2.5,1780,6000,2.0,0,0,3,1991,0,Des Moines
185000.0,5.0,1.0,1590,6700,1.5,0,0,3,1942,1999,Seattle
411000.0,4.0,2.0,2370,76665,2.0,0,0,4,1978,2000,Auburn
690000.0,3.0,1.5,1760,4000,2.0,0,0,3,1922,2008,Seattle
265000.0,4.0,3.0,1940,8170,1.0,0,0,4,1948,0,Shoreline
720000.0,4.0,3.0,3550,12327,1.5,0,0,4,1990,0,Bothell
256000.0,4.0,2.5,2050,5787,2.0,0,0,3,2002,0,Des Moines
255000.0,4.0,2.25,1680,3179,2.0,0,0,3,2002,0,Auburn
540000.0,3.0,2.25,1320,1800,2.0,0,0,3,1994,0,Seattle
481015.0,3.0,2.25,1550,5511,2.0,0,0,3,1987,2000,Kirkland
575000.0,3.0,1.75,2680,8625,1.0,0,0,5,1974,0,Issaquah
339950.0,3.0,2.5,2390,34041,1.0,0,0,3,1984,0,Kent
475000.0,4.0,2.5,2040,7260,2.0,0,0,4,1963,0,Shoreline
732000.0,3.0,3.75,2670,6517,2.5,0,4,4,1977,0,Seattle
860000.0,4.0,1.75,1880,3720,1.5,0,0,4,1924,0,Seattle
389000.0,4.0,1.75,2400,7700,1.5,0,0,4,1927,0,Seattle
645000.0,3.0,1.75,2270,11472,1.0,0,0,4,1956,0,Seattle
475000.0,4.0,2.5,1850,5444,2.0,0,0,5,1981,0,Kirkland
550000.0,4.0,2.75,2160,5005,1.0,0,0,3,1987,2000,Seattle
305000.0,2.0,1.0,2160,12960,1.0,0,0,3,1968,1997,Tukwila
782000.0,2.0,1.5,1570,3600,1.5,0,2,4,1906,1990,Seattle
545000.0,3.0,2.0,1340,7200,1.5,0,0,4,1923,0,Seattle
394500.0,4.0,2.5,3002,6042,2.0,0,0,3,2004,2003,Kent
600000.0,5.0,2.0,2190,9072,1.0,0,0,5,1965,0,Redmond
1300000.0,4.0,1.75,2610,21600,1.0,0,0,4,1966,0,Clyde Hill
300000.0,2.0,1.0,1010,11919,1.0,0,0,3,1947,2012,Shoreline
330000.0,4.0,2.5,2105,6093,2.0,0,0,3,2003,0,Kent
723000.0,4.0,2.25,2430,4748,1.5,0,0,3,1928,1954,Seattle
2271150.0,4.0,3.25,4040,18916,1.0,0,0,4,1954,1979,Medina
480000.0,5.0,2.5,2160,7737,2.0,0,0,3,1998,2006,Snoqualmie
496000.0,2.0,1.0,900,9260,1.0,0,0,3,1946,0,Seattle
625000.0,3.0,3.0,1820,1641,3.0,0,0,3,2006,0,Seattle
475000.0,4.0,2.0,2100,13468,1.0,0,0,5,1962,0,Seattle
275250.0,3.0,2.25,1520,7199,2.0,0,0,4,1992,0,Maple Valley
253000.0,2.0,1.0,1310,7128,1.0,0,0,4,1980,0,Kent
630000.0,4.0,2.5,2190,9880,1.0,0,0,4,1979,0,Kirkland
660500.0,5.0,2.5,2950,5500,1.5,0,0,5,1918,0,Seattle
262000.0,5.0,1.0,1870,7800,1.0,0,0,3,1962,2003,Seattle
2147500.0,3.0,3.5,4660,5500,2.0,0,4,5,1909,1988,Seattle
552000.0,3.0,2.5,1840,9900,1.0,0,0,3,1978,0,Bellevue
1411600.0,2.0,2.5,3180,9400,2.0,0,4,5,1985,0,Bellevue
736000.0,2.0,1.0,1500,4000,1.0,0,0,3,1933,0,Seattle
355000.0,3.0,1.75,1730,7416,1.5,0,0,3,1954,2005,Shoreline
305000.0,3.0,1.0,1580,7424,1.0,0,0,3,1962,2003,Renton
484998.0,4.0,2.5,1540,1870,2.0,0,0,3,2014,0,Issaquah
1054690.0,4.0,3.5,3390,3979,2.0,0,0,3,2014,0,Seattle
334500.0,2.0,1.5,830,1858,2.0,0,0,3,2005,0,Seattle
475000.0,4.0,2.75,2620,6178,2.0,0,0,3,2013,1923,North Bend
309780.0,3.0,2.5,2242,4500,2.0,0,0,3,2014,0,Auburn
795000.0,4.0,2.5,2890,7798,2.0,0,0,3,2005,0,Bellevue
274500.0,3.0,2.25,1450,4050,2.0,0,0,3,2010,0,Maple Valley
265050.0,2.0,1.5,800,2119,2.0,0,0,3,2008,0,Seattle
567500.0,3.0,2.5,2280,2502,2.0,0,0,3,2006,0,Issaquah
915000.0,3.0,4.5,3850,62726,2.0,0,0,3,2013,1923,Redmond
285000.0,5.0,2.5,2270,6300,2.0,0,0,3,1995,0,Auburn
445838.0,3.0,2.5,2250,5692,2.0,0,0,3,2000,0,Seattle
304900.0,4.0,1.75,2600,11325,1.0,0,0,4,1969,0,Kent
940000.0,4.0,2.0,2490,9525,2.0,0,0,5,1968,0,Mercer Island
1127000.0,4.0,2.5,3160,8281,2.0,0,0,4,1995,0,Kirkland
835000.0,4.0,4.25,4930,25714,2.0,0,0,3,2005,0,Auburn
290000.0,3.0,1.0,1440,11250,1.0,0,0,3,1967,2011,Renton
250000.0,3.0,1.75,1770,8868,1.0,0,0,4,1959,0,Auburn
342000.0,4.0,2.5,2300,6448,2.0,0,0,3,2001,0,Kent
1012000.0,4.0,2.5,2980,16263,2.0,0,0,3,1989,0,Bellevue
400000.0,4.0,2.25,2230,7200,1.0,0,0,4,1963,0,Shoreline
312500.0,3.0,1.75,1830,7969,1.0,0,0,3,1950,2008,Renton
267000.0,3.0,1.0,1740,10875,1.0,0,0,4,1962,0,Tukwila
575000.0,3.0,1.75,1530,6743,1.0,0,0,3,1955,2005,Seattle
810000.0,3.0,1.5,1520,9041,1.0,0,0,4,1954,1979,Bellevue
850000.0,3.0,2.5,3230,5000,2.0,0,2,5,1945,0,Seattle
1015000.0,3.0,3.25,3620,4000,2.0,0,0,3,2005,0,Seattle
1100000.0,4.0,3.75,5070,60123,2.0,0,0,3,2000,0,Redmond
240000.0,3.0,1.75,1570,8750,1.0,0,0,3,1960,2012,Burien
198000.0,4.0,1.75,2080,7200,1.0,0,0,4,1966,0,Auburn
565000.0,4.0,2.5,2230,8624,1.0,0,0,4,1969,0,Redmond
1195000.0,5.0,3.0,3420,18129,2.0,0,0,3,1952,2005,Mercer Island
340000.0,8.0,2.75,2790,6695,1.0,0,0,3,1977,2004,Shoreline
815000.0,4.0,2.5,3150,4203,2.0,0,0,3,2002,0,Kirkland
1875000.0,4.0,3.25,3930,10929,2.0,0,0,3,2006,0,Bellevue
588000.0,5.0,3.0,2190,4900,2.0,0,0,5,1940,0,Seattle
280500.0,4.0,2.5,1890,6962,2.0,0,0,3,1997,0,Auburn
390000.0,4.0,2.0,1900,76877,1.0,0,0,3,2004,2003,Kent
509000.0,2.0,1.5,1930,3521,2.0,0,0,3,1989,0,Bellevue
490600.0,3.0,2.5,3316,11447,2.0,0,0,3,1986,0,Federal Way
650000.0,3.0,1.5,1380,4500,1.0,0,0,5,1960,0,Mercer Island
715000.0,3.0,4.0,2080,2250,3.0,0,4,3,1997,0,Seattle
529950.0,3.0,1.0,1240,5000,1.5,0,0,5,1909,1988,Seattle
265000.0,3.0,1.0,1020,8610,1.0,0,0,5,1959,0,Renton
1755000.0,3.0,2.0,2360,4800,2.0,0,0,3,1909,2014,Seattle
1140000.0,3.0,2.5,2780,33503,1.5,0,1,4,1969,0,Sammamish
610000.0,3.0,2.0,2300,13418,1.0,0,0,3,1955,2005,Bellevue
554729.0,4.0,2.5,2020,4350,2.0,0,0,5,1943,0,Seattle
395000.0,5.0,1.75,1840,10453,1.0,0,2,3,1948,1994,Burien
341000.0,3.0,1.0,1390,4814,1.5,0,0,3,1908,1988,Seattle
264500.0,4.0,2.25,2060,11385,1.0,0,0,4,1962,0,Federal Way
395000.0,4.0,2.75,2640,35070,1.5,0,0,3,1963,2008,Kent
640000.0,3.0,2.25,1980,10115,1.0,0,0,3,1959,1989,Bellevue
430000.0,3.0,1.5,1810,5080,1.0,0,0,3,1958,2004,Seattle
410000.0,4.0,2.5,1700,9000,1.0,0,0,5,1972,0,Kirkland
220000.0,4.0,1.0,1200,6000,1.5,0,0,3,1923,1998,Seattle
1625000.0,4.0,3.25,2980,3600,2.0,0,0,3,1999,0,Seattle
405500.0,2.0,2.75,1350,1252,2.0,0,0,3,2006,0,Seattle
633000.0,4.0,2.5,2360,10000,1.0,0,3,3,1977,2004,Seattle
295950.0,2.0,1.0,1190,6200,1.0,0,0,3,1948,1994,Shoreline
1042031.0,4.0,5.0,4110,43560,2.0,0,0,4,1978,2000,Bellevue
605000.0,4.0,2.5,2800,10786,1.0,0,0,3,1970,2014,Bellevue
255000.0,2.0,1.5,920,1598,2.0,0,0,3,1995,0,Seattle
474000.0,3.0,1.75,1530,8000,2.0,0,0,3,1978,0,Redmond
370000.0,2.0,1.0,860,5040,1.0,0,0,3,1956,2001,Seattle
288000.0,3.0,2.5,1520,3593,2.0,0,0,3,2004,2003,Maple Valley
100000.0,2.0,0.75,660,5240,1.0,0,0,4,1912,1989,Kent
1150000.0,5.0,2.5,3580,8921,2.0,0,0,3,2000,0,Kirkland
600000.0,5.0,2.25,3000,13899,2.0,0,0,4,1975,0,Redmond
515000.0,5.0,3.25,2740,9629,1.0,0,0,5,1977,0,Bothell
345000.0,4.0,2.5,2040,5523,2.0,0,0,3,1999,0,Burien
975000.0,6.0,2.75,2520,54160,2.0,1,4,3,1954,2005,Seattle
850000.0,3.0,2.0,2470,8800,2.0,0,0,3,1961,2004,Mercer Island
439990.0,3.0,2.5,1930,1348,2.0,0,0,3,2005,0,Seattle
554950.0,3.0,2.5,2950,10254,2.0,0,0,3,2006,0,Renton
605000.0,3.0,2.5,2610,6405,2.0,0,0,3,2001,0,Snoqualmie
609000.0,3.0,1.75,1630,1526,3.0,0,0,3,2014,0,Seattle
425000.0,3.0,1.5,1400,1022,3.0,0,0,3,2007,0,Seattle
399900.0,2.0,1.75,1410,1005,1.5,0,0,3,2011,0,Issaquah
1025000.0,4.0,3.5,4370,10860,2.0,0,0,3,2008,0,Renton
2351956.0,4.0,4.25,5010,19412,2.0,0,1,3,2014,0,Mercer Island
519995.0,4.0,3.0,2590,6160,2.0,0,0,3,2014,0,Renton
625000.0,3.0,1.5,1300,7200,1.0,0,0,5,1960,0,Kirkland
600000.0,3.0,2.5,2320,7609,2.0,0,0,3,2003,0,Issaquah
1200000.0,4.0,2.5,2700,4275,2.0,0,0,3,2004,2003,Seattle
1738000.0,4.0,2.25,2920,6513,2.0,0,0,4,1937,0,Seattle
671000.0,4.0,3.0,3130,5700,1.5,0,0,3,1953,0,Seattle
459500.0,3.0,1.75,1470,4950,1.0,0,0,3,1984,0,Seattle
499000.0,3.0,2.5,1540,1326,3.0,0,0,3,1995,0,Seattle
1280000.0,4.0,2.5,3160,4620,1.5,0,4,3,1917,2005,Seattle
395000.0,3.0,1.75,1480,7700,1.0,0,0,3,1975,0,Kirkland
861990.0,5.0,2.75,3595,5639,2.0,0,0,3,2014,0,Redmond
382500.0,2.0,1.0,1190,4440,1.0,0,0,3,1981,2013,Seattle
404950.0,4.0,2.25,2340,217014,1.0,0,0,4,1982,2011,Auburn
530000.0,3.0,1.75,1320,2500,1.0,0,0,3,1918,0,Seattle
195000.0,2.0,1.0,1190,27007,1.0,0,0,4,1910,0,Issaquah
747500.0,4.0,2.25,2350,18600,2.0,0,0,4,1977,0,Kenmore
199990.0,3.0,1.0,1100,8560,1.0,0,0,3,1961,2004,Federal Way
548800.0,4.0,1.0,1660,4704,1.5,0,0,3,1930,1997,Seattle
870000.0,4.0,3.0,3040,36246,1.5,0,0,3,1923,2014,Sammamish
588000.0,3.0,2.0,1860,4777,2.0,0,0,5,1908,0,Seattle
775000.0,4.0,3.25,4100,241322,2.0,0,0,3,1981,2013,Woodinville
670000.0,6.0,3.0,4050,36171,2.0,0,0,4,1970,0,Issaquah
445000.0,2.0,2.0,1240,2500,2.0,0,0,3,1985,0,Seattle
300000.0,4.0,3.0,2200,10800,1.0,0,0,3,1960,2012,Renton
480000.0,3.0,2.25,1680,9090,1.0,0,0,4,1959,0,Bellevue
300000.0,3.0,1.0,930,5160,1.5,0,0,5,1919,1934,Seattle
360000.0,3.0,1.5,1800,22000,2.0,0,0,3,1931,0,Tukwila
527000.0,6.0,3.5,3000,8401,1.0,0,0,3,1979,2014,Seattle
875000.0,3.0,1.5,1820,12686,1.0,0,0,4,1952,0,Bellevue
266000.0,4.0,2.25,1995,7102,2.0,0,0,4,1981,0,Federal Way
866000.0,4.0,3.25,3990,9786,2.0,0,0,3,2004,2003,Redmond
335950.0,2.0,1.5,800,5192,1.0,0,0,5,1951,0,Seattle
215000.0,3.0,1.0,960,9563,1.0,0,0,5,1967,0,Federal Way
481000.0,4.0,2.5,2286,8269,2.0,0,0,3,2002,0,Renton
320000.0,3.0,1.75,2220,11646,1.0,0,0,3,1950,2005,Kenmore
295000.0,3.0,1.75,1940,7500,1.5,0,0,4,1918,1985,Enumclaw
295000.0,3.0,1.5,1640,7222,2.0,0,0,4,1908,0,Seattle
320000.0,3.0,1.0,1120,10576,1.0,0,0,4,1969,0,Woodinville
780000.0,4.0,2.0,2600,4800,1.0,0,2,3,1953,0,Seattle
437500.0,3.0,2.0,1490,4800,2.0,0,0,5,1948,1985,Seattle
443000.0,5.0,1.75,1650,3000,1.5,0,0,3,1902,0,Seattle
575000.0,4.0,2.5,2400,6137,2.0,0,0,3,1990,2009,Sammamish
245000.0,2.0,1.0,1500,6685,1.0,0,0,3,1926,2003,Seattle
450000.0,3.0,2.5,1990,12793,2.0,0,0,3,1993,0,Kenmore
536000.0,2.0,1.5,1130,746,2.0,0,0,3,2009,0,Seattle
685000.0,3.0,3.25,2030,11070,2.0,0,0,4,1980,0,Redmond
373000.0,4.0,1.75,1590,7920,2.0,0,0,4,1960,2001,Shoreline
450000.0,3.0,1.75,1480,8394,1.0,0,0,4,1971,0,Redmond
645000.0,4.0,2.5,2690,18653,2.0,0,0,3,1985,0,Sammamish
1275000.0,3.0,2.5,3870,46609,2.0,0,3,3,1997,0,Bellevue
230000.0,3.0,1.0,1390,6000,1.0,0,0,3,1954,2005,Renton
593000.0,3.0,2.75,1830,1850,2.0,0,0,3,2011,0,Issaquah
558000.0,2.0,2.0,1580,5750,1.0,0,0,5,1910,0,Seattle
538250.0,3.0,2.25,2590,15229,2.0,0,3,3,1984,0,Des Moines
475000.0,5.0,2.5,2510,8050,1.0,0,0,4,1977,0,Kirkland
209950.0,3.0,1.5,1180,7300,1.0,0,0,4,1968,0,Auburn
410000.0,3.0,2.25,1450,19206,2.0,0,0,3,1989,0,Sammamish
1636000.0,3.0,2.5,3110,6765,2.0,0,1,4,1946,1989,Seattle
670000.0,5.0,2.5,2860,68519,2.0,0,0,5,1958,0,Snoqualmie
821000.0,3.0,2.75,2760,8476,1.0,0,0,4,1967,0,Mercer Island
665000.0,5.0,2.0,2800,17788,1.0,0,0,4,1963,0,Kirkland
339000.0,3.0,2.5,1450,3748,2.0,0,0,3,2004,2003,Snoqualmie
631500.0,4.0,2.0,2530,5650,1.5,0,0,4,1910,0,Seattle
570000.0,3.0,2.0,1640,2808,1.0,0,3,4,1924,0,Seattle
437000.0,3.0,1.75,2220,17568,1.0,0,0,4,1967,0,Woodinville
542500.0,3.0,2.5,2040,10086,2.0,0,0,3,1987,2000,Redmond
229500.0,3.0,1.0,1230,6000,1.0,0,0,4,1967,0,Auburn
170500.0,2.0,1.0,1060,7700,1.0,0,0,3,1981,2013,Renton
391500.0,3.0,2.5,1920,9625,2.0,0,0,3,1993,0,North Bend
296475.0,3.0,2.5,1520,4170,2.0,0,0,3,2004,2003,Maple Valley
1450000.0,4.0,3.25,3770,4103,2.0,0,0,5,1925,0,Seattle
888550.0,3.0,2.5,3540,38322,2.0,0,0,3,1989,0,Redmond
1360000.0,4.0,3.0,5430,108900,2.0,0,0,4,1987,0,Redmond
328000.0,3.0,2.0,2250,7904,1.5,0,0,3,1998,2006,Auburn
300000.0,4.0,2.5,2090,5195,2.0,0,0,3,2007,0,Kent
500000.0,3.0,2.5,1720,3012,2.0,0,0,3,2011,0,Seattle
494815.0,3.0,2.5,1910,2091,2.0,0,0,3,2014,0,Issaquah
378000.0,3.0,2.5,1601,2491,3.0,0,0,3,2007,0,Seattle
505000.0,2.0,2.25,1060,1209,2.0,0,0,3,2006,0,Seattle
680000.0,4.0,2.75,2330,3920,2.0,0,0,3,2005,0,Issaquah
351999.0,3.0,2.5,2370,4200,2.0,0,0,3,2014,0,Maple Valley
510000.0,3.0,2.5,1420,1237,3.0,0,0,3,2014,0,Seattle
1300000.0,4.0,2.25,2360,4000,2.0,0,0,3,2013,1923,Seattle
374000.0,2.0,1.5,1260,1575,2.0,0,0,3,2001,0,Seattle
509900.0,3.0,2.5,3030,9053,2.0,0,0,3,2009,0,Renton
230000.0,3.0,1.75,1140,1201,2.0,0,0,3,2014,0,Seattle
527700.0,5.0,2.5,2820,9375,1.0,0,0,4,1968,0,Bellevue
438000.0,2.0,2.0,1270,1372,3.0,0,0,3,2000,0,Seattle
900000.0,3.0,2.5,3180,12600,2.0,0,0,4,1978,2000,Sammamish
1131000.0,3.0,2.25,2790,13791,1.0,0,3,3,2006,0,Normandy Park
439000.0,4.0,2.25,2570,9503,2.0,0,0,3,1980,0,Bothell
315000.0,2.0,1.0,1080,2674,1.0,0,0,4,1919,1985,Seattle
765000.0,4.0,4.0,3010,7221,2.0,0,0,3,2004,2003,Sammamish
332000.0,3.0,2.25,2120,14915,1.0,0,0,3,1979,2014,Auburn
600000.0,3.0,2.25,1900,46609,1.5,0,0,4,1969,0,Woodinville
378500.0,3.0,2.5,2860,43821,2.0,0,0,4,1990,0,Auburn
190000.0,3.0,1.0,910,10575,1.0,0,0,4,1968,0,Federal Way
645000.0,4.0,2.5,2850,37522,2.0,0,0,3,1987,2000,Sammamish
780000.0,2.0,2.5,2560,2500,2.0,0,0,5,1901,0,Seattle
370000.0,3.0,1.75,1570,16817,2.0,0,0,3,1982,0,North Bend
875000.0,4.0,3.5,3110,108464,2.0,0,2,4,1979,0,Sammamish
1049000.0,4.0,3.75,4740,126759,2.0,0,0,4,1991,0,Issaquah
479000.0,3.0,1.0,1340,13750,1.0,0,0,4,1955,2009,Bellevue
245000.0,4.0,2.25,2600,6390,1.0,0,0,3,1978,0,Federal Way
542000.0,3.0,1.75,1070,8030,1.0,0,0,3,1966,2014,Redmond
557500.0,3.0,2.25,1820,9670,2.0,0,0,3,1984,0,Redmond
480000.0,2.0,1.0,1060,3040,1.0,0,0,3,1924,2011,Seattle
330000.0,3.0,2.25,2220,4060,1.0,0,0,3,1993,0,Seattle
160000.0,3.0,1.0,1350,8700,1.5,0,0,3,1942,1999,SeaTac
695500.0,5.0,2.75,2510,9180,1.0,0,1,4,1975,0,Redmond
235500.0,5.0,2.5,2340,13713,1.0,0,0,2,1967,0,Federal Way
326500.0,3.0,1.0,1060,7920,1.0,0,0,4,1968,0,Seattle
300000.0,4.0,2.5,2200,8065,2.0,0,0,3,1998,2006,Kent
267000.0,3.0,1.0,1400,8100,1.5,0,0,3,1944,0,Seattle
292600.0,3.0,1.5,1520,7123,1.0,0,0,4,1959,0,Renton
362000.0,5.0,3.0,1810,3000,2.0,0,0,3,1998,2006,Seattle
1087500.0,2.0,2.0,2360,11340,1.5,0,0,3,1997,0,Mercer Island
357562.0,2.0,1.75,1210,1032,2.0,0,0,3,2014,0,Issaquah
789900.0,3.0,2.5,3420,25150,1.0,0,0,4,1987,0,Bellevue
513000.0,3.0,2.5,1810,4592,2.0,0,0,3,1992,0,Issaquah
336000.0,3.0,2.25,2760,10160,1.0,0,0,3,1969,2010,Renton
560000.0,4.0,2.25,1950,9800,1.0,0,0,3,1968,1997,Kirkland
1150000.0,3.0,2.5,3830,48743,2.0,0,0,3,1991,0,Bellevue
410000.0,4.0,2.25,2060,7283,1.0,0,0,3,1963,2013,Shoreline
371500.0,3.0,1.0,1650,6400,1.0,0,0,4,1954,1979,Seattle
368000.0,4.0,1.75,2100,11942,1.0,0,0,3,1964,2000,Seattle
650000.0,4.0,3.0,3720,57499,1.0,0,0,3,2003,0,Carnation
308950.0,4.0,2.5,1920,8562,2.0,0,2,4,1994,0,Enumclaw
440000.0,3.0,2.0,1860,217800,2.0,0,2,3,1998,2006,Renton
630000.0,2.0,2.5,2290,3507,2.0,0,0,3,2005,0,Issaquah
228950.0,3.0,1.75,1200,9085,1.0,0,0,4,1968,0,Federal Way
782000.0,4.0,3.5,5270,53428,2.0,0,0,3,2004,2003,Renton
245000.0,3.0,2.5,1600,2788,2.0,0,0,4,1992,0,Kent
410000.0,4.0,2.5,2560,4020,2.0,0,0,3,2006,0,Maple Valley
427550.0,2.0,1.0,880,4000,1.0,0,0,3,1940,1996,Seattle
235000.0,2.0,1.0,1020,7920,1.0,0,0,3,1939,1969,Seattle
210000.0,3.0,2.0,960,9380,1.0,0,0,3,1949,1998,Seattle
485000.0,4.0,2.25,1900,7200,1.0,0,0,3,1977,2004,Seattle
410000.0,3.0,2.0,1320,6000,1.5,0,0,4,1920,0,Seattle
435000.0,4.0,2.75,2230,9640,1.0,0,0,3,1998,2006,Seattle
300000.0,3.0,1.0,1150,7314,1.0,0,0,3,1960,2012,Bellevue
455000.0,4.0,3.5,3440,6000,2.0,0,0,4,2002,0,Normandy Park
210000.0,3.0,1.0,1070,8179,1.0,0,0,3,1949,1998,Seattle
1050000.0,4.0,2.75,2250,3433,1.5,0,0,3,1927,2013,Seattle
458400.0,4.0,2.5,1910,10300,1.0,0,0,3,1921,1968,Shoreline
390000.0,3.0,1.75,1180,16552,1.0,0,0,4,1967,0,Woodinville
148226.0,3.0,1.0,1400,7360,1.0,0,0,4,1968,0,Auburn
711600.0,4.0,3.0,3580,9316,2.5,0,0,3,1991,0,Bellevue
819000.0,3.0,2.75,3176,13391,2.0,0,3,4,1985,0,Federal Way
613000.0,2.0,2.0,1170,1890,1.5,0,1,4,1927,0,Seattle
592350.0,2.0,2.0,1570,4665,1.0,0,0,3,2006,0,Redmond
232000.0,3.0,1.5,1460,15000,1.0,0,0,3,1966,1963,Auburn
250000.0,3.0,1.75,1140,10400,1.0,0,0,4,1983,0,Milton
115000.0,1.0,2.0,1150,9812,1.0,0,0,4,1962,0,Auburn
1115000.0,4.0,2.5,3180,31931,1.0,0,0,4,1978,2000,Bellevue
585000.0,4.0,2.5,2630,6185,2.0,0,0,3,1999,0,Renton
580000.0,3.0,2.25,1940,5980,1.0,0,0,3,1987,2000,Issaquah
165000.0,1.0,1.0,850,8050,1.0,0,0,2,1906,0,Seattle
430000.0,3.0,2.0,1550,6039,1.0,0,0,5,1942,0,Seattle
383000.0,3.0,2.25,2090,15000,1.0,0,0,3,1961,2004,North Bend
1195000.0,4.0,3.5,3960,6654,2.0,0,0,3,2006,0,Seattle
201500.0,3.0,1.0,1320,5000,1.5,0,0,3,1912,1994,Seattle
690000.0,4.0,2.5,3220,35400,2.0,0,0,3,1991,0,Woodinville
325000.0,2.0,1.0,800,7260,1.0,0,0,3,1953,0,Seattle
375000.0,3.0,1.75,1660,9673,1.0,0,0,3,1976,0,Woodinville
600000.0,4.0,2.5,2250,11370,2.0,0,0,3,1991,0,Kirkland
340000.0,3.0,2.25,2120,13090,1.0,0,0,3,1997,0,Auburn
890000.0,4.0,2.75,2310,4020,3.0,0,0,5,1979,0,Seattle
415000.0,4.0,1.75,1920,7700,2.0,0,0,4,1970,0,Newcastle
255000.0,3.0,1.75,1550,9720,1.0,0,0,3,1976,0,Black Diamond
530000.0,2.0,2.5,1785,779,2.0,0,0,3,1975,0,Bellevue
468000.0,3.0,1.5,1830,9848,1.0,0,0,5,1962,0,Newcastle
970000.0,5.0,2.75,3500,5040,2.0,0,2,3,1927,2007,Seattle
599000.0,3.0,2.0,2560,14680,1.0,0,0,3,1987,2000,Redmond
399500.0,4.0,1.75,1360,4840,1.5,0,0,4,1928,0,Seattle
2458000.0,4.0,5.25,6500,14986,2.0,0,0,3,2001,0,Medina
1205000.0,4.0,3.5,3150,5500,2.0,0,0,3,2014,0,Seattle
325000.0,2.0,1.0,810,4080,1.0,0,0,4,1941,1998,Seattle
1135250.0,5.0,4.0,7320,217800,2.0,0,0,3,1992,0,Renton
568000.0,4.0,1.75,2790,17476,1.0,0,2,3,1956,2001,Burien
517000.0,2.0,1.5,1920,3408,1.0,0,0,4,1912,1989,Seattle
469950.0,4.0,2.75,2530,14178,2.0,0,0,3,1997,0,Duvall
1675000.0,3.0,2.5,3490,8343,2.0,1,4,4,1939,1991,Seattle
2180000.0,6.0,2.75,4710,11000,2.0,0,3,3,1931,0,Seattle
623000.0,3.0,1.75,2050,16313,1.0,0,0,2,1973,0,Mercer Island
720000.0,4.0,2.25,2410,8400,2.0,0,0,5,1965,0,Bellevue
205000.0,3.0,1.0,1180,8240,1.0,0,0,4,1967,0,Federal Way
148000.0,2.0,1.0,630,4200,1.0,0,0,3,1930,1997,Seattle
950000.0,3.0,2.5,3480,7800,1.0,0,0,4,1941,1998,Seattle
405000.0,3.0,1.5,1010,7683,1.5,0,0,5,1953,0,Seattle
293000.0,3.0,2.25,1910,3481,2.0,0,0,3,2009,0,Kent
550000.0,3.0,3.5,2490,3582,2.0,0,0,3,2005,0,Issaquah
435000.0,4.0,2.5,2150,3143,2.0,0,0,3,2010,0,Renton
355000.0,4.0,2.75,3000,5470,2.0,0,0,3,2005,0,Maple Valley
673000.0,3.0,2.75,2830,3496,2.0,0,0,3,2012,1912,Issaquah
449990.0,4.0,2.5,2680,5539,2.0,0,0,3,2013,1923,North Bend
249000.0,2.0,1.5,1090,2686,2.0,0,0,3,1982,0,Kirkland
380000.0,4.0,2.5,1984,32400,1.0,0,0,3,1962,2003,Des Moines
760005.0,4.0,2.75,3090,5859,2.0,0,0,3,2010,0,Sammamish
674600.0,4.0,2.5,2610,5140,2.0,0,0,3,2006,0,Seattle
812000.0,4.0,3.5,3370,3634,2.0,0,0,3,2007,0,Issaquah
333490.0,4.0,2.5,2250,3916,2.0,0,0,3,2014,0,Auburn
320000.0,3.0,3.25,1450,1387,2.0,0,0,3,2013,1923,Seattle
999000.0,4.0,2.5,3130,10849,2.0,0,0,3,2013,1923,Kirkland
810000.0,2.0,2.75,2700,8572,1.0,0,0,3,2007,0,Redmond
399950.0,5.0,2.75,1970,5400,1.0,0,0,3,1986,0,Seattle
550000.0,3.0,2.0,1970,4166,2.0,0,3,5,1929,0,Seattle
290000.0,3.0,1.5,1950,15954,1.0,0,0,4,1959,0,Federal Way
232500.0,3.0,1.5,1940,9887,1.0,0,0,4,1969,0,Federal Way
1355000.0,4.0,3.5,3550,11000,1.0,0,2,3,1999,0,Bellevue
565000.0,3.0,2.5,2500,7394,2.0,0,0,3,1990,2009,Woodinville
749950.0,4.0,2.75,2910,18700,1.0,0,0,3,1957,1995,Shoreline
720500.0,4.0,2.5,3350,35298,2.0,0,0,4,1985,0,Redmond
507000.0,3.0,1.75,2140,40098,1.0,0,0,5,1950,0,Renton
989000.0,5.0,4.5,4030,13474,2.0,0,0,3,2000,0,Sammamish
463000.0,4.0,2.5,1980,6660,2.0,0,0,4,1974,0,Kirkland
310000.0,3.0,1.5,1460,9908,1.0,0,0,3,1952,2008,Des Moines
284000.0,4.0,1.75,1880,8800,1.0,0,0,3,1960,2012,Seattle
737500.0,3.0,1.75,2320,10900,2.0,0,0,3,1935,1974,Seattle
569000.0,3.0,3.25,2220,8227,1.5,0,0,5,1929,0,Seattle
700000.0,3.0,1.0,1410,7200,2.0,0,0,4,1901,0,Seattle
660000.0,3.0,1.0,1240,3500,1.0,0,0,4,1927,0,Seattle
275000.0,4.0,2.0,2030,8426,2.0,0,0,3,1944,0,Tukwila
570000.0,6.0,3.75,4000,6015,2.0,0,2,3,2004,2003,Renton
150000.0,3.0,0.75,490,38500,1.5,0,0,4,1959,0,Skykomish
356000.0,3.0,2.5,1590,3411,2.0,0,0,3,2000,0,Snoqualmie
610000.0,3.0,2.5,2630,5827,2.0,0,0,3,2001,0,Redmond
498800.0,2.0,1.75,1350,4614,1.0,0,0,3,2008,0,Redmond
226550.0,3.0,1.0,990,4440,1.0,0,0,3,1943,2002,Seattle
692500.0,4.0,2.75,3710,7984,2.0,0,0,3,1999,0,Snoqualmie
250000.0,3.0,1.0,990,8062,1.0,0,0,4,1960,2001,Des Moines
660000.0,4.0,2.5,2510,4543,2.0,0,0,3,2002,0,Sammamish
295000.0,2.0,1.0,800,6500,1.0,0,0,4,1953,1983,Shoreline
154950.0,4.0,1.0,1600,10183,1.0,0,0,4,1966,0,Auburn
409124.0,5.0,3.25,3320,11340,2.0,0,0,4,1999,0,Kent
287000.0,5.0,1.5,1730,9230,1.0,0,0,3,1962,2003,Renton
810000.0,4.0,1.75,2000,3988,1.0,0,4,4,1958,1972,Seattle
525000.0,4.0,2.75,2910,6308,1.0,0,0,3,1985,0,Bothell
525000.0,4.0,1.75,1710,10440,1.0,0,0,4,1955,2009,Bellevue
275000.0,3.0,1.0,1200,7800,1.0,0,0,4,1954,1979,Seattle
583000.0,3.0,2.5,2600,5100,2.0,0,1,3,1998,2006,Renton
237950.0,2.0,1.75,1460,7926,1.0,0,0,4,1987,0,Covington
1065000.0,4.0,3.75,4260,9800,2.0,0,0,3,2008,0,Kirkland
679000.0,4.0,2.75,2100,4480,1.5,0,0,4,1928,0,Seattle
1465000.0,6.0,4.5,4230,6420,2.0,0,3,4,1916,0,Seattle
410000.0,3.0,1.75,1660,6250,1.0,0,0,3,1980,0,Seattle
306000.0,3.0,1.0,1450,7200,1.0,0,0,3,1969,2010,Kirkland
215000.0,4.0,1.5,1860,5040,1.5,0,0,5,1920,0,Enumclaw
594950.0,4.0,2.5,2720,10006,2.0,0,0,3,1989,0,Sammamish
1250000.0,4.0,2.5,2920,5500,1.0,0,3,3,1957,2000,Seattle
305000.0,3.0,1.5,1800,12196,1.0,0,0,4,1966,0,Federal Way
425000.0,2.0,1.0,1320,8830,1.0,0,0,3,1939,1969,Seattle
215000.0,3.0,1.75,1770,29004,1.0,0,0,3,1959,1989,Federal Way
480000.0,5.0,2.75,2550,7725,1.0,0,0,5,1967,0,Newcastle
550000.0,4.0,1.75,2150,9000,1.0,0,0,4,1966,0,Redmond
750000.0,4.0,2.5,3020,7465,2.0,0,0,3,2004,2003,Sammamish
137124.0,3.0,1.0,960,27442,1.0,0,0,4,1970,0,Renton
840000.0,3.0,2.0,2783,11177,2.0,0,0,3,1910,1999,Seattle
624800.0,3.0,2.0,2250,14274,1.0,0,0,4,1964,0,Mercer Island
630000.0,3.0,1.75,1710,8767,1.0,0,0,4,1986,0,Kirkland
590000.0,3.0,2.5,2650,9380,1.0,0,0,5,1975,0,Lake Forest Park
599950.0,3.0,3.25,1830,1804,3.0,0,0,3,2014,0,Seattle
299880.0,3.0,2.5,1460,3044,2.0,0,0,3,2000,0,Seattle
400000.0,3.0,2.0,1760,6875,1.0,0,0,4,1967,0,Woodinville
560000.0,3.0,2.5,1960,6058,2.0,0,0,3,2002,0,Sammamish
229000.0,4.0,2.25,2010,7688,1.0,0,0,3,1979,2014,Federal Way
525000.0,4.0,2.5,3670,9958,2.0,0,0,3,2005,0,Renton
737000.0,2.0,2.25,2290,9772,1.0,0,0,3,2007,0,Redmond
680000.0,3.0,2.0,1780,5720,1.0,0,0,5,1925,0,Seattle
635000.0,4.0,2.5,3080,35430,2.0,0,0,3,1997,0,Redmond
740000.0,4.0,2.5,3360,15091,2.0,0,0,3,1997,0,Redmond
335500.0,3.0,1.0,1370,6780,2.0,0,0,3,1930,1997,Seattle
270000.0,4.0,2.5,1660,8063,1.0,0,0,4,1978,2000,Des Moines
1037000.0,4.0,3.5,4440,10660,2.0,0,0,3,2003,0,Newcastle
450000.0,5.0,2.5,2850,209523,1.0,0,0,4,1925,1968,Renton
379000.0,3.0,2.5,1530,2913,2.0,0,0,4,1986,0,Kirkland
468000.0,4.0,2.5,2100,8400,1.0,0,0,4,1976,1992,Woodinville
321500.0,1.0,1.0,730,1942,1.0,0,0,3,2008,0,Seattle
443000.0,3.0,2.25,1920,8223,2.0,0,0,4,1989,0,Bothell
340000.0,3.0,1.0,1600,7324,1.0,0,0,4,1958,1972,Renton
470000.0,4.0,2.25,2380,17199,2.0,0,0,3,1979,2014,Kenmore
545000.0,3.0,2.5,2760,17377,2.0,0,0,3,2002,0,Renton
415000.0,4.0,1.5,1840,11367,1.5,0,0,4,1950,1983,Shoreline
599000.0,7.0,2.5,2580,5750,1.0,0,0,4,1901,0,Seattle
759000.0,4.0,1.75,2100,4750,1.0,0,0,3,1975,0,Seattle
300000.0,4.0,1.75,1820,5015,1.0,0,0,4,1926,1993,Seattle
1681000.0,5.0,5.25,4830,18707,2.0,0,1,5,1952,1998,Mercer Island
359000.0,3.0,1.5,1550,4980,1.0,0,0,3,1978,0,Seattle
550000.0,4.0,1.0,1440,3600,1.5,0,0,4,1924,0,Seattle
395000.0,2.0,1.0,930,6380,1.0,0,0,4,1940,2001,Seattle
486000.0,4.0,2.5,3560,12047,2.0,0,0,3,1988,2000,Federal Way
187000.0,2.0,1.0,840,11600,1.0,0,0,3,1952,2008,Burien
734950.0,4.0,3.25,4280,47179,2.0,0,0,3,2002,0,Auburn
284000.0,3.0,1.5,1500,10018,1.0,0,0,4,1957,2001,Renton
696000.0,4.0,3.5,3650,38546,2.0,0,0,3,1996,0,North Bend
380000.0,2.0,1.0,780,3910,1.0,0,0,3,1918,0,Seattle
625000.0,4.0,1.0,1600,5500,1.5,0,0,4,1946,1989,Seattle
252000.0,4.0,1.75,1120,8250,1.0,0,0,4,1966,0,Renton
560000.0,2.0,1.0,1010,9219,1.0,0,0,4,1960,2001,Kirkland
395000.0,4.0,2.75,1970,37026,1.0,0,0,4,1961,2001,Vashon
900000.0,4.0,2.5,2230,4372,2.0,0,0,5,1935,0,Seattle
2680000.0,5.0,3.0,4290,20445,2.0,0,0,4,1985,0,Medina
625000.0,3.0,1.75,3160,76230,1.0,0,0,4,1978,2000,Auburn
580000.0,3.0,1.75,1850,5100,1.0,0,0,3,1909,2004,Seattle
309000.0,3.0,2.25,1980,8755,1.0,0,0,4,1963,0,Des Moines
412000.0,4.0,3.5,3360,9767,2.0,0,0,3,1990,2009,Federal Way
495000.0,3.0,2.0,2660,192099,1.0,0,0,4,1964,0,Enumclaw
215000.0,3.0,1.0,1200,7280,1.0,0,0,4,1967,0,Kent
741500.0,2.0,2.5,2150,5760,1.0,0,0,3,2010,0,Redmond
749000.0,3.0,2.75,2820,5348,2.0,0,0,3,2008,0,Redmond
659950.0,4.0,2.75,3510,9400,2.0,0,0,3,2014,0,Renton
530000.0,3.0,2.5,1790,3078,2.0,0,0,3,2010,0,Issaquah
749000.0,4.0,2.75,2700,6000,2.0,0,0,4,1910,0,Seattle
2321000.0,5.0,4.75,5780,17004,2.0,0,0,3,2006,0,Mercer Island
595000.0,4.0,3.25,3730,4560,2.0,0,0,3,2013,1923,Seattle
487000.0,4.0,2.5,2540,5001,2.0,0,0,3,2005,0,Seattle
760000.0,4.0,2.25,3300,8365,3.0,0,0,3,2014,0,Seattle
1240000.0,5.0,3.5,5430,10327,2.0,0,2,3,2007,0,Bellevue
435000.0,4.0,2.5,2550,5200,2.0,0,0,3,2009,0,Renton
374950.0,3.0,2.25,1390,1484,3.0,0,0,3,2007,0,Seattle
440000.0,3.0,1.5,1270,1413,3.0,0,0,3,2007,0,Seattle
360000.0,4.0,2.5,2380,5000,2.0,0,0,3,2005,0,Maple Valley
879000.0,4.0,2.5,3360,22111,2.0,0,0,3,1994,0,Sammamish
1550000.0,5.0,4.25,6070,171626,2.0,0,0,3,1999,0,Fall City
505000.0,2.0,1.0,1240,57000,1.0,0,0,3,1962,2003,Sammamish
545000.0,2.0,2.0,2930,14057,1.0,0,2,4,1980,0,Vashon
600000.0,2.0,2.5,2410,102366,1.0,0,0,4,1912,1989,Fall City
775000.0,6.0,2.75,2980,5000,1.5,0,0,3,1916,1986,Seattle
725000.0,2.0,1.75,1950,2719,1.0,0,0,5,1919,1934,Seattle
610000.0,4.0,2.75,2600,36583,1.0,0,0,5,1976,0,Sammamish
350000.0,4.0,1.0,1170,8147,1.5,0,0,3,1959,1989,Seattle
410000.0,3.0,1.0,1470,6500,1.0,0,0,4,1953,1983,Burien
639000.0,4.0,2.0,1840,5419,1.0,0,0,4,1942,1982,Seattle
439000.0,4.0,2.0,1560,7500,1.0,0,0,4,1968,0,Kirkland
499950.0,4.0,1.75,1520,7700,1.0,0,0,4,1967,0,Kirkland
800000.0,3.0,2.75,2220,4000,2.0,0,0,3,1914,2000,Seattle
350000.0,4.0,2.5,2800,9538,2.0,0,0,3,1993,0,Federal Way
279000.0,2.0,1.0,670,6300,1.0,0,0,5,1942,0,Seattle
290256.0,3.0,2.25,1720,7885,2.0,0,0,3,1983,2009,Federal Way
355000.0,3.0,2.5,2110,4038,2.0,0,0,4,1989,0,Kent
263000.0,3.0,1.75,1580,9187,1.0,0,0,3,1993,0,Maple Valley
880000.0,6.0,2.5,2640,3680,2.0,0,0,5,1922,1956,Seattle
426500.0,4.0,2.5,2700,6515,2.0,0,0,3,1998,2006,Renton
735000.0,3.0,2.5,2820,8159,2.0,0,0,3,2004,2003,Issaquah
720000.0,4.0,2.5,3340,8930,2.0,0,2,3,1999,0,Snoqualmie
265000.0,3.0,2.5,1530,6000,2.0,0,0,4,1991,0,Maple Valley
840000.0,4.0,3.5,3840,85728,2.0,0,0,3,1998,2006,Carnation
657500.0,3.0,2.0,2320,10960,1.0,0,0,3,1956,2001,Bellevue
850000.0,5.0,2.0,2310,13430,1.5,0,0,4,1966,0,Bellevue
436110.0,3.0,2.5,1770,1235,3.0,0,0,3,2007,0,Seattle
589900.0,2.0,3.0,3160,66646,2.0,0,0,3,1993,0,Woodinville
620000.0,3.0,1.5,1620,6630,1.0,0,0,3,1954,2005,Seattle
254000.0,4.0,2.0,1510,4235,1.0,0,0,3,1955,2005,Seattle
375000.0,3.0,1.75,960,8106,1.0,0,0,3,1962,2003,Redmond
455000.0,4.0,2.25,1740,8449,1.0,0,0,4,1958,1972,Bellevue
445000.0,4.0,2.0,1470,8395,1.0,0,0,4,1965,0,Bellevue
568500.0,4.0,2.5,2460,4200,2.0,0,0,3,1998,2006,Sammamish
352500.0,3.0,1.75,1170,8182,1.0,0,0,3,1962,2003,Shoreline
342500.0,2.0,1.75,1210,7507,1.0,0,0,3,1982,0,Kirkland
299950.0,3.0,2.5,1870,7942,2.0,0,0,3,1990,2009,Auburn
425000.0,3.0,2.5,1950,5689,2.0,0,0,3,2009,0,Snoqualmie
561000.0,4.0,2.5,2570,5250,2.0,0,0,3,1990,2009,Issaquah
455500.0,3.0,2.0,1460,10311,1.0,0,0,4,1975,0,Redmond
400000.0,3.0,2.5,2970,23100,1.0,0,0,3,1967,2011,Woodinville
443500.0,4.0,2.5,2040,21781,2.0,0,0,3,1994,0,Carnation
1234582.0,5.0,3.25,3240,6551,1.5,0,4,4,1939,1989,Seattle
370000.0,4.0,2.75,3150,67518,1.0,0,0,4,1965,0,Auburn
475000.0,3.0,2.25,1820,8008,1.0,0,0,3,1981,2013,Redmond
580000.0,4.0,2.5,2130,35752,1.0,0,0,3,1980,0,Sammamish
518000.0,3.0,1.5,1430,8000,1.0,0,0,4,1956,0,Bellevue
525000.0,3.0,2.5,2030,6970,2.0,0,0,4,1991,0,Issaquah
236000.0,4.0,2.75,2000,5827,2.0,0,0,3,1997,0,Maple Valley
278500.0,4.0,2.25,1940,6206,2.0,0,0,3,1990,2009,Federal Way
205425.0,2.0,1.75,880,6780,1.0,0,0,4,1945,0,Seattle
248000.0,3.0,1.0,950,9400,1.0,0,0,4,1954,1979,Bellevue
505000.0,3.0,2.25,1670,1596,2.0,0,0,3,2002,0,Seattle
657500.0,3.0,2.5,2670,10496,2.0,0,0,3,1989,0,Sammamish
670000.0,3.0,2.5,2700,1438,2.0,0,0,3,2003,0,Seattle
202000.0,1.0,1.0,590,833,1.0,0,0,4,1926,1993,Seattle
440000.0,4.0,2.25,2160,8119,1.0,0,0,3,1966,1913,Bellevue
690000.0,4.0,2.5,2700,8810,2.0,0,0,3,2004,2003,Redmond
375000.0,6.0,2.25,3206,5793,2.0,0,0,3,2012,1912,Kent
291000.0,3.0,1.75,1560,9788,1.0,0,0,3,1964,2000,Seattle
230000.0,3.0,1.75,1400,6956,1.0,0,0,4,1957,2001,Kent
850000.0,4.0,3.25,3090,6744,2.0,0,4,3,2013,1923,Shoreline
84350.0,4.0,2.0,2630,16475,2.0,0,0,4,1953,1983,Yarrow Point
12899000.0,3.0,2.5,2190,11394,1.0,0,0,3,1956,2001,Seattle
2110000.0,4.0,1.0,2100,9200,1.0,0,0,3,1959,1989,Tukwila
2199900.0,4.0,1.5,1120,5427,1.0,0,0,3,1969,2014,Covington
188000.0,4.0,2.75,3260,19542,1.0,0,0,4,1968,0,Medina
26590000.0,3.0,2.0,1180,7793,1.0,0,0,4,1992,0,Kent
7800.0,2.0,1.0,780,16344,1.0,0,0,1,1942,0,Tukwila
237227.857143,4.0,2.5,2200,9397,2.0,0,0,3,1987,2000,Auburn
117833.333333,3.0,1.0,1340,306848,1.0,0,0,3,1953,0,Duvall
0.0,3.0,1.75,1490,10125,1.0,0,0,4,1962,0,Federal Way
744312.5,4.0,2.5,2800,5900,1.0,0,0,3,1963,2008,Seattle
0.0,4.0,2.75,2600,5390,1.0,0,0,4,1960,2001,Seattle
0.0,6.0,2.75,3200,9200,1.0,0,2,4,1953,1983,Burien
0.0,5.0,3.5,3480,36615,2.0,0,0,4,1983,0,Issaquah
439333.333333,3.0,3.5,3020,4082,2.0,0,0,3,1954,2004,Seattle
280000.0,3.0,2.25,1970,11088,1.0,0,0,4,1967,0,Lake Forest Park
0.0,5.0,1.5,1500,7112,1.0,0,0,5,1920,0,Burien
0.0,4.0,4.0,3680,18804,2.0,0,0,3,1990,2009,Sammamish
176225.0,3.0,2.0,1570,7200,1.0,0,0,4,1952,0,Shoreline
500324.0,3.0,2.5,2280,2289,2.0,0,0,3,2006,0,Issaquah
444845.0,3.0,2.5,1600,3573,2.0,0,0,3,2013,1923,Renton
330000.0,3.0,3.0,1680,1570,3.0,0,0,3,2014,0,Seattle
292285.714286,3.0,1.75,1890,13860,1.0,0,0,5,1966,0,Kent
160000.0,2.0,1.0,520,22334,1.0,0,0,2,1951,0,SeaTac
274333.333333,3.0,2.25,1780,191228,2.0,0,2,3,1988,2000,North Bend
537500.0,4.0,3.0,2920,33976,1.0,0,3,5,1964,0,Bellevue
232333.333333,3.0,2.25,2430,73151,1.0,0,0,3,1974,0,Renton
237333.333333,3.0,2.75,3010,1842,2.0,0,0,3,2011,0,Sammamish
346750.0,3.0,1.0,1620,30736,1.5,0,0,4,1911,1977,Bellevue
0.0,2.0,2.5,2200,188200,1.0,0,3,3,2007,0,Enumclaw
1020000.0,3.0,2.25,2950,78843,1.5,0,0,3,2006,0,Sammamish
0.0,4.0,2.25,2170,10500,1.0,0,2,4,1960,2001,Normandy Park
254000.0,3.0,1.5,1770,17208,1.0,0,0,3,1959,1989,Bellevue
238750.0,3.0,1.0,1830,8209,1.0,0,0,3,1942,1999,Kenmore
268971.875,4.0,2.5,2380,7066,2.0,0,0,4,1997,0,Kent
642000.0,4.0,2.5,2550,10000,1.0,0,0,3,1964,2000,Bellevue
571986.111111,3.0,2.5,3720,11610,2.0,0,0,3,1982,0,Sammamish
0.0,5.0,4.5,4630,6324,2.0,0,0,3,2006,0,Snoqualmie
0.0,5.0,4.0,4430,9000,2.0,0,0,3,2013,1923,Bellevue
554250.0,3.0,2.5,1490,1709,3.0,0,0,3,2004,2003,Seattle
0.0,4.0,4.5,5030,11023,2.0,0,2,3,2008,0,Mercer Island
0.0,4.0,1.5,2180,22870,1.0,0,0,4,1954,1975,Kent
107500.0,4.0,1.5,1590,131551,1.0,0,3,4,1966,0,Enumclaw
300000.0,3.0,2.0,1510,7066,1.0,0,2,3,1973,2013,Seattle
0.0,4.0,3.5,4210,10308,2.0,0,0,3,2006,0,Bellevue
540833.333333,3.0,2.0,1640,9972,1.0,0,0,4,1977,0,Sammamish
274750.0,4.0,2.5,1840,1562,2.0,0,0,3,2004,2003,Seattle
148612.5,3.0,1.0,1040,5000,1.0,0,0,3,1959,1989,Seattle
326428.571429,3.0,1.0,1250,4800,1.0,0,0,4,1951,1999,Seattle
0.0,5.0,3.25,3690,12353,2.0,0,0,5,1977,0,Lake Forest Park
135333.333333,4.0,1.0,1530,7200,1.5,0,0,3,1948,1994,Seattle
577437.5,4.0,2.5,2110,3750,2.0,0,0,3,2000,0,Seattle
440825.0,3.0,1.75,2150,4333,1.0,0,0,3,1956,2001,Seattle
195000.0,5.0,3.75,5340,10655,2.5,0,3,4,1912,1989,Seattle
257500.0,4.0,1.75,2420,7672,1.0,0,0,3,1979,2014,Issaquah
692000.0,4.0,3.25,5010,34460,2.0,0,0,3,1988,2000,Bellevue
176400.0,2.0,1.0,910,9612,1.0,0,0,4,1981,0,Renton
193000.0,3.0,1.5,2200,5000,1.5,0,0,3,1932,0,Seattle
646212.5,4.0,2.5,3430,64441,2.0,0,0,3,2013,1923,Woodinville
268971.875,4.0,2.5,1860,6687,1.0,0,0,4,1983,0,Kent
0.0,4.0,3.75,3300,4545,1.5,0,4,3,1926,1999,Seattle
317061.875,3.0,1.75,1280,10716,1.0,0,0,4,1969,0,Renton
83300.0,3.0,2.0,1490,7770,1.0,0,0,4,1990,0,Covington
0.0,5.0,2.25,2880,11965,2.0,0,0,4,1990,0,Covington
266066.666667,4.0,1.0,1310,5200,1.5,0,0,3,1945,2010,Seattle
342246.428571,4.0,2.5,1980,7403,2.0,0,0,3,1988,2000,Federal Way
0.0,5.0,2.25,2000,7900,1.0,0,0,4,1986,0,SeaTac
0.0,3.0,3.0,1860,7440,1.0,0,0,5,1954,0,Seattle
0.0,4.0,3.0,1990,6180,2.0,0,0,3,1990,2009,Federal Way
240015.333333,4.0,2.25,1720,8300,1.0,0,0,4,1973,0,Federal Way
83300.0,3.0,2.0,1370,78408,1.0,0,0,5,1964,0,Covington
316850.0,4.0,3.0,4060,35621,1.0,0,0,3,1989,0,Auburn
259585.571429,4.0,2.5,1960,9898,2.0,0,0,3,2001,0,Kent
328211.904762,4.0,2.5,1720,9600,1.0,0,0,3,1961,2004,Auburn
673476.818182,4.0,2.5,2740,12899,2.0,0,0,4,1990,0,Sammamish
0.0,4.0,1.0,1360,13372,1.0,0,0,3,1955,2005,Kenmore
425000.0,3.0,2.5,1870,5449,2.0,0,0,3,2003,0,Bothell
127160.0,2.0,1.0,720,4222,1.0,0,0,4,1942,1982,Renton
341750.0,3.0,2.25,2180,7741,2.0,0,0,3,1986,0,Sammamish
178650.0,3.0,1.5,1430,8960,1.0,0,0,4,1953,1983,Burien
87500.0,2.0,1.0,780,6685,1.0,0,0,4,1948,0,Auburn
282508.888889,3.0,1.0,1180,5002,1.5,0,0,3,1946,0,Shoreline
450385.714286,3.0,2.0,1300,3731,1.0,0,0,3,1993,0,Seattle
435000.0,4.0,3.0,4260,18000,2.0,0,2,3,2000,0,Mercer Island
532500.0,2.0,1.75,2050,11900,1.0,0,0,4,1950,1983,Bellevue
408900.0,3.0,1.75,2930,19876,1.0,0,0,3,1993,0,Woodinville
156766.666667,2.0,1.0,1500,4120,1.5,0,0,3,1928,1954,Renton
452500.0,5.0,3.5,5960,13703,2.0,0,2,3,1984,0,Bellevue
308830.769231,2.0,1.0,810,4800,1.0,0,0,3,1919,2001,Seattle
484991.666667,4.0,2.75,2320,4344,2.0,0,0,3,2012,1912,Renton
287919.782609,2.0,1.0,1090,5000,1.0,0,0,4,1942,1982,Seattle
247875.0,2.0,1.0,1000,4776,1.0,0,0,4,1942,1982,Seattle
309487.5,3.0,2.5,2260,19821,2.0,0,0,3,1994,0,Renton
173666.666667,4.0,1.0,1290,5000,1.5,0,0,3,1957,2000,Seattle
237481.25,3.0,2.0,2120,7560,1.0,0,0,3,1991,0,Renton
326983.333333,3.0,2.25,1490,4522,2.0,0,0,3,2009,0,Kenmore
790000.0,4.0,2.5,2310,5100,2.0,0,0,3,2013,1923,Seattle
0.0,1.0,1.0,720,6000,1.0,0,0,3,1940,1996,Seattle
678333.333333,3.0,2.5,1840,3035,1.0,0,0,3,1926,2003,Seattle
542804.75,5.0,2.75,2910,36250,1.0,0,0,3,1977,2004,Sammamish
723243.75,4.0,2.75,3270,12880,2.0,0,0,3,2014,0,Kirkland
667781.25,5.0,2.75,3040,10257,2.0,0,0,3,1993,0,Bellevue
108333.333333,3.0,1.0,1200,9936,1.0,0,0,4,1969,0,Maple Valley
0.0,5.0,2.75,2740,5616,1.5,0,0,5,1925,0,Seattle
535000.0,4.0,2.25,2290,5350,2.0,0,0,4,1958,1972,Seattle
596165.428571,4.0,2.0,2580,6000,1.0,0,0,5,1950,0,Seattle
269187.5,3.0,1.75,1590,27200,1.5,0,0,4,1926,1993,Maple Valley
148612.5,3.0,1.0,1040,6860,2.0,0,0,3,1942,1999,Seattle
0.0,3.0,1.0,1300,6710,1.0,0,0,4,1952,0,Mercer Island
0.0,5.0,2.5,2090,4698,2.0,0,0,3,1998,2006,Maple Valley
341166.666667,5.0,2.75,2670,3800,2.0,0,0,3,2014,0,Renton
132500.0,4.0,1.0,1540,115434,1.5,0,0,4,1923,0,Kent
557125.0,4.0,2.75,3370,12447,2.0,0,0,3,1991,0,Woodinville
228944.444444,3.0,1.75,1730,11325,1.0,0,0,5,1972,0,Kent
592105.714286,3.0,2.5,1640,29970,2.0,0,0,3,1992,0,Redmond
535000.0,4.0,2.25,2980,8051,1.5,0,2,4,1935,0,Seattle
420642.857143,3.0,2.0,1330,8100,1.0,0,0,4,1969,0,Kirkland
132250.0,4.0,2.25,2192,12128,2.0,0,0,3,2006,0,Kent
237227.857143,4.0,2.5,2068,7242,2.0,0,0,4,1976,1992,Auburn
440825.0,3.0,1.75,1980,6250,1.0,0,1,5,1910,0,Seattle
2560498.33333,3.0,2.5,1710,1664,2.0,0,0,5,2003,0,Seattle
423050.925926,2.0,1.0,890,4590,1.0,0,0,3,1923,1998,Seattle
1337044.2,4.0,3.5,4280,9583,2.0,0,0,3,2005,0,Bellevue
315368.7,3.0,2.5,3080,12476,2.0,0,0,3,1990,2009,Maple Valley
417985.714286,4.0,2.25,2070,7500,2.0,0,0,4,1977,0,Kirkland
723243.75,4.0,2.75,3010,7215,2.0,0,0,3,2014,0,Kirkland
259950.0,4.0,2.0,2030,9300,1.0,0,0,4,1976,1992,Redmond
0.0,4.0,3.75,4060,19290,2.0,0,0,3,2002,0,Sammamish
237333.333333,3.0,2.75,2340,16500,1.0,0,0,4,1972,0,Sammamish
426090.0,3.0,2.5,2340,5957,2.0,0,0,3,1995,0,Kenmore
458663.888889,2.0,1.0,1470,7137,1.0,0,0,3,1941,1994,Seattle
812650.0,4.0,2.5,3700,21755,1.0,0,4,3,1988,2000,Bellevue
135333.333333,4.0,1.0,1200,7200,1.5,0,0,3,1944,0,Seattle
0.0,5.0,2.75,2910,53898,1.0,0,0,5,1979,0,Woodinville
0.0,5.0,2.0,1910,7200,1.0,0,0,4,1951,1999,Seattle
0.0,3.0,2.5,2880,13500,1.0,0,4,5,1950,0,Clyde Hill
0.0,5.0,2.75,3240,6863,2.0,0,0,3,2013,1923,Renton
387884.615385,3.0,1.75,1590,8219,1.5,0,0,5,1938,0,Kirkland
437500.0,5.0,3.5,3690,11928,2.0,0,0,3,2006,0,Sammamish
641633.333333,3.0,2.5,2480,5137,2.0,0,0,3,2000,0,Redmond
681965.78125,4.0,2.5,2683,40386,2.0,0,0,4,1987,0,Redmond
229629.5,2.0,1.0,1100,8281,1.0,0,0,4,1947,1988,Shoreline
0.0,4.0,1.0,2080,3500,1.5,0,0,5,1926,0,Seattle
210614.285714,3.0,2.5,2210,10119,1.0,0,0,4,1966,0,Kent
790000.0,4.0,3.25,2420,4000,1.5,0,0,5,1911,1984,Seattle
435500.0,3.0,3.5,1240,1666,2.0,0,0,3,2008,0,Seattle
738190.857143,3.0,2.5,2300,3060,1.5,0,0,3,1930,2002,Seattle
497333.333333,3.0,1.75,1760,12874,1.0,0,0,4,1967,0,Bellevue
300000.0,3.0,2.0,2020,8555,1.0,0,0,4,1957,2001,Seattle
1036200.0,4.0,3.25,2500,5801,1.5,0,0,3,1926,2003,Seattle
163785.714286,2.0,1.0,760,5500,1.5,0,0,3,1947,2012,Seattle
351250.0,4.0,1.75,1580,5340,1.0,0,0,3,1947,2012,Seattle
645325.0,3.0,2.5,2670,10481,2.0,0,0,3,2003,0,Kirkland
171224.8,3.0,1.0,1140,8366,1.0,0,0,5,1943,0,Renton
0.0,5.0,3.75,3870,8225,2.0,0,0,3,1998,2006,Sammamish
540000.0,3.0,2.75,2750,18029,1.0,0,2,5,1978,0,Bellevue
233166.666667,3.0,2.0,1570,7000,2.0,0,2,4,1971,0,Seattle
329333.333333,3.0,1.75,1160,22470,1.0,0,0,4,1976,1992,Kenmore
225279.428571,3.0,2.25,2110,7665,1.0,0,0,4,1973,0,Federal Way
331366.666667,3.0,2.5,1270,2509,2.0,0,0,3,2004,2003,Seattle
460886.923077,4.0,2.5,3250,4500,2.0,0,0,3,2009,0,Renton
337945.75,2.0,1.0,940,9839,1.0,0,0,3,1910,2006,Seattle
0.0,4.0,1.5,2310,68824,2.0,0,0,4,1968,0,Black Diamond
243069.230769,3.0,1.0,1130,12519,1.0,0,0,3,1958,2004,Renton
0.0,6.0,3.0,3020,13783,2.0,0,0,3,1952,2002,Mercer Island
690408.62069,4.0,2.5,3210,14910,2.0,0,0,3,1995,0,Sammamish
592105.714286,3.0,2.5,2650,40705,2.0,0,0,3,1994,0,Redmond
220083.333333,3.0,1.75,1150,8079,1.0,0,0,4,1983,0,Kent
280000.0,3.0,3.0,3910,19023,2.0,0,0,3,1985,0,Carnation
297857.142857,4.0,2.5,3490,5000,2.0,0,0,3,2003,0,Covington
950833.333333,5.0,3.0,3330,19126,2.0,0,0,4,1977,0,Mercer Island
323833.333333,4.0,1.0,1940,5753,1.5,0,0,3,1947,2012,Seattle
309000.0,3.0,2.5,1800,2700,2.0,0,0,3,2011,0,Seattle
248400.0,3.0,1.75,1880,11249,1.0,0,0,3,1985,0,Auburn
994500.0,4.0,2.25,2870,6280,1.5,0,0,4,1905,0,Seattle
0.0,4.0,2.5,1960,11600,1.0,0,0,5,1931,0,Auburn
0.0,4.0,1.0,1810,7500,1.0,0,0,2,1959,0,Seattle
0.0,2.0,2.25,1490,6770,1.5,0,0,3,1926,2003,Seattle
0.0,3.0,4.5,5230,17826,2.0,1,4,3,2005,0,Mercer Island
288500.0,5.0,2.5,3390,9760,1.0,0,0,5,1978,0,Renton
379509.166667,2.0,1.0,880,6413,1.0,0,0,3,1950,2005,Seattle
180785.714286,2.0,1.0,2550,21675,1.0,0,1,4,1958,1972,Des Moines
950100.0,4.0,2.5,3160,13194,2.0,0,0,5,1965,0,Mercer Island
0.0,4.0,5.0,4550,18641,1.0,1,4,3,2002,0,Sammamish
542500.0,5.0,2.75,3831,13800,2.0,1,4,3,1959,1980,Mercer Island
362750.0,2.0,1.75,1240,3000,1.5,0,0,3,1906,2014,Seattle
234975.0,4.0,2.75,2520,14021,2.0,0,0,3,1999,0,Duvall
672500.0,4.0,2.25,2420,10200,2.0,0,0,4,1973,0,Mercer Island
391400.0,4.0,1.75,1250,7400,1.0,0,0,5,1959,0,Bellevue
0.0,3.0,2.75,1310,7300,1.0,0,0,3,1957,2000,Bellevue
198995.0,3.0,1.0,1410,8053,1.0,0,0,4,1951,1999,Seattle
278900.0,3.0,1.0,990,9798,1.0,0,0,3,1968,1997,Woodinville
171758.333333,3.0,1.0,1000,8512,1.0,0,0,3,1991,0,Enumclaw
325187.5,3.0,1.75,2000,7560,1.0,0,0,4,1968,0,Renton
190368.75,2.0,1.0,1120,5650,1.0,0,0,3,1944,0,Seattle
375000.0,5.0,3.25,3370,7947,2.0,0,0,3,2001,0,Kirkland
216000.0,3.0,2.75,2210,4000,2.0,0,0,3,2008,0,Redmond
0.0,5.0,3.5,2640,6895,2.0,0,0,3,2001,0,Snoqualmie
360500.0,3.0,2.5,1150,887,3.0,0,0,3,2007,0,Seattle
677099.565217,4.0,2.5,2150,27540,2.0,0,0,3,1997,0,Redmond
405125.0,4.0,2.75,4230,31747,2.0,0,0,4,1985,0,Woodinville
289987.5,3.0,1.75,1570,15330,1.0,0,0,3,1956,2001,Burien
264270.0,3.0,2.5,1630,7700,1.0,0,0,3,1978,0,Kent
602761.0,4.0,2.5,2770,10274,2.0,0,0,3,1989,0,Issaquah
251555.555556,3.0,1.0,1750,7800,1.0,0,0,4,1956,0,Burien
214750.0,3.0,1.5,1090,8160,1.0,0,0,3,1967,2014,Renton
258125.0,2.0,1.0,930,7740,1.0,0,0,3,1924,2011,Seattle
0.0,4.0,2.0,2100,4857,2.0,0,0,3,1965,1984,Lake Forest Park
677099.565217,4.0,2.5,2540,38677,2.0,0,0,3,1987,2000,Redmond
0.0,2.0,1.0,810,8424,1.0,0,0,4,1959,0,Federal Way
0.0,2.0,1.5,1520,8040,1.0,0,0,5,1951,0,Seattle
167500.0,1.0,1.0,690,1950,1.0,0,0,3,1928,1954,Seattle
471500.0,4.0,3.0,2370,3672,1.5,0,0,5,1916,0,Seattle
0.0,4.0,4.25,3500,8750,1.0,0,4,5,1951,0,Seattle
464600.0,2.0,1.0,840,3400,1.0,0,2,4,1924,0,Seattle
132250.0,4.0,2.25,1830,8734,2.0,0,0,4,1991,0,Kent
433111.111111,3.0,2.25,1370,1524,3.0,0,0,3,2005,0,Seattle
542500.0,5.0,2.75,2520,16100,1.0,0,3,4,1960,2001,Mercer Island
0.0,2.0,2.25,2130,4920,1.5,0,4,4,1941,1998,Seattle
368112.5,4.0,2.5,2590,8483,2.0,0,0,3,1991,0,Bothell
673476.818182,4.0,2.5,1820,20011,2.0,0,0,3,1987,2000,Sammamish
558653.846154,3.0,2.5,1530,3210,1.5,0,0,5,1928,1970,Seattle
0.0,4.0,2.5,4080,18362,2.0,0,2,4,1983,0,Clyde Hill
168333.333333,2.0,1.0,1050,6600,1.5,0,0,3,1964,2000,Burien
268971.875,4.0,2.5,1954,4805,2.0,0,0,3,2005,0,Kent
318000.0,2.0,1.75,1530,3503,1.0,0,1,4,1916,0,Seattle
550607.142857,4.0,2.0,1660,4800,1.5,0,0,3,1922,2008,Seattle
1288333.33333,6.0,4.5,3830,4800,3.0,0,0,3,1919,2004,Seattle
584000.0,3.0,1.75,1490,1036,2.0,0,0,3,2008,0,Seattle
0.0,3.0,1.0,1520,9030,1.0,0,0,3,1956,2001,Bellevue
0.0,5.0,6.25,8020,21738,2.0,0,0,3,2001,0,Bellevue
245000.0,3.0,3.0,2470,7410,2.0,0,0,5,1977,0,Seattle
287919.782609,2.0,1.0,870,4600,1.0,0,0,4,1942,1982,Seattle
672500.0,4.0,2.25,2110,12653,2.0,0,0,4,1972,0,Mercer Island
454790.0,2.0,1.75,1990,4000,1.0,0,0,5,1952,1998,Seattle
282508.888889,3.0,1.0,1560,7552,1.0,0,0,4,1948,0,Shoreline
473200.0,3.0,1.5,1740,4200,1.5,0,0,4,1920,0,Seattle
406062.5,2.0,1.0,1290,4650,1.0,0,0,4,1906,1990,Seattle
282766.666667,4.0,2.0,1700,8640,1.0,0,0,3,1955,2010,Bellevue
486445.833333,3.0,1.75,1880,10032,1.0,0,0,4,1984,0,Bellevue
486895.0,3.0,1.0,1890,3330,1.5,0,0,4,1901,0,Seattle
430277.777778,3.0,2.25,1620,1075,3.0,0,0,3,2009,0,Issaquah
229629.5,2.0,1.0,770,8149,1.0,0,0,3,1948,1994,Shoreline
0.0,4.0,2.25,2890,18226,3.0,1,4,3,1984,0,Renton
182805.0,3.0,1.0,1040,8892,1.0,0,0,4,1958,1972,Federal Way
380680.555556,4.0,2.5,2620,8331,2.0,0,0,3,1991,0,Renton
396166.666667,3.0,1.75,1880,5752,1.0,0,0,4,1945,0,Seattle
252980.0,4.0,2.5,2530,8169,2.0,0,0,3,1993,0,Federal Way
289373.307692,3.0,2.5,2538,4600,2.0,0,0,3,2013,1923,Auburn
210614.285714,3.0,2.5,1610,7223,2.0,0,0,3,1994,0,Kent
308166.666667,3.0,1.75,1510,6360,1.0,0,0,4,1954,1979,Seattle
534333.333333,3.0,2.5,1460,7573,2.0,0,0,3,1983,2009,Bellevue
416904.166667,3.0,2.5,3010,7014,2.0,0,0,3,2009,0,Renton
203400.0,4.0,2.0,2090,6630,1.0,0,0,3,1974,0,Seattle
220600.0,3.0,2.5,1490,8102,2.0,0,0,4,1990,0,Covington
